Fecha,M2/M1,M3/M1,M4/M1,M5/M1,M6/M1,M7/M1,M8/M1,M3/M2,M4/M2,M5/M2,M6/M2,M7/M2,M8/M2,M4/M3,M5/M3,M6/M3,M7/M3,M8/M3,M5/M4,M6/M4,M7/M4,M8/M4,M6/M5,M7/M5,M8/M5,M7/M6,M8/M6,M8/M7
2007-04-02,,,,,,,,,,,,,,,,,,,,,,,,,,,,
2007-04-03,,,,,,,,,,,,,,,,,,,,,,,,,,,,
2007-04-04,,,,,,,,,,,,,,,,,,,,,,,,,,,,
2007-04-05,,,,,,,,,,,,,,,,,,,,,,,,,,,,
2007-04-09,,,,,,,,,,,,,,,,,,,,,,,,,,,,
2007-04-10,,,,,,,,,,,,,,,,,,,,,,,,,,,,
2007-04-11,,,,,,,,,,,,,,,,,,,,,,,,,,,,
2007-04-12,,,,,,,,,,,,,,,,,,,,,,,,,,,,
2007-04-13,,,,,,,,,,,,,,,,,,,,,,,,,,,,
2007-04-16,,,,,,,,,,,,,,,,,,,,,,,,,,,,
2007-04-17,,,,,,,,,,,,,,,,,,,,,,,,,,,,
2007-04-18,,,,,,,,,,,,,,,,,,,,,,,,,,,,
2007-04-19,,,,,,,,,,,,,,,,,,,,,,,,,,,,
2007-04-20,,,,,,,,,,,,,,,,,,,,,,,,,,,,
2007-04-23,,,,,,,,,,,,,,,,,,,,,,,,,,,,
2007-04-24,,,,,,,,,,,,,,,,,,,,,,,,,,,,
2007-04-25,,,,,,,,,,,,,,,,,,,,,,,,,,,,
2007-04-26,,,,,,,,,,,,,,,,,,,,,,,,,,,,
2007-04-27,,,,,,,,,,,,,,,,,,,,,,,,,,,,
2007-04-30,,,,,,,,,,,,,,,,,,,,,,,,,,,,
2007-05-01,,,,,,,,,,,,,,,,,,,,,,,,,,,,
2007-05-02,,,,,,,,,,,,,,,,,,,,,,,,,,,,
2007-05-03,,,,,,,,,,,,,,,,,,,,,,,,,,,,
2007-05-04,,,,,,,,,,,,,,,,,,,,,,,,,,,,
2007-05-07,,,,,,,,,,,,,,,,,,,,,,,,,,,,
2007-05-08,,,,,,,,,,,,,,,,,,,,,,,,,,,,
2007-05-09,,,,,,,,,,,,,,,,,,,,,,,,,,,,
2007-05-10,,,,,,,,,,,,,,,,,,,,,,,,,,,,
2007-05-11,,,,,,,,,,,,,,,,,,,,,,,,,,,,
2007-05-14,,,,,,,,,,,,,,,,,,,,,,,,,,,,
2007-05-15,,,,,,,,,,,,,,,,,,,,,,,,,,,,
2007-05-16,,,,,,,,,,,,,,,,,,,,,,,,,,,,
2007-05-17,,,,,,,,,,,,,,,,,,,,,,,,,,,,
2007-05-18,,,,,,,,,,,,,,,,,,,,,,,,,,,,
2007-05-21,,,,,,,,,,,,,,,,,,,,,,,,,,,,
2007-05-22,,,,,,,,,,,,,,,,,,,,,,,,,,,,
2007-05-23,,,,,,,,,,,,,,,,,,,,,,,,,,,,
2007-05-24,,,,,,,,,,,,,,,,,,,,,,,,,,,,
2007-05-25,,,,,,,,,,,,,,,,,,,,,,,,,,,,
2007-05-29,,,,,,,,,,,,,,,,,,,,,,,,,,,,
2007-05-30,,,,,,,,,,,,,,,,,,,,,,,,,,,,
2007-05-31,,,,,,,,,,,,,,,,,,,,,,,,,,,,
2007-06-01,,,,,,,,,,,,,,,,,,,,,,,,,,,,
2007-06-04,,,,,,,,,,,,,,,,,,,,,,,,,,,,
2007-06-05,,,,,,,,,,,,,,,,,,,,,,,,,,,,
2007-06-06,,,,,,,,,,,,,,,,,,,,,,,,,,,,
2007-06-07,,,,,,,,,,,,,,,,,,,,,,,,,,,,
2007-06-08,,,,,,,,,,,,,,,,,,,,,,,,,,,,
2007-06-11,,,,,,,,,,,,,,,,,,,,,,,,,,,,
2007-06-12,,,,,,,,,,,,,,,,,,,,,,,,,,,,
2007-06-13,,,,,,,,,,,,,,,,,,,,,,,,,,,,
2007-06-14,,,,,,,,,,,,,,,,,,,,,,,,,,,,
2007-06-15,,,,,,,,,,,,,,,,,,,,,,,,,,,,
2007-06-18,,,,,,,,,,,,,,,,,,,,,,,,,,,,
2007-06-19,,,,,,,,,,,,,,,,,,,,,,,,,,,,
2007-06-20,,,,,,,,,,,,,,,,,,,,,,,,,,,,
2007-06-21,,,,,,,,,,,,,,,,,,,,,,,,,,,,
2007-06-22,,,,,,,,,,,,,,,,,,,,,,,,,,,,
2007-06-25,,,,,,,,,,,,,,,,,,,,,,,,,,,,
2007-06-26,,,,,,,,,,,,,,,,,,,,,,,,,,,,
2007-06-27,,,,,,,,,,,,,,,,,,,,,,,,,,,,
2007-06-28,,,,,,,,,,,,,,,,,,,,,,,,,,,,
2007-06-29,,,,,,,,,,,,,,,,,,,,,,,,,,,,
2007-07-02,,,,,,,,,,,,,,,,,,,,,,,,,,,,
2007-07-03,,,,,,,,,,,,,,,,,,,,,,,,,,,,
2007-07-05,,,,,,,,,,,,,,,,,,,,,,,,,,,,
2007-07-06,,,,,,,,,,,,,,,,,,,,,,,,,,,,
2007-07-09,,,,,,,,,,,,,,,,,,,,,,,,,,,,
2007-07-10,,,,,,,,,,,,,,,,,,,,,,,,,,,,
2007-07-11,,,,,,,,,,,,,,,,,,,,,,,,,,,,
2007-07-12,,,,,,,,,,,,,,,,,,,,,,,,,,,,
2007-07-13,,,,,,,,,,,,,,,,,,,,,,,,,,,,
2007-07-16,,,,,,,,,,,,,,,,,,,,,,,,,,,,
2007-07-17,,,,,,,,,,,,,,,,,,,,,,,,,,,,
2007-07-18,,,,,,,,,,,,,,,,,,,,,,,,,,,,
2007-07-19,,,,,,,,,,,,,,,,,,,,,,,,,,,,
2007-07-20,,,,,,,,,,,,,,,,,,,,,,,,,,,,
2007-07-23,,,,,,,,,,,,,,,,,,,,,,,,,,,,
2007-07-24,,,,,,,,,,,,,,,,,,,,,,,,,,,,
2007-07-25,,,,,,,,,,,,,,,,,,,,,,,,,,,,
2007-07-26,,,,,,,,,,,,,,,,,,,,,,,,,,,,
2007-07-27,,,,,,,,,,,,,,,,,,,,,,,,,,,,
2007-07-30,,,,,,,,,,,,,,,,,,,,,,,,,,,,
2007-07-31,,,,,,,,,,,,,,,,,,,,,,,,,,,,
2007-08-01,,,,,,,,,,,,,,,,,,,,,,,,,,,,
2007-08-02,,,,,,,,,,,,,,,,,,,,,,,,,,,,
2007-08-03,,,,,,,,,,,,,,,,,,,,,,,,,,,,
2007-08-06,,,,,,,,,,,,,,,,,,,,,,,,,,,,
2007-08-07,,,,,,,,,,,,,,,,,,,,,,,,,,,,
2007-08-08,,,,,,,,,,,,,,,,,,,,,,,,,,,,
2007-08-09,,,,,,,,,,,,,,,,,,,,,,,,,,,,
2007-08-10,,,,,,,,,,,,,,,,,,,,,,,,,,,,
2007-08-13,,,,,,,,,,,,,,,,,,,,,,,,,,,,
2007-08-14,,,,,,,,,,,,,,,,,,,,,,,,,,,,
2007-08-15,,,,,,,,,,,,,,,,,,,,,,,,,,,,
2007-08-16,,,,,,,,,,,,,,,,,,,,,,,,,,,,
2007-08-17,,,,,,,,,,,,,,,,,,,,,,,,,,,,
2007-08-20,,,,,,,,,,,,,,,,,,,,,,,,,,,,
2007-08-21,,,,,,,,,,,,,,,,,,,,,,,,,,,,
2007-08-22,,,,,,,,,,,,,,,,,,,,,,,,,,,,
2007-08-23,,,,,,,,,,,,,,,,,,,,,,,,,,,,
2007-08-24,,,,,,,,,,,,,,,,,,,,,,,,,,,,
2007-08-27,,,,,,,,,,,,,,,,,,,,,,,,,,,,
2007-08-28,,,,,,,,,,,,,,,,,,,,,,,,,,,,
2007-08-29,,,,,,,,,,,,,,,,,,,,,,,,,,,,
2007-08-30,,,,,,,,,,,,,,,,,,,,,,,,,,,,
2007-08-31,,,,,,,,,,,,,,,,,,,,,,,,,,,,
2007-09-04,,,,,,,,,,,,,,,,,,,,,,,,,,,,
2007-09-05,,,,,,,,,,,,,,,,,,,,,,,,,,,,
2007-09-06,,,,,,,,,,,,,,,,,,,,,,,,,,,,
2007-09-07,,,,,,,,,,,,,,,,,,,,,,,,,,,,
2007-09-10,,,,,,,,,,,,,,,,,,,,,,,,,,,,
2007-09-11,,,,,,,,,,,,,,,,,,,,,,,,,,,,
2007-09-12,,,,,,,,,,,,,,,,,,,,,,,,,,,,
2007-09-13,,,,,,,,,,,,,,,,,,,,,,,,,,,,
2007-09-14,,,,,,,,,,,,,,,,,,,,,,,,,,,,
2007-09-17,,,,,,,,,,,,,,,,,,,,,,,,,,,,
2007-09-18,,,,,,,,,,,,,,,,,,,,,,,,,,,,
2007-09-19,,,,,,,,,,,,,,,,,,,,,,,,,,,,
2007-09-20,,,,,,,,,,,,,,,,,,,,,,,,,,,,
2007-09-21,,,,,,,,,,,,,,,,,,,,,,,,,,,,
2007-09-24,,,,,,,,,,,,,,,,,,,,,,,,,,,,
2007-09-25,,,,,,,,,,,,,,,,,,,,,,,,,,,,
2007-09-26,,,,,,,,,,,,,,,,,,,,,,,,,,,,
2007-09-27,,,,,,,,,,,,,,,,,,,,,,,,,,,,
2007-09-28,,,,,,,,,,,,,,,,,,,,,,,,,,,,
2007-10-01,,,,,,,,,,,,,,,,,,,,,,,,,,,,
2007-10-02,,,,,,,,,,,,,,,,,,,,,,,,,,,,
2007-10-03,,,,,,,,,,,,,,,,,,,,,,,,,,,,
2007-10-04,,,,,,,,,,,,,,,,,,,,,,,,,,,,
2007-10-05,,,,,,,,,,,,,,,,,,,,,,,,,,,,
2007-10-08,,,,,,,,,,,,,,,,,,,,,,,,,,,,
2007-10-09,,,,,,,,,,,,,,,,,,,,,,,,,,,,
2007-10-10,,,,,,,,,,,,,,,,,,,,,,,,,,,,
2007-10-11,,,,,,,,,,,,,,,,,,,,,,,,,,,,
2007-10-12,,,,,,,,,,,,,,,,,,,,,,,,,,,,
2007-10-15,,,,,,,,,,,,,,,,,,,,,,,,,,,,
2007-10-16,,,,,,,,,,,,,,,,,,,,,,,,,,,,
2007-10-17,,,,,,,,,,,,,,,,,,,,,,,,,,,,
2007-10-18,,,,,,,,,,,,,,,,,,,,,,,,,,,,
2007-10-19,,,,,,,,,,,,,,,,,,,,,,,,,,,,
2007-10-22,,,,,,,,,,,,,,,,,,,,,,,,,,,,
2007-10-23,,,,,,,,,,,,,,,,,,,,,,,,,,,,
2007-10-24,,,,,,,,,,,,,,,,,,,,,,,,,,,,
2007-10-25,,,,,,,,,,,,,,,,,,,,,,,,,,,,
2007-10-26,,,,,,,,,,,,,,,,,,,,,,,,,,,,
2007-10-29,,,,,,,,,,,,,,,,,,,,,,,,,,,,
2007-10-30,,,,,,,,,,,,,,,,,,,,,,,,,,,,
2007-10-31,,,,,,,,,,,,,,,,,,,,,,,,,,,,
2007-11-01,,,,,,,,,,,,,,,,,,,,,,,,,,,,
2007-11-02,,,,,,,,,,,,,,,,,,,,,,,,,,,,
2007-11-05,,,,,,,,,,,,,,,,,,,,,,,,,,,,
2007-11-06,,,,,,,,,,,,,,,,,,,,,,,,,,,,
2007-11-07,,,,,,,,,,,,,,,,,,,,,,,,,,,,
2007-11-08,,,,,,,,,,,,,,,,,,,,,,,,,,,,
2007-11-09,,,,,,,,,,,,,,,,,,,,,,,,,,,,
2007-11-12,,,,,,,,,,,,,,,,,,,,,,,,,,,,
2007-11-13,,,,,,,,,,,,,,,,,,,,,,,,,,,,
2007-11-14,,,,,,,,,,,,,,,,,,,,,,,,,,,,
2007-11-15,,,,,,,,,,,,,,,,,,,,,,,,,,,,
2007-11-16,,,,,,,,,,,,,,,,,,,,,,,,,,,,
2007-11-19,,,,,,,,,,,,,,,,,,,,,,,,,,,,
2007-11-20,,,,,,,,,,,,,,,,,,,,,,,,,,,,
2007-11-21,,,,,,,,,,,,,,,,,,,,,,,,,,,,
2007-11-23,,,,,,,,,,,,,,,,,,,,,,,,,,,,
2007-11-26,,,,,,,,,,,,,,,,,,,,,,,,,,,,
2007-11-27,,,,,,,,,,,,,,,,,,,,,,,,,,,,
2007-11-28,,,,,,,,,,,,,,,,,,,,,,,,,,,,
2007-11-29,,,,,,,,,,,,,,,,,,,,,,,,,,,,
2007-11-30,,,,,,,,,,,,,,,,,,,,,,,,,,,,
2007-12-03,,,,,,,,,,,,,,,,,,,,,,,,,,,,
2007-12-04,,,,,,,,,,,,,,,,,,,,,,,,,,,,
2007-12-05,,,,,,,,,,,,,,,,,,,,,,,,,,,,
2007-12-06,,,,,,,,,,,,,,,,,,,,,,,,,,,,
2007-12-07,,,,,,,,,,,,,,,,,,,,,,,,,,,,
2007-12-10,,,,,,,,,,,,,,,,,,,,,,,,,,,,
2007-12-11,,,,,,,,,,,,,,,,,,,,,,,,,,,,
2007-12-12,,,,,,,,,,,,,,,,,,,,,,,,,,,,
2007-12-13,,,,,,,,,,,,,,,,,,,,,,,,,,,,
2007-12-14,,,,,,,,,,,,,,,,,,,,,,,,,,,,
2007-12-17,,,,,,,,,,,,,,,,,,,,,,,,,,,,
2007-12-18,,,,,,,,,,,,,,,,,,,,,,,,,,,,
2007-12-19,,,,,,,,,,,,,,,,,,,,,,,,,,,,
2007-12-20,,,,,,,,,,,,,,,,,,,,,,,,,,,,
2007-12-21,,,,,,,,,,,,,,,,,,,,,,,,,,,,
2007-12-24,,,,,,,,,,,,,,,,,,,,,,,,,,,,
2007-12-26,,,,,,,,,,,,,,,,,,,,,,,,,,,,
2007-12-27,,,,,,,,,,,,,,,,,,,,,,,,,,,,
2007-12-28,,,,,,,,,,,,,,,,,,,,,,,,,,,,
2007-12-31,,,,,,,,,,,,,,,,,,,,,,,,,,,,
2008-01-02,,,,,,,,,,,,,,,,,,,,,,,,,,,,
2008-01-03,,,,,,,,,,,,,,,,,,,,,,,,,,,,
2008-01-04,,,,,,,,,,,,,,,,,,,,,,,,,,,,
2008-01-07,,,,,,,,,,,,,,,,,,,,,,,,,,,,
2008-01-08,,,,,,,,,,,,,,,,,,,,,,,,,,,,
2008-01-09,,,,,,,,,,,,,,,,,,,,,,,,,,,,
2008-01-10,,,,,,,,,,,,,,,,,,,,,,,,,,,,
2008-01-11,,,,,,,,,,,,,,,,,,,,,,,,,,,,
2008-01-14,,,,,,,,,,,,,,,,,,,,,,,,,,,,
2008-01-15,,,,,,,,,,,,,,,,,,,,,,,,,,,,
2008-01-16,,,,,,,,,,,,,,,,,,,,,,,,,,,,
2008-01-17,,,,,,,,,,,,,,,,,,,,,,,,,,,,
2008-01-18,,,,,,,,,,,,,,,,,,,,,,,,,,,,
2008-01-22,,,,,,,,,,,,,,,,,,,,,,,,,,,,
2008-01-23,,,,,,,,,,,,,,,,,,,,,,,,,,,,
2008-01-24,,,,,,,,,,,,,,,,,,,,,,,,,,,,
2008-01-25,,,,,,,,,,,,,,,,,,,,,,,,,,,,
2008-01-28,,,,,,,,,,,,,,,,,,,,,,,,,,,,
2008-01-29,,,,,,,,,,,,,,,,,,,,,,,,,,,,
2008-01-30,,,,,,,,,,,,,,,,,,,,,,,,,,,,
2008-01-31,,,,,,,,,,,,,,,,,,,,,,,,,,,,
2008-02-01,,,,,,,,,,,,,,,,,,,,,,,,,,,,
2008-02-04,,,,,,,,,,,,,,,,,,,,,,,,,,,,
2008-02-05,,,,,,,,,,,,,,,,,,,,,,,,,,,,
2008-02-06,,,,,,,,,,,,,,,,,,,,,,,,,,,,
2008-02-07,,,,,,,,,,,,,,,,,,,,,,,,,,,,
2008-02-08,,,,,,,,,,,,,,,,,,,,,,,,,,,,
2008-02-11,,,,,,,,,,,,,,,,,,,,,,,,,,,,
2008-02-12,,,,,,,,,,,,,,,,,,,,,,,,,,,,
2008-02-13,,,,,,,,,,,,,,,,,,,,,,,,,,,,
2008-02-14,,,,,,,,,,,,,,,,,,,,,,,,,,,,
2008-02-15,,,,,,,,,,,,,,,,,,,,,,,,,,,,
2008-02-19,,,,,,,,,,,,,,,,,,,,,,,,,,,,
2008-02-20,,,,,,,,,,,,,,,,,,,,,,,,,,,,
2008-02-21,,,,,,,,,,,,,,,,,,,,,,,,,,,,
2008-02-22,,,,,,,,,,,,,,,,,,,,,,,,,,,,
2008-02-25,,,,,,,,,,,,,,,,,,,,,,,,,,,,
2008-02-26,,,,,,,,,,,,,,,,,,,,,,,,,,,,
2008-02-27,,,,,,,,,,,,,,,,,,,,,,,,,,,,
2008-02-28,,,,,,,,,,,,,,,,,,,,,,,,,,,,
2008-02-29,,,,,,,,,,,,,,,,,,,,,,,,,,,,
2008-03-03,,,,,,,,,,,,,,,,,,,,,,,,,,,,
2008-03-04,,,,,,,,,,,,,,,,,,,,,,,,,,,,
2008-03-05,,,,,,,,,,,,,,,,,,,,,,,,,,,,
2008-03-06,,,,,,,,,,,,,,,,,,,,,,,,,,,,
2008-03-07,,,,,,,,,,,,,,,,,,,,,,,,,,,,
2008-03-10,,,,,,,,,,,,,,,,,,,,,,,,,,,,
2008-03-11,,,,,,,,,,,,,,,,,,,,,,,,,,,,
2008-03-12,,,,,,,,,,,,,,,,,,,,,,,,,,,,
2008-03-13,,,,,,,,,,,,,,,,,,,,,,,,,,,,
2008-03-14,,,,,,,,,,,,,,,,,,,,,,,,,,,,
2008-03-17,,,,,,,,,,,,,,,,,,,,,,,,,,,,
2008-03-18,,,,,,,,,,,,,,,,,,,,,,,,,,,,
2008-03-19,,,,,,,,,,,,,,,,,,,,,,,,,,,,
2008-03-20,,,,,,,,,,,,,,,,,,,,,,,,,,,,
2008-03-24,,,,,,,,,,,,,,,,,,,,,,,,,,,,
2008-03-25,,,,,,,,,,,,,,,,,,,,,,,,,,,,
2008-03-26,,,,,,,,,,,,,,,,,,,,,,,,,,,,
2008-03-27,,,,,,,,,,,,,,,,,,,,,,,,,,,,
2008-03-28,,,,,,,,,,,,,,,,,,,,,,,,,,,,
2008-03-31,,,,,,,,,,,,,,,,,,,,,,,,,,,,
2008-04-01,,,,,,,,,,,,,,,,,,,,,,,,,,,,
2008-04-02,,,,,,,,,,,,,,,,,,,,,,,,,,,,
2008-04-03,,,,,,,,,,,,,,,,,,,,,,,,,,,,
2008-04-04,,,,,,,,,,,,,,,,,,,,,,,,,,,,
2008-04-07,,,,,,,,,,,,,,,,,,,,,,,,,,,,
2008-04-08,,,,,,,,,,,,,,,,,,,,,,,,,,,,
2008-04-09,,,,,,,,,,,,,,,,,,,,,,,,,,,,
2008-04-10,,,,,,,,,,,,,,,,,,,,,,,,,,,,
2008-04-11,,,,,,,,,,,,,,,,,,,,,,,,,,,,
2008-04-14,,,,,,,,,,,,,,,,,,,,,,,,,,,,
2008-04-15,,,,,,,,,,,,,,,,,,,,,,,,,,,,
2008-04-16,,,,,,,,,,,,,,,,,,,,,,,,,,,,
2008-04-17,,,,,,,,,,,,,,,,,,,,,,,,,,,,
2008-04-18,,,,,,,,,,,,,,,,,,,,,,,,,,,,
2008-04-21,,,,,,,,,,,,,,,,,,,,,,,,,,,,
2008-04-22,,,,,,,,,,,,,,,,,,,,,,,,,,,,
2008-04-23,,,,,,,,,,,,,,,,,,,,,,,,,,,,
2008-04-24,,,,,,,,,,,,,,,,,,,,,,,,,,,,
2008-04-25,,,,,,,,,,,,,,,,,,,,,,,,,,,,
2008-04-28,,,,,,,,,,,,,,,,,,,,,,,,,,,,
2008-04-29,,,,,,,,,,,,,,,,,,,,,,,,,,,,
2008-04-30,,,,,,,,,,,,,,,,,,,,,,,,,,,,
2008-05-01,,,,,,,,,,,,,,,,,,,,,,,,,,,,
2008-05-02,,,,,,,,,,,,,,,,,,,,,,,,,,,,
2008-05-05,,,,,,,,,,,,,,,,,,,,,,,,,,,,
2008-05-06,,,,,,,,,,,,,,,,,,,,,,,,,,,,
2008-05-07,,,,,,,,,,,,,,,,,,,,,,,,,,,,
2008-05-08,,,,,,,,,,,,,,,,,,,,,,,,,,,,
2008-05-09,,,,,,,,,,,,,,,,,,,,,,,,,,,,
2008-05-12,,,,,,,,,,,,,,,,,,,,,,,,,,,,
2008-05-13,,,,,,,,,,,,,,,,,,,,,,,,,,,,
2008-05-14,,,,,,,,,,,,,,,,,,,,,,,,,,,,
2008-05-15,,,,,,,,,,,,,,,,,,,,,,,,,,,,
2008-05-16,,,,,,,,,,,,,,,,,,,,,,,,,,,,
2008-05-19,,,,,,,,,,,,,,,,,,,,,,,,,,,,
2008-05-20,,,,,,,,,,,,,,,,,,,,,,,,,,,,
2008-05-21,,,,,,,,,,,,,,,,,,,,,,,,,,,,
2008-05-22,,,,,,,,,,,,,,,,,,,,,,,,,,,,
2008-05-23,,,,,,,,,,,,,,,,,,,,,,,,,,,,
2008-05-27,,,,,,,,,,,,,,,,,,,,,,,,,,,,
2008-05-28,,,,,,,,,,,,,,,,,,,,,,,,,,,,
2008-05-29,,,,,,,,,,,,,,,,,,,,,,,,,,,,
2008-05-30,,,,,,,,,,,,,,,,,,,,,,,,,,,,
2008-06-02,,,,,,,,,,,,,,,,,,,,,,,,,,,,
2008-06-03,,,,,,,,,,,,,,,,,,,,,,,,,,,,
2008-06-04,,,,,,,,,,,,,,,,,,,,,,,,,,,,
2008-06-05,,,,,,,,,,,,,,,,,,,,,,,,,,,,
2008-06-06,,,,,,,,,,,,,,,,,,,,,,,,,,,,
2008-06-09,,,,,,,,,,,,,,,,,,,,,,,,,,,,
2008-06-10,,,,,,,,,,,,,,,,,,,,,,,,,,,,
2008-06-11,,,,,,,,,,,,,,,,,,,,,,,,,,,,
2008-06-12,,,,,,,,,,,,,,,,,,,,,,,,,,,,
2008-06-13,,,,,,,,,,,,,,,,,,,,,,,,,,,,
2008-06-16,,,,,,,,,,,,,,,,,,,,,,,,,,,,
2008-06-17,,,,,,,,,,,,,,,,,,,,,,,,,,,,
2008-06-18,,,,,,,,,,,,,,,,,,,,,,,,,,,,
2008-06-19,,,,,,,,,,,,,,,,,,,,,,,,,,,,
2008-06-20,,,,,,,,,,,,,,,,,,,,,,,,,,,,
2008-06-23,,,,,,,,,,,,,,,,,,,,,,,,,,,,
2008-06-24,,,,,,,,,,,,,,,,,,,,,,,,,,,,
2008-06-25,,,,,,,,,,,,,,,,,,,,,,,,,,,,
2008-06-26,,,,,,,,,,,,,,,,,,,,,,,,,,,,
2008-06-27,,,,,,,,,,,,,,,,,,,,,,,,,,,,
2008-06-30,,,,,,,,,,,,,,,,,,,,,,,,,,,,
2008-07-01,,,,,,,,,,,,,,,,,,,,,,,,,,,,
2008-07-02,,,,,,,,,,,,,,,,,,,,,,,,,,,,
2008-07-03,,,,,,,,,,,,,,,,,,,,,,,,,,,,
2008-07-07,,,,,,,,,,,,,,,,,,,,,,,,,,,,
2008-07-08,,,,,,,,,,,,,,,,,,,,,,,,,,,,
2008-07-09,,,,,,,,,,,,,,,,,,,,,,,,,,,,
2008-07-10,,,,,,,,,,,,,,,,,,,,,,,,,,,,
2008-07-11,,,,,,,,,,,,,,,,,,,,,,,,,,,,
2008-07-14,,,,,,,,,,,,,,,,,,,,,,,,,,,,
2008-07-15,,,,,,,,,,,,,,,,,,,,,,,,,,,,
2008-07-16,,,,,,,,,,,,,,,,,,,,,,,,,,,,
2008-07-17,,,,,,,,,,,,,,,,,,,,,,,,,,,,
2008-07-18,,,,,,,,,,,,,,,,,,,,,,,,,,,,
2008-07-21,,,,,,,,,,,,,,,,,,,,,,,,,,,,
2008-07-22,,,,,,,,,,,,,,,,,,,,,,,,,,,,
2008-07-23,,,,,,,,,,,,,,,,,,,,,,,,,,,,
2008-07-24,,,,,,,,,,,,,,,,,,,,,,,,,,,,
2008-07-25,,,,,,,,,,,,,,,,,,,,,,,,,,,,
2008-07-28,,,,,,,,,,,,,,,,,,,,,,,,,,,,
2008-07-29,,,,,,,,,,,,,,,,,,,,,,,,,,,,
2008-07-30,,,,,,,,,,,,,,,,,,,,,,,,,,,,
2008-07-31,,,,,,,,,,,,,,,,,,,,,,,,,,,,
2008-08-01,,,,,,,,,,,,,,,,,,,,,,,,,,,,
2008-08-04,,,,,,,,,,,,,,,,,,,,,,,,,,,,
2008-08-05,,,,,,,,,,,,,,,,,,,,,,,,,,,,
2008-08-06,,,,,,,,,,,,,,,,,,,,,,,,,,,,
2008-08-07,,,,,,,,,,,,,,,,,,,,,,,,,,,,
2008-08-08,,,,,,,,,,,,,,,,,,,,,,,,,,,,
2008-08-11,,,,,,,,,,,,,,,,,,,,,,,,,,,,
2008-08-12,,,,,,,,,,,,,,,,,,,,,,,,,,,,
2008-08-13,,,,,,,,,,,,,,,,,,,,,,,,,,,,
2008-08-14,,,,,,,,,,,,,,,,,,,,,,,,,,,,
2008-08-15,,,,,,,,,,,,,,,,,,,,,,,,,,,,
2008-08-18,,,,,,,,,,,,,,,,,,,,,,,,,,,,
2008-08-19,,,,,,,,,,,,,,,,,,,,,,,,,,,,
2008-08-20,,,,,,,,,,,,,,,,,,,,,,,,,,,,
2008-08-21,,,,,,,,,,,,,,,,,,,,,,,,,,,,
2008-08-22,,,,,,,,,,,,,,,,,,,,,,,,,,,,
2008-08-25,,,,,,,,,,,,,,,,,,,,,,,,,,,,
2008-08-26,,,,,,,,,,,,,,,,,,,,,,,,,,,,
2008-08-27,,,,,,,,,,,,,,,,,,,,,,,,,,,,
2008-08-28,,,,,,,,,,,,,,,,,,,,,,,,,,,,
2008-08-29,,,,,,,,,,,,,,,,,,,,,,,,,,,,
2008-09-02,,,,,,,,,,,,,,,,,,,,,,,,,,,,
2008-09-03,,,,,,,,,,,,,,,,,,,,,,,,,,,,
2008-09-04,,,,,,,,,,,,,,,,,,,,,,,,,,,,
2008-09-05,,,,,,,,,,,,,,,,,,,,,,,,,,,,
2008-09-08,,,,,,,,,,,,,,,,,,,,,,,,,,,,
2008-09-09,,,,,,,,,,,,,,,,,,,,,,,,,,,,
2008-09-10,,,,,,,,,,,,,,,,,,,,,,,,,,,,
2008-09-11,,,,,,,,,,,,,,,,,,,,,,,,,,,,
2008-09-12,,,,,,,,,,,,,,,,,,,,,,,,,,,,
2008-09-15,,,,,,,,,,,,,,,,,,,,,,,,,,,,
2008-09-16,,,,,,,,,,,,,,,,,,,,,,,,,,,,
2008-09-17,,,,,,,,,,,,,,,,,,,,,,,,,,,,
2008-09-18,,,,,,,,,,,,,,,,,,,,,,,,,,,,
2008-09-19,,,,,,,,,,,,,,,,,,,,,,,,,,,,
2008-09-22,,,,,,,,,,,,,,,,,,,,,,,,,,,,
2008-09-23,,,,,,,,,,,,,,,,,,,,,,,,,,,,
2008-09-24,,,,,,,,,,,,,,,,,,,,,,,,,,,,
2008-09-25,,,,,,,,,,,,,,,,,,,,,,,,,,,,
2008-09-26,,,,,,,,,,,,,,,,,,,,,,,,,,,,
2008-09-29,,,,,,,,,,,,,,,,,,,,,,,,,,,,
2008-09-30,,,,,,,,,,,,,,,,,,,,,,,,,,,,
2008-10-01,,,,,,,,,,,,,,,,,,,,,,,,,,,,
2008-10-02,,,,,,,,,,,,,,,,,,,,,,,,,,,,
2008-10-03,,,,,,,,,,,,,,,,,,,,,,,,,,,,
2008-10-06,,,,,,,,,,,,,,,,,,,,,,,,,,,,
2008-10-07,,,,,,,,,,,,,,,,,,,,,,,,,,,,
2008-10-08,,,,,,,,,,,,,,,,,,,,,,,,,,,,
2008-10-09,,,,,,,,,,,,,,,,,,,,,,,,,,,,
2008-10-10,,,,,,,,,,,,,,,,,,,,,,,,,,,,
2008-10-13,,,,,,,,,,,,,,,,,,,,,,,,,,,,
2008-10-14,,,,,,,,,,,,,,,,,,,,,,,,,,,,
2008-10-15,,,,,,,,,,,,,,,,,,,,,,,,,,,,
2008-10-16,,,,,,,,,,,,,,,,,,,,,,,,,,,,
2008-10-17,,,,,,,,,,,,,,,,,,,,,,,,,,,,
2008-10-20,,,,,,,,,,,,,,,,,,,,,,,,,,,,
2008-10-21,,,,,,,,,,,,,,,,,,,,,,,,,,,,
2008-10-22,,,,,,,,,,,,,,,,,,,,,,,,,,,,
2008-10-23,,,,,,,,,,,,,,,,,,,,,,,,,,,,
2008-10-24,,,,,,,,,,,,,,,,,,,,,,,,,,,,
2008-10-27,,,,,,,,,,,,,,,,,,,,,,,,,,,,
2008-10-28,,,,,,,,,,,,,,,,,,,,,,,,,,,,
2008-10-29,,,,,,,,,,,,,,,,,,,,,,,,,,,,
2008-10-30,,,,,,,,,,,,,,,,,,,,,,,,,,,,
2008-10-31,,,,,,,,,,,,,,,,,,,,,,,,,,,,
2008-11-03,,,,,,,,,,,,,,,,,,,,,,,,,,,,
2008-11-04,,,,,,,,,,,,,,,,,,,,,,,,,,,,
2008-11-05,,,,,,,,,,,,,,,,,,,,,,,,,,,,
2008-11-06,,,,,,,,,,,,,,,,,,,,,,,,,,,,
2008-11-07,,,,,,,,,,,,,,,,,,,,,,,,,,,,
2008-11-10,,,,,,,,,,,,,,,,,,,,,,,,,,,,
2008-11-11,,,,,,,,,,,,,,,,,,,,,,,,,,,,
2008-11-12,,,,,,,,,,,,,,,,,,,,,,,,,,,,
2008-11-13,,,,,,,,,,,,,,,,,,,,,,,,,,,,
2008-11-14,,,,,,,,,,,,,,,,,,,,,,,,,,,,
2008-11-17,,,,,,,,,,,,,,,,,,,,,,,,,,,,
2008-11-18,,,,,,,,,,,,,,,,,,,,,,,,,,,,
2008-11-19,,,,,,,,,,,,,,,,,,,,,,,,,,,,
2008-11-20,,,,,,,,,,,,,,,,,,,,,,,,,,,,
2008-11-21,,,,,,,,,,,,,,,,,,,,,,,,,,,,
2008-11-24,,,,,,,,,,,,,,,,,,,,,,,,,,,,
2008-11-25,,,,,,,,,,,,,,,,,,,,,,,,,,,,
2008-11-26,,,,,,,,,,,,,,,,,,,,,,,,,,,,
2008-11-28,,,,,,,,,,,,,,,,,,,,,,,,,,,,
2008-12-01,,,,,,,,,,,,,,,,,,,,,,,,,,,,
2008-12-02,,,,,,,,,,,,,,,,,,,,,,,,,,,,
2008-12-03,,,,,,,,,,,,,,,,,,,,,,,,,,,,
2008-12-04,,,,,,,,,,,,,,,,,,,,,,,,,,,,
2008-12-05,,,,,,,,,,,,,,,,,,,,,,,,,,,,
2008-12-08,,,,,,,,,,,,,,,,,,,,,,,,,,,,
2008-12-09,,,,,,,,,,,,,,,,,,,,,,,,,,,,
2008-12-10,70.0,75.0,78.0,82.0,85.0,85.0,85.0,77.0,86.0,87.0,89.0,88.0,88.0,98.0,93.0,94.0,92.0,90.0,94.0,93.0,88.0,88.0,93.0,89.0,84.0,29.0,38.0,54.0
2008-12-11,,,,,,,,,,,,,,,,,,,,,,,,,,,,
2008-12-12,,,,,,,,,,,,,,,,,,,,,,,,,,,,
2008-12-15,,,,,,,,,,,,,,,,,,,,,,,,,,,,
2008-12-16,,,,,,,,,,,,,,,,,,,,,,,,,,,,
2008-12-17,,,,,,,,,,,,,,,,,,,,,,,,,,,,
2008-12-18,,,,,,,,,,,,,,,,,,,,,,,,,,,,
2008-12-19,,,,,,,,,,,,,,,,,,,,,,,,,,,,
2008-12-22,,,,,,,,,,,,,,,,,,,,,,,,,,,,
2008-12-23,,,,,,,,,,,,,,,,,,,,,,,,,,,,
2008-12-24,,,,,,,,,,,,,,,,,,,,,,,,,,,,
2008-12-26,,,,,,,,,,,,,,,,,,,,,,,,,,,,
2008-12-29,,,,,,,,,,,,,,,,,,,,,,,,,,,,
2008-12-30,,,,,,,,,,,,,,,,,,,,,,,,,,,,
2008-12-31,,,,,,,,,,,,,,,,,,,,,,,,,,,,
2009-01-02,,,,,,,,,,,,,,,,,,,,,,,,,,,,
2009-01-05,,,,,,,,,,,,,,,,,,,,,,,,,,,,
2009-01-06,,,,,,,,,,,,,,,,,,,,,,,,,,,,
2009-01-07,77.78,80.81,80.81,82.83,82.83,82.83,84.85,87.88,83.84,84.85,85.86,85.86,85.86,87.88,85.86,85.86,85.86,85.86,81.82,81.82,84.85,83.84,77.78,79.8,82.83,89.9,90.91,81.82
2009-01-08,,,,,,,,,,,,,,,,,,,,,,,,,,,,
2009-01-09,,,,,,,,,,,,,,,,,,,,,,,,,,,,
2009-01-12,,,,,,,,,,,,,,,,,,,,,,,,,,,,
2009-01-13,,,,,,,,,,,,,,,,,,,,,,,,,,,,
2009-01-14,74.29,84.76,85.71,87.62,88.57,88.57,89.52,92.38,94.29,93.33,92.38,91.43,91.43,92.38,90.48,90.48,88.57,87.62,92.38,87.62,87.62,89.52,86.67,87.62,88.57,60.0,84.76,88.57
2009-01-15,,,,,,,,,,,,,,,,,,,,,,,,,,,,
2009-01-16,,,,,,,,,,,,,,,,,,,,,,,,,,,,
2009-01-20,,,,,,,,,,,,,,,,,,,,,,,,,,,,
2009-01-21,,,,,,,,,,,,,,,,,,,,,,,,,,,,
2009-01-22,,,,,,,,,,,,,,,,,,,,,,,,,,,,
2009-01-23,,,,,,,,,,,,,,,,,,,,,,,,,,,,
2009-01-26,,,,,,,,,,,,,,,,,,,,,,,,,,,,
2009-01-27,,,,,,,,,,,,,,,,,,,,,,,,,,,,
2009-01-28,80.0,78.0,80.0,82.0,83.0,83.0,82.0,67.0,77.0,80.0,82.0,83.0,82.0,90.0,88.0,89.0,89.0,89.0,84.0,87.0,88.0,84.0,84.0,89.0,76.0,87.0,79.0,59.0
2009-01-29,,,,,,,,,,,,,,,,,,,,,,,,,,,,
2009-01-30,,,,,,,,,,,,,,,,,,,,,,,,,,,,
2009-02-02,,,,,,,,,,,,,,,,,,,,,,,,,,,,
2009-02-03,,,,,,,,,,,,,,,,,,,,,,,,,,,,
2009-02-04,86.54,81.73,81.73,80.77,80.77,80.77,81.73,76.92,77.88,77.88,78.85,78.85,81.73,88.46,82.69,81.73,82.69,82.69,63.46,67.31,75.0,74.04,63.46,75.0,75.96,81.73,81.73,76.92
2009-02-05,,,,,,,,,,,,,,,,,,,,,,,,,,,,
2009-02-06,,,,,,,,,,,,,,,,,,,,,,,,,,,,
2009-02-09,,,,,,,,,,,,,,,,,,,,,,,,,,,,
2009-02-10,,,,,,,,,,,,,,,,,,,,,,,,,,,,
2009-02-11,81.82,78.18,78.18,75.45,75.45,76.36,77.27,75.45,73.64,74.55,77.27,79.09,79.09,84.55,83.64,80.91,80.91,80.91,67.27,70.91,78.18,77.27,70.91,78.18,78.18,83.64,81.82,72.73
2009-02-12,,,,,,,,,,,,,,,,,,,,,,,,,,,,
2009-02-13,,,,,,,,,,,,,,,,,,,,,,,,,,,,
2009-02-17,,,,,,,,,,,,,,,,,,,,,,,,,,,,
2009-02-18,87.13,87.13,89.11,88.12,88.12,88.12,89.11,87.13,84.16,84.16,85.15,85.15,86.14,84.16,86.14,87.13,88.12,88.12,83.17,87.13,89.11,91.09,91.09,93.07,93.07,90.1,91.09,80.2
2009-02-19,,,,,,,,,,,,,,,,,,,,,,,,,,,,
2009-02-20,,,,,,,,,,,,,,,,,,,,,,,,,,,,
2009-02-23,,,,,,,,,,,,,,,,,,,,,,,,,,,,
2009-02-24,,,,,,,,,,,,,,,,,,,,,,,,,,,,
2009-02-25,60.0,75.24,73.33,73.33,79.05,78.1,78.1,78.1,78.1,79.05,84.76,84.76,85.71,78.1,80.0,84.76,83.81,82.86,74.29,88.57,85.71,86.67,92.38,94.29,91.43,75.24,79.05,75.24
2009-02-26,,,,,,,,,,,,,,,,,,,,,,,,,,,,
2009-02-27,,,,,,,,,,,,,,,,,,,,,,,,,,,,
2009-03-02,,,,,,,,,,,,,,,,,,,,,,,,,,,,
2009-03-03,,,,,,,,,,,,,,,,,,,,,,,,,,,,
2009-03-04,77.98,81.65,76.15,77.06,80.73,81.65,82.57,83.49,78.9,77.98,81.65,81.65,81.65,67.89,70.64,81.65,80.73,80.73,70.64,85.32,85.32,85.32,87.16,88.07,88.07,80.73,78.9,75.23
2009-03-05,,,,,,,,,,,,,,,,,,,,,,,,,,,,
2009-03-06,,,,,,,,,,,,,,,,,,,,,,,,,,,,
2009-03-09,,,,,,,,,,,,,,,,,,,,,,,,,,,,
2009-03-10,,,,,,,,,,,,,,,,,,,,,,,,,,,,
2009-03-11,70.43,76.52,72.17,70.43,73.91,74.78,74.78,83.48,76.52,78.26,80.0,80.0,80.87,73.91,73.91,79.13,78.26,78.26,69.57,80.87,80.0,79.13,86.09,85.22,80.87,70.43,66.09,63.48
2009-03-12,,,,,,,,,,,,,,,,,,,,,,,,,,,,
2009-03-13,,,,,,,,,,,,,,,,,,,,,,,,,,,,
2009-03-16,,,,,,,,,,,,,,,,,,,,,,,,,,,,
2009-03-17,,,,,,,,,,,,,,,,,,,,,,,,,,,,
2009-03-18,84.62,76.92,75.96,80.77,82.69,84.62,85.58,71.15,75.0,81.73,81.73,81.73,81.73,70.19,84.62,82.69,84.62,85.58,89.42,85.58,86.54,91.35,86.54,84.62,92.31,75.96,94.23,98.08
2009-03-19,,,,,,,,,,,,,,,,,,,,,,,,,,,,
2009-03-20,,,,,,,,,,,,,,,,,,,,,,,,,,,,
2009-03-23,,,,,,,,,,,,,,,,,,,,,,,,,,,,
2009-03-24,,,,,,,,,,,,,,,,,,,,,,,,,,,,
2009-03-25,74.55,71.82,69.09,73.64,73.64,77.27,80.0,69.09,68.18,71.82,74.55,76.36,80.0,70.0,81.82,82.73,84.55,86.36,90.91,90.0,90.91,90.91,83.64,89.09,93.64,91.82,96.36,91.82
2009-03-26,,,,,,,,,,,,,,,,,,,,,,,,,,,,
2009-03-27,,,,,,,,,,,,,,,,,,,,,,,,,,,,
2009-03-30,,,,,,,,,,,,,,,,,,,,,,,,,,,,
2009-03-31,,,,,,,,,,,,,,,,,,,,,,,,,,,,
2009-04-01,59.65,67.54,65.79,68.42,69.3,71.93,73.68,74.56,69.3,72.81,76.32,78.95,80.7,65.79,77.19,82.46,84.21,85.96,86.84,85.09,88.6,90.35,81.58,90.35,96.49,93.86,100.0,96.49
2009-04-02,,,,,,,,,,,,,,,,,,,,,,,,,,,,
2009-04-03,,,,,,,,,,,,,,,,,,,,,,,,,,,,
2009-04-06,,,,,,,,,,,,,,,,,,,,,,,,,,,,
2009-04-07,,,,,,,,,,,,,,,,,,,,,,,,,,,,
2009-04-08,41.67,45.83,42.5,50.0,50.0,51.67,55.0,52.5,47.5,60.0,58.33,62.5,65.0,41.67,63.33,61.67,70.0,73.33,80.0,72.5,75.83,81.67,58.33,78.33,85.83,94.17,94.17,92.5
2009-04-09,,,,,,,,,,,,,,,,,,,,,,,,,,,,
2009-04-13,,,,,,,,,,,,,,,,,,,,,,,,,,,,
2009-04-14,,,,,,,,,,,,,,,,,,,,,,,,,,,,
2009-04-15,,,,,,,,,,,,,,,,,,,,,,,,,,,,
2009-04-16,,,,,,,,,,,,,,,,,,,,,,,,,,,,
2009-04-17,,,,,,,,,,,,,,,,,,,,,,,,,,,,
2009-04-20,,,,,,,,,,,,,,,,,,,,,,,,,,,,
2009-04-21,,,,,,,,,,,,,,,,,,,,,,,,,,,,
2009-04-22,60.71,51.79,52.68,50.89,55.36,58.93,,50.0,50.0,47.32,57.14,58.93,,58.93,58.93,63.39,66.07,,50.89,70.54,67.86,,71.43,73.21,,59.82,,
2009-04-23,,,,,,,,,,,,,,,,,,,,,,,,,,,,
2009-04-24,,,,,,,,,,,,,,,,,,,,,,,,,,,,
2009-04-27,,,,,,,,,,,,,,,,,,,,,,,,,,,,
2009-04-28,,,,,,,,,,,,,,,,,,,,,,,,,,,,
2009-04-29,42.61,40.87,41.74,32.17,33.04,37.39,,42.61,39.13,25.22,27.83,35.65,,40.87,20.0,21.74,38.26,,8.7,17.39,39.13,,46.96,60.87,,71.3,,
2009-04-30,,,,,,,,,,,,,,,,,,,,,,,,,,,,
2009-05-01,,,,,,,,,,,,,,,,,,,,,,,,,,,,
2009-05-04,,,,,,,,,,,,,,,,,,,,,,,,,,,,
2009-05-05,,,,,,,,,,,,,,,,,,,,,,,,,,,,
2009-05-06,36.13,36.13,36.13,33.61,34.45,36.13,,37.82,32.77,26.05,28.57,35.29,,31.93,20.17,21.01,31.09,,7.56,20.17,36.97,,41.18,52.94,,60.5,,
2009-05-07,,,,,,,,,,,,,,,,,,,,,,,,,,,,
2009-05-08,,,,,,,,,,,,,,,,,,,,,,,,,,,,
2009-05-11,,,,,,,,,,,,,,,,,,,,,,,,,,,,
2009-05-12,38.38,34.34,37.37,31.31,28.28,32.32,,28.28,27.27,23.23,21.21,24.24,,26.26,18.18,9.09,20.2,,9.09,9.09,27.27,,19.19,42.42,,62.63,,
2009-05-13,47.58,44.35,41.94,42.74,43.55,43.55,,31.45,32.26,29.84,30.65,36.29,,37.1,28.23,33.06,40.32,,29.03,29.84,38.71,,33.06,49.19,,69.35,,
2009-05-14,38.61,37.62,37.62,32.67,31.68,31.68,,31.68,30.69,26.73,24.75,27.72,,23.76,21.78,15.84,25.74,,19.8,13.86,29.7,,13.86,43.56,,71.29,,
2009-05-15,,,,,,,,,,,,,,,,,,,,,,,,,,,,
2009-05-18,,,,,,,,,,,,,,,,,,,,,,,,,,,,
2009-05-19,,,,,,,,,,,,,,,,,,,,,,,,,,,,
2009-05-20,14.78,20.87,17.39,20.0,29.57,65.22,,54.78,28.7,32.17,43.48,80.87,,6.96,20.0,46.96,82.61,,43.48,75.65,91.3,,83.48,99.13,,100.0,,
2009-05-21,,,,,,,,,,,,,,,,,,,,,,,,,,,,
2009-05-22,,,,,,,,,,,,,,,,,,,,,,,,,,,,
2009-05-26,,,,,,,,,,,,,,,,,,,,,,,,,,,,
2009-05-27,28.57,48.74,44.54,50.42,56.3,68.91,,71.43,67.23,68.07,69.75,76.47,,29.41,51.26,76.47,80.67,,63.87,82.35,91.6,,91.6,97.48,,100.0,,
2009-05-28,29.29,50.51,36.36,32.32,49.49,59.6,,76.77,58.59,48.48,66.67,69.7,,5.05,11.11,41.41,76.77,,29.29,73.74,87.88,,87.88,96.97,,100.0,,
2009-05-29,,,,,,,,,,,,,,,,,,,,,,,,,,,,
2009-06-01,,,,,,,,,,,,,,,,,,,,,,,,,,,,
2009-06-02,13.13,30.3,22.22,23.23,36.36,42.42,,66.67,35.35,40.4,51.52,64.65,,4.04,15.15,40.4,62.63,,54.55,66.67,78.79,,79.8,85.86,,93.94,,
2009-06-03,12.9,33.87,32.26,38.71,47.58,56.45,,70.97,56.45,57.26,62.9,69.35,,16.13,39.52,60.48,71.77,,57.26,77.42,85.48,,84.68,95.16,,98.39,,
2009-06-04,13.73,32.35,30.39,37.25,46.08,54.9,,62.75,50.98,52.94,59.8,68.63,,20.59,34.31,60.78,72.55,,50.0,75.49,85.29,,87.25,96.08,,99.02,,
2009-06-05,,,,,,,,,,,,,,,,,,,,,,,,,,,,
2009-06-08,,,,,,,,,,,,,,,,,,,,,,,,,,,,
2009-06-09,18.45,20.39,23.3,22.33,33.98,42.72,,34.95,25.24,29.13,43.69,55.34,,14.56,26.21,49.51,66.02,,34.95,65.05,79.61,,79.61,92.23,,98.06,,
2009-06-10,10.08,19.38,22.48,17.05,27.91,37.98,,30.23,25.58,28.68,42.64,52.71,,20.93,25.58,47.29,61.24,,32.56,64.34,74.42,,79.84,90.7,,93.8,,
2009-06-11,6.67,7.62,10.48,11.43,21.9,30.48,,20.95,23.81,24.76,40.95,54.29,,20.0,23.81,47.62,70.48,,26.67,66.67,80.0,,82.86,92.38,,97.14,,
2009-06-12,,,,,,,,,,,,,,,,,,,,,,,,,,,,
2009-06-15,,,,,,,,,,,,,,,,,,,,,,,,,,,,
2009-06-16,,,,,,,,,,,,,,,,,,,,,,,,,,,,
2009-06-17,,,,,,,,,,,,,,,,,,,,,,,,,,,,
2009-06-18,,,,,,,,,,,,,,,,,,,,,,,,,,,,
2009-06-19,,,,,,,,,,,,,,,,,,,,,,,,,,,,
2009-06-22,,,,,,,,,,,,,,,,,,,,,,,,,,,,
2009-06-23,,,,,,,,,,,,,,,,,,,,,,,,,,,,
2009-06-24,16.26,16.26,17.89,30.08,48.78,41.46,,19.51,27.64,52.85,76.42,69.92,,52.85,73.17,78.86,78.86,,78.05,82.93,80.49,,87.8,79.67,,30.89,,
2009-06-25,,,,,,,,,,,,,,,,,,,,,,,,,,,,
2009-06-26,,,,,,,,,,,,,,,,,,,,,,,,,,,,
2009-06-29,,,,,,,,,,,,,,,,,,,,,,,,,,,,
2009-06-30,,,,,,,,,,,,,,,,,,,,,,,,,,,,
2009-07-01,6.45,7.26,8.06,17.74,20.16,21.77,,8.06,13.71,20.97,37.1,40.32,,16.13,51.61,71.77,68.55,,74.19,82.26,75.81,,83.06,75.0,,45.97,,
2009-07-02,12.62,14.56,17.48,24.27,32.04,33.01,,17.48,19.42,42.72,62.14,59.22,,38.83,72.82,78.64,77.67,,85.44,88.35,80.58,,84.47,76.7,,34.95,,
2009-07-06,,,,,,,,,,,,,,,,,,,,,,,,,,,,
2009-07-07,26.21,16.5,18.45,35.92,41.75,41.75,,16.5,22.33,50.49,62.14,58.25,,41.75,67.96,70.87,70.87,,84.47,84.47,79.61,,81.55,71.84,,50.49,,
2009-07-08,32.56,20.93,27.13,42.64,49.61,46.51,,15.5,24.03,51.16,59.69,58.14,,57.36,68.99,72.87,69.77,,81.4,81.4,75.97,,78.29,69.77,,51.16,,
2009-07-09,7.55,5.66,10.38,20.75,33.02,33.02,,14.15,23.58,53.77,56.6,56.6,,51.89,67.92,71.7,66.98,,82.08,83.02,76.42,,74.53,66.04,,50.94,,
2009-07-10,,,,,,,,,,,,,,,,,,,,,,,,,,,,
2009-07-13,,,,,,,,,,,,,,,,,,,,,,,,,,,,
2009-07-14,0.0,1.87,1.87,2.8,5.61,8.41,,6.54,12.15,18.69,33.64,33.64,,19.63,43.93,59.81,53.27,,65.42,76.64,66.36,,78.5,66.36,,34.58,,
2009-07-15,3.73,2.24,2.99,5.22,7.46,11.19,,2.99,4.48,11.94,26.12,26.12,,38.81,51.49,60.45,57.46,,67.91,75.37,69.4,,74.63,66.42,,42.54,,
2009-07-16,1.83,2.75,1.83,2.75,7.34,7.34,,3.67,3.67,11.93,24.77,23.85,,15.6,40.37,54.13,48.62,,69.72,77.98,66.06,,76.15,62.39,,35.78,,
2009-07-17,,,,,,,,,,,,,,,,,,,,,,,,,,,,
2009-07-20,,,,,,,,,,,,,,,,,,,,,,,,,,,,
2009-07-21,,,,,,,,,,,,,,,,,,,,,,,,,,,,
2009-07-22,0.79,1.59,11.11,19.05,18.25,13.49,,36.51,58.73,70.63,67.46,42.86,,70.63,76.98,76.98,56.35,,75.4,74.6,42.86,,43.65,12.7,,3.97,,
2009-07-23,,,,,,,,,,,,,,,,,,,,,,,,,,,,
2009-07-24,,,,,,,,,,,,,,,,,,,,,,,,,,,,
2009-07-27,,,,,,,,,,,,,,,,,,,,,,,,,,,,
2009-07-28,1.98,2.97,6.93,18.81,16.83,15.84,,32.67,42.57,65.35,57.43,54.46,,63.37,78.22,72.28,64.36,,81.19,69.31,61.39,,23.76,25.74,,36.63,,
2009-07-29,3.91,3.91,10.94,21.09,19.53,18.75,,22.66,50.0,70.31,59.38,53.12,,79.69,84.38,77.34,70.31,,89.06,68.75,55.47,,12.5,9.38,,21.88,,
2009-07-30,4.72,1.89,8.49,20.75,18.87,16.98,,8.49,24.53,61.32,50.0,43.4,,74.53,84.91,74.53,69.81,,90.57,69.81,57.55,,13.21,13.21,,26.42,,
2009-07-31,,,,,,,,,,,,,,,,,,,,,,,,,,,,
2009-08-03,,,,,,,,,,,,,,,,,,,,,,,,,,,,
2009-08-04,2.8,2.8,5.61,10.28,10.28,10.28,,7.48,23.36,50.47,32.71,28.97,,65.42,71.96,57.94,51.4,,84.11,56.07,43.93,,1.87,6.54,,16.82,,
2009-08-05,0.0,0.0,5.22,9.7,8.96,8.21,,11.19,25.37,52.99,32.09,27.61,,64.93,69.4,52.24,46.27,,79.1,46.27,38.06,,0.75,3.73,,23.13,,
2009-08-06,2.73,6.36,7.27,10.91,11.82,11.82,,8.18,19.09,40.0,32.73,30.91,,62.73,66.36,54.55,52.73,,77.27,50.91,46.36,,7.27,18.18,,33.64,,
2009-08-07,,,,,,,,,,,,,,,,,,,,,,,,,,,,
2009-08-10,,,,,,,,,,,,,,,,,,,,,,,,,,,,
2009-08-11,8.11,7.21,9.01,16.22,13.51,18.02,,9.01,21.62,37.84,30.63,28.83,,59.46,69.37,49.55,47.75,,80.18,50.45,45.95,,9.01,19.82,,37.84,,
2009-08-12,5.04,6.47,7.19,11.51,10.07,12.23,,7.91,20.86,38.85,30.94,30.22,,60.43,71.22,53.96,51.8,,84.89,54.68,51.8,,10.07,22.3,,41.01,,
2009-08-13,5.31,3.54,6.19,7.96,5.31,6.19,,2.65,15.93,25.66,16.81,17.7,,62.83,70.8,46.02,42.48,,79.65,38.05,37.17,,1.77,8.85,,36.28,,
2009-08-14,,,,,,,,,,,,,,,,,,,,,,,,,,,,
2009-08-17,,,,,,,,,,,,,,,,,,,,,,,,,,,,
2009-08-18,,,,,,,,,,,,,,,,,,,,,,,,,,,,
2009-08-19,2.33,9.3,19.38,17.83,19.38,16.28,,72.87,82.95,71.32,75.19,55.81,,83.72,59.69,60.47,38.76,,10.85,24.03,13.18,,58.91,22.48,,5.43,,
2009-08-20,,,,,,,,,,,,,,,,,,,,,,,,,,,,
2009-08-21,,,,,,,,,,,,,,,,,,,,,,,,,,,,
2009-08-24,,,,,,,,,,,,,,,,,,,,,,,,,,,,
2009-08-25,6.67,13.33,23.81,20.95,20.95,22.86,,59.05,71.43,60.0,55.24,61.9,,81.9,57.14,41.9,55.24,,9.52,10.48,33.33,,35.24,56.19,,78.1,,
2009-08-26,7.52,18.05,28.57,24.06,23.31,28.57,,62.41,72.93,62.41,54.89,63.16,,83.46,53.38,41.35,59.4,,7.52,9.77,31.58,,24.81,58.65,,81.2,,
2009-08-27,4.55,12.73,22.73,20.0,19.09,20.91,,61.82,73.64,62.73,50.91,59.09,,83.64,55.45,41.82,48.18,,9.09,9.09,25.45,,19.09,45.45,,73.64,,
2009-08-28,,,,,,,,,,,,,,,,,,,,,,,,,,,,
2009-08-31,,,,,,,,,,,,,,,,,,,,,,,,,,,,
2009-09-01,9.91,31.53,47.75,45.05,40.54,42.34,,80.18,77.48,70.27,69.37,68.47,,81.98,59.46,53.15,63.06,,11.71,9.01,38.74,,20.72,56.76,,80.18,,
2009-09-02,11.51,30.94,49.64,47.48,43.17,47.48,,78.42,76.98,71.22,69.06,68.35,,82.73,63.31,55.4,63.31,,15.83,17.99,42.45,,32.37,61.87,,84.89,,
2009-09-03,7.02,22.81,41.23,33.33,28.95,35.09,,74.56,73.68,64.91,59.65,61.4,,74.56,51.75,48.25,53.51,,10.53,16.67,33.33,,31.58,50.0,,75.44,,
2009-09-04,,,,,,,,,,,,,,,,,,,,,,,,,,,,
2009-09-08,7.02,12.28,27.19,16.67,17.54,21.93,,54.39,64.04,44.74,42.11,44.74,,66.67,28.07,29.82,36.84,,0.88,6.14,21.05,,32.46,46.49,,68.42,,
2009-09-09,8.39,13.29,18.18,11.19,9.79,14.69,,28.67,48.25,26.57,25.17,26.57,,65.03,23.08,20.98,27.97,,0.0,0.0,9.09,,24.48,41.96,,49.65,,
2009-09-10,3.42,8.55,9.4,3.42,2.56,3.42,,14.53,25.64,11.11,8.55,9.4,,58.12,15.38,9.4,10.26,,0.0,0.0,0.0,,12.82,13.68,,32.48,,
2009-09-11,,,,,,,,,,,,,,,,,,,,,,,,,,,,
2009-09-14,,,,,,,,,,,,,,,,,,,,,,,,,,,,
2009-09-15,,,,,,,,,,,,,,,,,,,,,,,,,,,,
2009-09-16,,,,,,,,,,,,,,,,,,,,,,,,,,,,
2009-09-17,,,,,,,,,,,,,,,,,,,,,,,,,,,,
2009-09-18,,,,,,,,,,,,,,,,,,,,,,,,,,,,
2009-09-21,,,,,,,,,,,,,,,,,,,,,,,,,,,,
2009-09-22,2.78,4.63,0.0,0.0,2.78,0.93,,63.89,13.89,14.81,17.59,12.96,,0.93,1.85,4.63,0.93,,15.74,33.33,19.44,,58.33,23.15,,5.56,,
2009-09-23,5.84,16.06,6.57,5.84,9.49,5.84,9.17,65.69,30.66,17.52,23.36,19.71,28.44,5.11,3.65,8.76,6.57,14.68,10.95,21.9,17.52,26.61,58.39,32.12,40.37,13.87,25.69,48.62
2009-09-24,,,,,,,,,,,,,,,,,,,,,,,,,,,,
2009-09-25,,,,,,,,,,,,,,,,,,,,,,,,,,,,
2009-09-28,,,,,,,,,,,,,,,,,,,,,,,,,,,,
2009-09-29,9.17,14.68,3.67,0.0,0.92,0.92,,44.04,12.84,6.42,9.17,7.34,,0.0,0.0,1.83,3.67,,8.26,13.76,7.34,,53.21,19.27,,14.68,,
2009-09-30,13.04,19.57,9.42,4.35,9.42,6.52,10.43,31.16,11.59,7.97,10.87,8.7,11.3,2.17,0.72,5.8,4.35,7.83,7.97,17.39,7.97,11.3,59.42,26.81,38.26,14.49,23.48,53.04
2009-10-01,33.33,32.46,23.68,17.54,21.93,18.42,,36.84,14.91,12.28,14.04,12.28,,2.63,0.88,6.14,4.39,,8.77,17.54,11.4,,56.14,30.7,,16.67,,
2009-10-02,,,,,,,,,,,,,,,,,,,,,,,,,,,,
2009-10-05,,,,,,,,,,,,,,,,,,,,,,,,,,,,
2009-10-06,16.52,15.65,12.17,8.7,10.43,8.7,,26.09,8.7,6.96,6.96,6.09,,2.61,0.0,1.74,0.87,,5.22,16.52,4.35,,44.35,16.52,,8.7,,
2009-10-07,9.03,9.72,7.64,4.86,4.86,1.39,5.88,25.0,12.5,6.94,6.94,4.17,9.24,6.25,0.69,2.08,0.0,6.72,3.47,8.33,1.39,13.45,45.83,8.33,23.53,3.47,22.69,64.71
2009-10-08,7.63,9.32,6.78,5.08,4.24,2.54,,29.66,11.02,5.93,6.78,6.78,,3.39,0.0,0.85,2.54,,3.39,8.47,2.54,,44.07,23.73,,10.17,,
2009-10-09,,,,,,,,,,,,,,,,,,,,,,,,,,,,
2009-10-12,,,,,,,,,,,,,,,,,,,,,,,,,,,,
2009-10-13,13.56,10.17,5.93,1.69,2.54,0.85,1.01,11.86,0.85,0.85,0.85,0.0,2.02,1.69,0.0,0.85,0.0,2.02,7.63,11.02,1.69,12.12,32.2,6.78,14.14,8.47,18.18,42.42
2009-10-14,12.84,10.81,3.38,2.03,1.35,0.68,2.42,11.49,0.68,1.35,0.68,0.0,4.03,0.0,0.0,0.0,0.0,6.45,8.78,11.49,2.03,17.74,25.0,4.05,25.0,3.38,34.68,78.23
2009-10-15,5.79,7.44,0.83,0.83,0.83,0.0,0.99,9.92,2.48,0.0,0.83,0.0,1.98,0.83,0.0,0.0,0.0,2.97,2.48,9.09,0.0,13.86,45.45,3.31,24.75,0.83,24.75,77.23
2009-10-16,,,,,,,,,,,,,,,,,,,,,,,,,,,,
2009-10-19,,,,,,,,,,,,,,,,,,,,,,,,,,,,
2009-10-20,,,,,,,,,,,,,,,,,,,,,,,,,,,,
2009-10-21,14.29,5.71,0.0,0.0,0.71,2.14,,1.43,0.0,2.86,2.14,4.29,,1.43,7.86,2.86,9.29,,55.0,20.71,35.0,,14.29,27.14,,58.57,,
2009-10-22,11.11,1.01,0.0,0.0,0.0,2.02,,1.01,0.0,0.0,2.02,2.02,,2.02,6.06,5.05,10.1,,42.42,28.28,36.36,,19.19,36.36,,57.58,,
2009-10-23,,,,,,,,,,,,,,,,,,,,,,,,,,,,
2009-10-26,,,,,,,,,,,,,,,,,,,,,,,,,,,,
2009-10-27,19.47,9.73,2.65,3.54,0.88,4.42,,1.77,0.0,0.0,0.0,2.65,,0.88,4.42,0.0,6.19,,28.32,7.96,18.58,,3.54,18.58,,60.18,,
2009-10-28,48.95,34.97,27.27,28.67,27.97,28.67,26.67,4.9,3.5,9.79,8.39,14.69,13.33,9.79,16.08,13.29,17.48,20.0,41.96,29.37,45.45,49.17,25.17,44.76,42.5,59.44,46.67,29.17
2009-10-29,37.29,21.19,11.86,13.56,11.86,15.25,19.19,2.54,0.0,0.85,0.0,5.08,9.09,1.69,6.78,5.08,10.17,13.13,33.9,14.41,30.51,36.36,12.71,35.59,37.37,69.49,57.58,41.41
2009-10-30,,,,,,,,,,,,,,,,,,,,,,,,,,,,
2009-11-02,,,,,,,,,,,,,,,,,,,,,,,,,,,,
2009-11-03,56.3,51.26,44.54,47.06,46.22,47.06,42.42,35.29,22.69,22.69,26.89,40.34,38.38,15.13,26.05,33.61,40.34,42.42,47.9,48.74,59.66,56.57,44.54,64.71,55.56,78.99,56.57,29.29
2009-11-04,50.34,49.66,43.62,46.98,42.95,43.62,40.32,42.28,28.86,31.54,30.2,41.61,37.9,13.42,30.87,24.16,37.58,33.06,53.69,39.6,55.7,47.58,21.48,51.68,41.94,79.19,50.81,17.74
2009-11-05,20.49,19.67,16.39,18.03,18.85,22.95,22.55,22.95,13.11,22.95,20.49,25.41,27.45,8.2,30.33,18.03,30.33,30.39,61.48,44.26,54.92,50.0,11.48,40.16,39.22,73.77,51.96,27.45
2009-11-06,,,,,,,,,,,,,,,,,,,,,,,,,,,,
2009-11-09,,,,,,,,,,,,,,,,,,,,,,,,,,,,
2009-11-10,23.77,9.84,5.74,5.74,4.92,6.56,7.77,0.82,0.0,2.46,0.0,2.46,7.77,4.92,8.2,6.56,11.48,21.36,40.16,27.05,36.89,36.89,8.2,37.7,44.66,64.75,59.22,50.49
2009-11-11,32.68,11.11,5.23,5.88,3.92,6.54,8.53,0.65,0.0,0.0,0.0,1.31,3.1,5.88,9.15,5.88,12.42,20.93,40.52,24.84,36.6,36.43,5.88,39.22,41.86,73.86,58.14,41.09
2009-11-12,35.2,16.8,16.0,14.4,12.0,16.8,18.1,3.2,4.0,6.4,6.4,9.6,15.24,12.0,27.2,18.4,25.6,26.67,39.2,28.8,39.2,36.19,12.0,43.2,42.86,72.8,53.33,30.48
2009-11-13,,,,,,,,,,,,,,,,,,,,,,,,,,,,
2009-11-16,,,,,,,,,,,,,,,,,,,,,,,,,,,,
2009-11-17,,,,,,,,,,,,,,,,,,,,,,,,,,,,
2009-11-18,0.0,0.0,0.0,0.0,0.0,0.7,,2.1,6.99,6.99,10.49,13.99,,31.47,20.28,27.97,31.47,,13.99,22.38,34.97,,52.45,57.34,,57.34,,
2009-11-19,0.0,0.0,0.0,0.0,0.0,1.96,,3.92,9.8,10.78,14.71,17.65,,28.43,22.55,38.24,31.37,,18.63,42.16,36.27,,71.57,55.88,,34.31,,
2009-11-20,,,,,,,,,,,,,,,,,,,,,,,,,,,,
2009-11-23,,,,,,,,,,,,,,,,,,,,,,,,,,,,
2009-11-24,0.0,0.0,0.0,0.0,0.0,0.0,,0.0,0.0,0.0,2.56,2.56,,11.97,10.26,12.82,11.97,,11.97,17.95,18.8,,48.72,41.88,,37.61,,
2009-11-25,0.0,0.0,0.0,0.0,0.0,0.0,0.0,0.0,0.0,0.0,0.0,2.7,4.0,9.46,5.41,9.46,11.49,13.6,9.46,17.57,20.95,17.6,54.05,50.0,44.8,42.57,34.4,24.0
2009-11-27,,,,,,,,,,,,,,,,,,,,,,,,,,,,
2009-11-30,,,,,,,,,,,,,,,,,,,,,,,,,,,,
2009-12-01,0.0,0.0,0.0,0.0,0.0,0.0,0.0,0.0,0.81,0.0,0.81,3.25,7.77,19.51,8.94,11.38,21.95,24.27,7.32,17.07,34.96,32.04,47.97,56.1,52.43,68.29,51.46,29.13
2009-12-02,0.0,0.0,0.0,0.0,0.0,0.0,0.0,0.0,0.0,0.0,0.0,1.95,4.65,20.13,8.44,16.23,23.38,25.58,6.49,24.68,34.42,31.78,59.74,60.39,56.59,54.55,49.61,38.76
2009-12-03,0.0,0.79,0.79,0.79,0.79,0.79,0.0,3.97,4.76,3.17,7.14,10.32,9.43,20.63,11.11,19.05,20.63,19.81,8.73,26.19,23.81,19.81,58.73,48.41,32.08,40.48,24.53,14.15
2009-12-04,,,,,,,,,,,,,,,,,,,,,,,,,,,,
2009-12-07,,,,,,,,,,,,,,,,,,,,,,,,,,,,
2009-12-08,0.79,0.79,0.79,0.79,0.79,1.59,1.87,1.59,2.38,5.56,6.35,7.14,13.08,17.46,17.46,23.02,21.43,25.23,20.63,32.54,30.95,26.17,44.44,46.03,40.19,38.89,35.51,25.23
2009-12-09,0.63,1.27,0.63,1.27,1.27,1.9,0.75,3.8,3.16,5.06,6.33,8.23,10.45,13.29,13.29,20.89,22.78,23.88,20.89,32.28,35.44,26.12,46.84,49.37,38.06,43.67,29.85,16.42
2009-12-10,0.0,0.0,0.0,0.0,0.0,0.0,0.0,0.0,0.78,0.0,3.88,3.88,2.75,10.85,10.85,21.71,22.48,22.94,18.6,35.66,35.66,23.85,54.26,51.16,44.04,42.64,24.77,13.76
2009-12-11,,,,,,,,,,,,,,,,,,,,,,,,,,,,
2009-12-14,,,,,,,,,,,,,,,,,,,,,,,,,,,,
2009-12-15,,,,,,,,,,,,,,,,,,,,,,,,,,,,
2009-12-16,,,,,,,,,,,,,,,,,,,,,,,,,,,,
2009-12-17,,,,,,,,,,,,,,,,,,,,,,,,,,,,
2009-12-18,,,,,,,,,,,,,,,,,,,,,,,,,,,,
2009-12-21,,,,,,,,,,,,,,,,,,,,,,,,,,,,
2009-12-22,0.0,0.84,0.0,0.0,0.0,0.0,,13.45,2.52,4.2,5.04,0.84,,6.72,7.56,9.24,1.68,,27.73,20.17,9.24,,33.61,11.76,,4.2,,
2009-12-23,0.0,0.0,0.0,0.0,0.0,0.0,0.0,10.6,1.99,5.96,5.3,2.65,2.59,3.97,9.93,8.61,5.96,3.45,47.68,30.46,21.19,19.83,24.5,13.25,14.66,12.58,12.07,18.97
2009-12-24,0.0,0.0,0.0,0.0,0.0,0.0,,11.32,3.77,8.49,6.6,8.49,,3.77,8.49,7.55,8.49,,33.02,18.87,24.53,,18.87,24.53,,35.85,,
2009-12-28,,,,,,,,,,,,,,,,,,,,,,,,,,,,
2009-12-29,2.5,2.5,2.5,2.5,2.5,2.5,2.97,15.83,10.0,16.67,11.67,14.17,14.85,7.5,15.83,10.83,10.83,13.86,37.5,26.67,22.5,22.77,17.5,17.5,15.84,38.33,30.69,23.76
2009-12-30,3.95,3.95,4.61,4.61,3.95,3.95,4.65,11.84,11.84,17.11,14.47,14.47,17.83,14.47,19.74,19.74,16.45,18.6,38.82,33.55,27.63,35.66,36.84,25.0,34.88,25.0,37.98,48.84
2009-12-31,2.4,4.8,4.8,4.8,4.0,4.0,5.66,31.2,21.6,21.6,23.2,20.8,24.53,15.2,16.8,20.0,14.4,16.98,28.0,32.0,20.8,28.3,40.0,25.6,33.96,22.4,35.85,50.94
2010-01-04,,,,,,,,,,,,,,,,,,,,,,,,,,,,
2010-01-05,1.57,3.15,1.57,2.36,1.57,1.57,1.87,18.11,7.87,8.66,7.87,11.81,10.28,0.0,3.15,1.57,6.3,7.48,30.71,29.13,20.47,17.76,33.07,26.77,15.89,29.92,20.56,18.69
2010-01-06,2.52,2.52,1.26,1.89,1.26,0.63,0.75,10.06,1.89,3.14,1.89,1.26,2.24,0.0,0.0,0.0,3.14,2.99,26.42,26.42,20.13,15.67,33.96,27.04,14.93,28.93,17.16,13.43
2010-01-07,3.85,2.31,0.77,1.54,0.77,0.77,0.0,10.0,0.0,0.77,0.0,0.0,0.91,0.0,0.0,0.0,0.0,2.73,25.38,25.38,20.77,16.36,33.08,26.15,14.55,26.92,16.36,12.73
2010-01-08,,,,,,,,,,,,,,,,,,,,,,,,,,,,
2010-01-11,,,,,,,,,,,,,,,,,,,,,,,,,,,,
2010-01-12,3.85,5.38,3.85,4.62,5.38,3.85,3.6,13.85,9.23,10.0,9.23,6.15,7.21,6.92,4.62,8.46,6.15,9.01,17.69,25.38,16.15,14.41,41.54,25.38,11.71,13.85,10.81,17.12
2010-01-13,1.23,3.07,1.23,1.23,1.23,0.61,0.72,11.04,4.91,4.29,6.13,2.45,3.6,3.68,3.68,4.29,4.29,9.35,14.72,22.7,15.95,19.42,43.56,24.54,20.86,14.11,23.74,35.97
2010-01-14,0.75,3.01,1.5,1.5,0.75,0.75,0.0,9.77,3.76,2.26,1.5,0.75,0.0,4.51,2.26,3.01,2.26,3.54,9.77,16.54,10.53,10.62,30.08,16.54,9.73,12.03,13.27,21.24
2010-01-15,4.0,6.0,6.0,5.0,4.0,4.0,,11.0,11.0,10.0,11.0,7.0,,7.0,4.0,7.0,8.0,,17.0,18.0,17.0,,32.0,24.0,,20.0,,
2010-01-19,,,,,,,,,,,,,,,,,,,,,,,,,,,,
2010-01-20,12.42,6.54,7.19,7.19,8.5,7.84,,1.96,3.27,5.88,9.8,7.84,,16.34,20.26,28.1,22.88,,24.84,39.22,22.88,,48.37,20.92,,10.46,,
2010-01-21,15.74,12.04,14.81,19.44,15.74,18.52,,16.67,22.22,27.78,26.85,25.93,,50.93,48.15,41.67,35.19,,51.85,39.81,27.78,,18.52,25.0,,37.04,,
2010-01-22,,,,,,,,,,,,,,,,,,,,,,,,,,,,
2010-01-25,,,,,,,,,,,,,,,,,,,,,,,,,,,,
2010-01-26,39.52,38.71,38.71,40.32,40.32,41.13,39.05,34.68,33.06,37.1,36.29,38.71,40.95,41.94,45.97,40.32,41.13,45.71,50.81,45.16,46.77,49.52,44.35,38.71,36.19,40.32,29.52,22.86
2010-01-27,26.92,30.13,27.56,29.49,28.85,28.21,26.32,21.15,23.72,23.08,24.36,25.0,24.81,27.56,30.13,26.92,32.05,27.07,39.74,34.62,41.03,24.06,37.18,44.87,20.3,51.92,25.56,13.53
2010-01-28,32.81,31.25,32.81,32.03,32.03,31.25,28.44,28.12,28.12,28.91,27.34,28.91,31.19,32.81,32.81,27.34,33.59,30.28,38.28,32.81,37.5,28.44,36.72,44.53,27.52,49.22,34.86,17.43
2010-01-29,,,,,,,,,,,,,,,,,,,,,,,,,,,,
2010-02-01,,,,,,,,,,,,,,,,,,,,,,,,,,,,
2010-02-02,20.61,12.98,10.69,12.21,9.16,9.92,11.71,3.05,4.58,6.11,3.82,3.82,2.7,12.21,15.27,9.16,12.21,14.41,25.19,7.63,16.03,11.71,7.63,22.14,12.61,45.04,27.03,12.61
2010-02-03,21.34,13.41,11.59,11.59,10.37,10.98,12.95,5.49,5.49,7.32,5.49,7.93,5.76,10.98,12.8,10.37,14.63,15.11,31.1,22.56,23.78,18.71,16.46,28.05,16.55,44.51,28.06,14.39
2010-02-04,64.93,55.97,53.73,55.97,52.99,48.51,46.49,29.1,26.87,30.6,32.84,32.84,34.21,32.09,41.79,41.79,40.3,37.72,51.49,49.25,46.27,42.11,40.3,41.04,32.46,43.28,33.33,24.56
2010-02-05,70.3,60.4,60.4,58.42,54.46,55.45,,32.67,30.69,30.69,28.71,32.67,,32.67,38.61,33.66,38.61,,43.56,32.67,43.56,,21.78,42.57,,62.38,,
2010-02-08,70.0,63.0,64.0,59.0,59.0,58.0,,42.0,45.0,41.0,41.0,41.0,,53.0,40.0,41.0,40.0,,32.0,30.0,35.0,,33.0,41.0,,45.0,,
2010-02-09,65.67,55.22,54.48,54.48,53.73,52.99,47.83,28.36,34.33,31.34,31.34,31.34,34.78,44.03,35.82,38.06,40.3,36.52,31.34,37.31,39.55,32.17,43.28,47.76,39.13,47.01,40.0,21.74
2010-02-10,66.07,55.36,54.17,54.17,52.38,52.38,46.53,29.76,31.55,30.95,29.76,32.74,33.33,25.0,36.9,32.74,37.5,32.64,46.43,41.67,44.64,36.11,25.0,44.05,25.0,52.38,40.28,17.36
2010-02-11,55.47,44.53,45.26,43.8,40.88,37.96,34.19,23.36,25.55,22.63,21.9,25.55,25.64,25.55,32.85,29.2,29.2,27.35,36.5,32.85,35.04,25.64,24.09,40.88,18.8,45.99,27.35,11.97
2010-02-12,58.25,44.66,43.69,44.66,40.78,38.83,,15.53,16.5,18.45,19.42,22.33,,25.24,37.86,33.01,36.89,,45.63,41.75,38.83,,26.21,42.72,,43.69,,
2010-02-16,,,,,,,,,,,,,,,,,,,,,,,,,,,,
2010-02-17,7.05,8.33,8.97,7.69,10.9,9.62,,32.69,29.49,25.0,29.49,26.92,,28.21,19.23,31.41,25.64,,12.82,28.85,23.72,,63.46,39.1,,19.23,,
2010-02-18,2.7,4.5,4.5,4.5,2.7,3.6,,19.82,16.22,15.32,16.22,13.51,,15.32,15.32,18.02,13.51,,18.92,15.32,13.51,,37.84,16.22,,17.12,,
2010-02-19,1.0,4.0,2.0,2.0,2.0,2.0,,19.0,14.0,14.0,13.0,13.0,,11.0,13.0,14.0,16.0,,22.0,15.0,21.0,,29.0,24.0,,27.0,,
2010-02-22,,,,,,,,,,,,,,,,,,,,,,,,,,,,
2010-02-23,6.25,6.25,6.25,6.25,6.25,6.25,7.34,22.66,24.22,21.88,23.44,20.31,22.02,26.56,21.88,25.78,20.31,20.18,19.53,30.47,14.06,11.93,54.69,25.78,17.43,17.19,17.43,23.85
2010-02-24,4.35,6.21,6.21,5.59,4.97,4.97,4.35,26.71,23.6,20.5,19.25,19.25,17.39,19.88,17.39,14.91,11.18,10.14,14.91,13.66,9.32,8.7,38.51,16.77,15.22,20.5,18.84,22.46
2010-02-25,0.76,3.03,4.55,3.03,3.79,3.03,3.54,31.82,25.76,20.45,24.24,18.94,21.24,18.94,16.67,20.45,8.33,13.27,14.39,22.73,6.06,10.62,51.52,13.64,19.47,11.36,16.81,46.9
2010-02-26,0.0,2.02,2.02,1.01,0.0,0.0,,24.24,20.2,18.18,15.15,14.14,,18.18,11.11,8.08,6.06,,10.1,9.09,5.05,,38.38,18.18,,24.24,,
2010-03-01,0.0,1.0,2.0,2.0,1.0,0.0,,11.0,13.0,10.0,9.0,9.0,,17.0,12.0,12.0,10.0,,17.0,8.0,7.0,,19.0,15.0,,14.0,,
2010-03-02,0.74,1.48,2.22,2.22,0.74,0.74,0.87,11.11,9.63,10.37,5.19,6.67,9.57,10.37,8.89,4.44,8.15,12.17,20.74,4.44,9.63,11.3,6.67,13.33,14.78,28.15,29.57,32.17
2010-03-03,0.59,1.78,4.14,2.96,2.37,1.18,2.08,12.43,13.61,10.65,8.28,7.1,8.33,15.38,9.47,8.28,8.28,10.42,10.06,4.73,3.55,7.64,15.98,13.61,11.11,21.3,21.53,23.61
2010-03-04,2.17,2.9,2.17,4.35,3.62,2.17,2.54,10.14,7.97,8.7,7.25,5.07,5.08,9.42,9.42,10.14,8.7,9.32,26.09,18.84,15.94,13.56,18.12,14.49,11.02,21.01,14.41,18.64
2010-03-05,0.0,0.96,0.0,0.0,0.0,0.0,,0.96,0.96,0.0,0.0,0.0,,5.77,6.73,1.92,0.96,,16.35,1.92,0.96,,1.92,3.85,,12.5,,
2010-03-08,0.0,0.0,0.0,0.0,0.0,0.0,,3.88,2.91,0.0,0.0,0.0,,11.65,5.83,2.91,5.83,,8.74,3.88,3.88,,10.68,8.74,,26.21,,
2010-03-09,2.9,3.62,2.17,2.17,0.72,0.72,0.84,5.07,2.17,1.45,0.72,0.72,0.0,8.7,7.25,5.07,6.52,9.24,18.12,10.14,11.59,10.92,12.32,10.14,9.24,26.09,20.17,15.97
2010-03-10,3.47,2.89,1.16,2.31,1.16,0.0,1.34,5.2,0.0,0.0,0.0,0.0,0.67,5.2,5.78,3.47,0.58,10.07,26.01,15.03,0.58,17.45,15.03,0.0,12.08,0.0,27.52,85.23
2010-03-11,0.71,1.42,0.71,0.71,0.0,0.0,0.0,7.8,1.42,0.0,0.0,0.0,0.0,7.09,4.26,2.13,2.84,4.96,14.18,8.51,6.38,10.74,17.02,7.8,9.92,12.06,22.31,38.02
2010-03-12,0.94,1.89,0.0,0.0,0.0,0.0,,7.55,0.94,0.0,1.89,0.94,,8.49,3.77,4.72,5.66,,8.49,13.21,11.32,,26.42,16.98,,20.75,,
2010-03-15,,,,,,,,,,,,,,,,,,,,,,,,,,,,
2010-03-16,,,,,,,,,,,,,,,,,,,,,,,,,,,,
2010-03-17,,,,,,,,,,,,,,,,,,,,,,,,,,,,
2010-03-18,,,,,,,,,,,,,,,,,,,,,,,,,,,,
2010-03-19,,,,,,,,,,,,,,,,,,,,,,,,,,,,
2010-03-22,,,,,,,,,,,,,,,,,,,,,,,,,,,,
2010-03-23,5.38,0.0,0.0,0.0,0.0,0.0,,0.0,0.0,0.0,0.0,0.77,,0.77,0.77,1.54,0.77,,16.15,9.23,6.92,,15.38,11.54,,26.15,,
2010-03-24,9.15,1.22,0.0,0.0,0.0,0.0,0.83,1.22,0.0,0.61,0.0,1.83,3.33,1.22,2.44,2.44,1.22,3.33,20.73,9.15,4.88,12.5,10.37,8.54,15.83,18.29,25.0,37.5
2010-03-25,8.7,1.74,1.74,0.87,0.87,0.87,,0.87,0.87,0.87,3.48,3.48,,5.22,5.22,4.35,5.22,,17.39,11.3,11.3,,20.0,13.91,,20.87,,
2010-03-26,8.74,0.97,0.0,0.0,0.0,0.0,,0.0,0.0,0.0,0.0,2.91,,1.94,0.97,2.91,2.91,,22.33,9.71,9.71,,9.71,9.71,,28.16,,
2010-03-29,13.0,3.0,2.0,2.0,2.0,1.0,,0.0,0.0,0.0,0.0,0.0,,0.0,0.0,0.0,0.0,,11.0,6.0,2.0,,9.0,6.0,,14.0,,
2010-03-30,9.09,1.52,0.76,0.76,0.0,0.0,0.0,0.0,0.0,0.0,0.0,0.0,0.0,0.0,0.0,0.0,0.0,0.88,10.61,4.55,2.27,2.65,3.79,3.79,7.96,16.67,18.58,24.78
2010-03-31,7.23,1.81,0.0,0.0,0.0,0.0,0.0,0.0,0.0,0.0,0.0,0.0,0.0,0.0,0.0,0.0,0.0,1.4,5.42,1.81,1.2,2.8,1.2,4.22,5.59,17.47,20.28,29.37
2010-04-01,5.88,0.74,0.0,0.0,0.0,0.0,0.0,0.0,0.74,0.74,0.0,0.0,0.0,0.74,0.74,0.74,0.74,1.71,5.88,2.21,1.47,3.42,2.21,5.15,6.84,18.38,23.93,32.48
2010-04-05,5.83,0.0,0.0,0.0,0.0,0.0,,0.0,0.0,0.0,0.0,0.0,,0.0,0.0,0.0,0.0,,7.77,0.0,0.0,,0.0,0.0,,13.59,,
2010-04-06,4.32,0.0,0.0,0.0,0.0,0.0,0.0,0.0,0.0,0.0,0.0,0.0,0.0,0.0,0.0,0.0,0.0,0.0,1.44,0.0,0.0,0.0,0.72,0.0,3.36,7.91,8.4,23.53
2010-04-07,9.2,2.87,0.0,0.0,0.0,0.0,0.0,0.0,0.0,0.0,0.0,0.0,0.0,0.0,0.0,0.0,0.0,0.0,2.3,0.0,0.0,0.67,1.15,0.57,4.03,7.47,8.05,24.83
2010-04-08,5.63,2.11,0.0,0.0,0.0,0.0,0.0,0.0,0.0,0.0,0.0,0.0,0.0,0.0,0.0,0.0,0.0,0.0,0.0,0.0,0.0,0.0,0.0,0.0,0.82,8.45,8.2,25.41
2010-04-09,4.67,0.0,0.0,0.0,0.0,0.0,,0.0,0.0,0.0,0.0,0.0,,0.0,0.0,0.0,0.0,,0.0,0.0,0.0,,0.0,0.0,,4.67,,
2010-04-12,2.83,0.0,0.0,0.0,0.0,0.0,,0.0,0.0,0.0,0.0,0.0,,0.0,0.0,0.0,0.0,,5.66,0.0,0.0,,0.0,0.0,,0.94,,
2010-04-13,3.52,0.7,0.0,0.0,0.0,0.0,0.0,0.0,0.0,0.0,0.0,0.0,0.0,0.0,0.0,0.0,0.0,0.0,7.04,0.0,0.0,0.0,0.0,0.0,0.0,10.56,10.57,30.89
2010-04-14,4.49,0.0,0.0,0.0,0.0,0.0,0.0,0.0,0.0,0.0,0.0,0.0,0.0,0.0,0.0,0.0,0.0,0.0,6.18,0.0,0.0,0.0,0.0,0.0,0.0,4.49,8.44,22.73
2010-04-15,4.83,0.0,0.0,0.0,0.0,0.0,0.0,0.0,0.0,0.0,0.0,0.0,0.0,0.0,0.0,0.0,0.0,0.0,1.38,0.0,0.0,0.0,0.0,0.0,0.8,9.66,8.8,14.4
2010-04-16,22.02,11.93,8.26,6.42,0.92,0.92,,0.92,0.92,0.92,0.92,0.92,,0.0,0.0,0.92,0.92,,5.5,0.92,0.92,,0.92,0.92,,11.01,,
2010-04-19,,,,,,,,,,,,,,,,,,,,,,,,,,,,
2010-04-20,,,,,,,,,,,,,,,,,,,,,,,,,,,,
2010-04-21,1.2,0.0,0.0,0.0,0.0,0.0,,0.0,0.0,0.0,0.0,0.0,,0.0,0.0,0.0,0.6,,0.0,0.6,1.2,,10.78,10.78,,25.15,,
2010-04-22,0.85,0.0,0.0,0.0,0.0,0.0,,0.0,0.0,0.0,0.0,0.0,,0.0,0.0,0.0,0.0,,0.0,0.0,1.69,,6.78,7.63,,32.2,,
2010-04-23,0.0,0.0,0.0,0.0,0.0,0.0,,0.0,0.0,0.0,0.0,0.0,,0.94,0.0,0.0,0.94,,0.0,0.0,1.89,,6.6,4.72,,18.87,,
2010-04-26,5.83,0.0,0.0,0.0,0.0,0.0,,0.0,0.0,0.0,0.0,0.0,,0.97,0.0,0.0,0.0,,0.0,0.0,0.97,,7.77,8.74,,22.33,,
2010-04-27,22.06,11.03,7.35,5.15,5.15,5.15,5.98,1.47,2.94,0.0,0.0,1.47,2.56,2.94,0.0,0.0,1.47,5.13,0.0,0.0,1.47,3.42,17.65,12.5,17.09,25.74,35.04,52.99
2010-04-28,20.0,10.59,7.06,4.12,3.53,3.53,4.76,0.0,1.76,0.0,0.0,0.0,0.0,2.35,0.0,0.0,0.0,0.0,0.0,0.0,1.18,3.4,8.82,10.0,11.56,28.82,24.49,22.45
2010-04-29,10.07,1.44,0.72,0.0,0.0,0.0,0.0,0.0,0.0,0.0,0.0,0.0,0.0,1.44,0.0,0.0,0.0,0.0,0.0,0.0,0.0,0.83,3.6,7.19,7.5,28.78,25.83,15.83
2010-04-30,21.15,11.54,9.62,6.73,3.85,3.85,,2.88,2.88,2.88,2.88,2.88,,2.88,0.96,0.96,0.96,,0.96,0.96,1.92,,10.58,7.69,,27.88,,
2010-05-03,14.15,8.49,5.66,2.83,1.89,1.89,,1.89,1.89,1.89,1.89,1.89,,2.83,0.94,1.89,1.89,,0.0,0.0,1.89,,5.66,12.26,,36.79,,
2010-05-04,25.87,18.18,12.59,11.89,11.89,11.19,13.82,4.2,3.5,2.8,2.8,2.8,3.25,7.69,3.5,3.5,2.8,6.5,4.2,4.9,4.9,8.94,19.58,13.99,18.7,18.18,26.83,37.4
2010-05-05,30.17,21.23,18.99,15.08,12.85,13.41,14.29,10.61,8.94,3.91,4.47,4.47,6.49,12.29,4.47,3.35,3.91,9.09,0.56,2.79,4.47,8.44,7.82,15.08,23.38,34.64,40.91,48.05
2010-05-06,69.18,63.7,64.38,52.74,52.74,50.68,49.21,41.78,41.78,23.97,32.19,30.82,36.51,41.1,12.33,25.34,24.66,31.75,0.0,12.33,19.18,26.98,68.49,52.05,57.94,33.56,42.86,50.0
2010-05-07,90.91,80.0,80.0,73.64,70.91,71.82,,50.91,51.82,40.91,43.64,45.45,,56.36,32.73,36.36,38.18,,11.82,23.64,30.91,,46.36,49.09,,54.55,,
2010-05-10,74.31,59.63,55.96,51.38,48.62,46.79,,25.69,27.52,21.1,22.02,23.85,,38.53,20.18,17.43,23.85,,8.26,4.59,17.43,,23.85,39.45,,51.38,,
2010-05-11,70.55,58.22,55.48,46.58,45.21,43.15,42.52,31.51,31.51,21.23,21.23,21.23,26.77,24.66,12.33,13.01,13.01,19.69,0.0,3.42,5.48,9.45,26.71,30.82,27.56,38.36,44.88,43.31
2010-05-12,53.01,44.81,44.26,32.79,30.6,30.6,30.82,32.24,29.51,16.94,15.3,14.75,21.38,20.22,5.46,4.92,6.01,12.58,0.0,2.19,2.19,6.92,20.77,14.75,21.38,25.68,37.11,50.94
2010-05-13,57.05,53.02,53.69,44.3,40.94,39.6,36.43,38.26,40.27,24.16,22.82,24.83,31.01,42.28,11.41,11.41,14.09,20.93,0.0,3.36,4.03,10.85,25.5,28.86,34.11,38.26,48.06,50.39
2010-05-14,89.29,79.46,76.79,70.54,67.86,66.07,,56.25,61.61,43.75,41.96,40.18,,66.07,26.79,31.25,33.04,,1.79,6.25,12.5,,41.96,48.21,,43.75,,
2010-05-17,,,,,,,,,,,,,,,,,,,,,,,,,,,,
2010-05-18,,,,,,,,,,,,,,,,,,,,,,,,,,,,
2010-05-19,44.12,70.0,54.12,56.47,60.0,62.35,,83.53,66.47,65.88,71.76,74.12,,13.53,32.35,50.0,51.76,,71.76,78.82,78.24,,78.82,75.29,,70.59,,
2010-05-20,71.9,80.17,76.86,77.69,80.17,80.99,,90.08,84.3,85.12,85.12,85.12,,19.83,57.02,72.73,77.69,,78.51,82.64,84.3,,83.47,83.47,,81.82,,
2010-05-21,62.39,77.06,72.48,74.31,76.15,78.9,,87.16,82.57,84.4,83.49,84.4,,24.77,65.14,71.56,78.9,,78.9,79.82,83.49,,79.82,82.57,,88.07,,
2010-05-24,66.04,78.3,71.7,70.75,72.64,74.53,,83.02,73.58,77.36,76.42,76.42,,16.04,34.91,50.0,58.49,,66.98,73.58,80.19,,76.42,79.25,,82.08,,
2010-05-25,57.14,75.71,67.14,66.43,67.86,66.43,63.64,83.57,73.57,67.86,71.43,72.86,66.12,9.29,18.57,27.14,35.0,37.19,50.0,60.0,65.0,65.29,72.86,70.71,63.64,67.14,51.24,22.31
2010-05-26,53.14,72.0,55.43,54.86,54.86,59.43,57.89,82.86,58.29,50.29,51.43,61.14,60.53,4.57,8.0,14.29,24.57,30.26,49.71,53.14,65.71,67.76,61.71,71.43,70.39,76.0,69.74,51.97
2010-05-27,30.07,47.55,31.47,32.17,32.87,32.17,33.06,77.62,31.47,30.07,30.77,30.77,33.87,2.1,4.9,6.29,8.39,10.48,33.57,37.76,35.66,31.45,42.66,42.66,35.48,41.96,35.48,20.16
2010-05-28,45.79,61.68,42.06,41.12,40.19,40.19,,81.31,35.51,35.51,35.51,37.38,,1.87,4.67,7.48,9.35,,43.93,42.99,42.99,,48.6,48.6,,42.99,,
2010-06-01,67.12,73.97,65.07,67.81,67.81,67.12,61.9,81.51,56.16,63.01,58.9,56.85,61.11,5.48,26.03,30.82,33.56,38.89,67.81,67.12,66.44,65.87,57.53,49.32,56.35,52.05,55.56,51.59
2010-06-02,45.36,51.91,35.52,35.52,34.43,37.7,39.24,67.76,31.15,32.79,33.33,36.07,39.87,4.37,7.1,8.74,18.03,22.78,46.45,43.17,51.91,48.73,44.26,51.37,49.37,59.56,50.63,29.75
2010-06-03,46.0,51.33,33.33,36.0,35.33,41.33,38.46,64.67,28.67,32.0,32.67,42.0,38.46,4.0,10.67,9.33,25.33,23.85,52.67,52.67,64.0,50.0,43.33,66.67,46.15,84.0,44.62,8.46
2010-06-04,77.88,79.65,69.91,68.14,67.26,69.91,,71.68,46.9,51.33,51.33,62.83,,12.39,30.09,32.74,53.98,,63.72,61.95,74.34,,54.87,77.88,,92.04,,
2010-06-07,84.82,81.25,77.68,76.79,75.89,77.68,,79.46,66.96,68.75,69.64,73.21,,22.32,51.79,53.57,66.96,,67.86,70.54,79.46,,68.75,83.93,,94.64,,
2010-06-08,77.33,76.0,69.33,67.33,67.33,72.67,62.6,78.67,56.67,57.33,57.33,66.0,57.25,16.0,23.33,34.67,56.0,46.56,45.33,52.67,75.33,65.65,62.67,84.0,67.94,97.33,64.12,4.58
2010-06-09,68.62,71.81,67.02,65.43,65.96,69.15,60.98,76.06,61.7,59.57,61.7,69.15,59.76,21.28,31.91,48.94,61.7,51.83,44.15,56.91,77.66,66.46,70.74,88.3,69.51,95.74,64.02,4.88
2010-06-10,52.29,56.21,48.37,49.67,50.33,56.86,45.86,68.63,40.52,38.56,41.18,57.52,44.36,13.07,15.03,16.99,49.67,32.33,38.56,43.79,71.24,51.13,50.33,82.35,62.41,96.73,57.89,0.0
2010-06-11,45.22,47.83,39.13,38.26,38.26,46.09,36.0,60.0,33.04,33.04,34.78,49.57,40.0,6.09,9.57,13.91,42.61,25.0,36.52,43.48,65.22,47.0,51.3,80.0,56.0,93.04,53.0,0.0
2010-06-14,,,,,,,,,,,,,,,,,,,,,,,,,,,,
2010-06-15,,,,,,,,,,,,,,,,,,,,,,,,,,,,
2010-06-16,25.74,14.85,16.83,18.81,32.67,27.72,,5.94,8.91,11.88,32.67,27.72,,32.67,40.59,67.33,49.5,,52.48,82.18,64.36,,87.13,68.32,,3.96,,
2010-06-17,23.53,14.71,14.71,17.65,27.45,23.53,,5.88,6.86,9.8,28.43,26.47,,24.51,40.2,62.75,50.0,,56.86,81.37,65.69,,85.29,69.61,,7.84,,
2010-06-18,26.21,14.56,14.56,15.53,26.21,23.3,,1.94,5.83,7.77,27.18,22.33,,23.3,38.83,63.11,52.43,,57.28,81.55,68.93,,85.44,70.87,,13.59,,
2010-06-21,28.85,15.38,17.31,19.23,31.73,26.92,,0.0,7.69,8.65,28.85,23.08,,38.46,45.19,74.04,56.73,,56.73,82.69,65.38,,86.54,69.23,,5.77,,
2010-06-22,41.84,23.4,29.08,32.62,39.72,36.88,,4.26,8.51,12.77,33.33,29.79,,39.72,48.23,77.3,63.12,,62.41,82.27,73.76,,88.65,76.6,,12.77,,
2010-06-23,38.2,24.72,24.72,32.02,36.52,35.39,35.2,7.3,10.67,20.22,30.9,32.58,34.4,33.71,48.88,67.42,60.67,62.4,66.29,78.09,72.47,72.0,84.83,69.66,75.2,32.02,52.8,66.4
2010-06-24,56.8,39.2,38.4,44.8,50.4,48.8,,8.0,16.0,29.6,46.4,39.2,,42.4,68.0,83.2,68.0,,77.6,84.8,76.0,,90.4,67.2,,6.4,,
2010-06-25,42.86,27.68,23.21,34.82,41.07,36.61,,1.79,7.14,17.86,32.14,25.89,,25.89,61.61,81.25,58.04,,76.79,83.93,71.43,,91.07,62.5,,2.68,,
2010-06-28,44.04,23.85,24.77,33.03,40.37,32.11,,5.5,8.26,22.94,33.03,26.61,,37.61,66.06,80.73,58.72,,77.98,86.24,69.72,,87.16,54.13,,4.59,,
2010-06-29,70.14,43.75,43.06,47.92,55.56,49.31,52.0,6.94,11.81,26.39,39.58,28.47,40.0,42.36,66.67,81.25,55.56,66.4,76.39,86.81,60.42,73.6,89.58,40.28,63.2,0.69,14.4,78.4
2010-06-30,59.44,42.22,39.44,46.11,56.11,48.33,47.77,11.11,17.22,28.89,45.56,30.56,42.68,29.44,57.22,81.11,53.33,63.69,75.56,89.44,68.89,73.25,93.89,52.22,62.42,1.11,10.83,72.61
2010-07-01,49.66,32.65,29.25,36.05,43.54,34.01,36.72,8.16,14.29,24.49,40.82,27.21,29.69,38.78,54.42,78.23,48.98,59.38,72.11,85.71,58.5,64.84,89.8,37.41,48.44,0.68,6.25,53.12
2010-07-02,31.82,17.27,13.64,20.0,30.0,20.91,,4.55,5.45,12.73,28.18,10.0,,26.36,45.45,70.91,39.09,,65.45,83.64,55.45,,89.09,34.55,,0.91,,
2010-07-06,22.15,10.74,11.41,11.41,17.45,11.41,13.95,0.67,2.68,3.36,14.09,4.03,6.2,15.44,27.52,63.09,23.49,33.33,58.39,79.87,40.94,43.41,89.93,29.53,36.43,0.0,4.65,51.94
2010-07-07,14.97,7.49,6.95,9.63,10.7,9.09,10.49,0.0,2.14,2.67,6.95,3.21,4.32,7.49,22.46,52.94,18.72,25.31,63.64,81.28,47.06,43.21,87.7,29.95,30.25,0.0,2.47,40.74
2010-07-08,13.64,7.79,5.19,9.09,9.74,7.79,9.7,0.0,1.95,1.95,5.84,1.95,2.24,5.84,18.83,51.3,16.23,23.13,63.64,79.87,35.71,39.55,87.01,19.48,23.88,0.0,0.75,47.76
2010-07-09,12.07,8.62,5.17,6.03,9.48,6.9,9.9,1.72,1.72,1.72,4.31,1.72,1.98,6.03,7.76,37.93,10.34,16.83,42.24,70.69,24.14,32.67,89.66,20.69,31.68,0.0,3.96,62.38
2010-07-12,18.26,7.83,6.09,7.83,10.43,6.09,7.92,0.0,0.87,1.74,6.09,1.74,1.98,3.48,13.04,43.48,12.17,18.81,45.22,78.26,31.3,38.61,89.57,15.65,26.73,0.0,0.0,63.37
2010-07-13,22.08,10.39,9.74,9.74,12.99,9.09,10.37,1.3,2.6,2.6,10.39,2.6,2.96,4.55,11.69,46.1,11.04,17.04,44.81,77.92,29.22,31.11,89.61,12.99,20.0,0.0,0.0,48.89
2010-07-14,26.94,15.54,11.4,13.47,16.58,12.95,15.38,3.11,3.11,3.11,13.99,3.63,3.55,4.66,15.54,46.63,13.99,21.89,54.92,77.72,34.72,40.83,86.01,18.13,24.26,0.52,1.78,57.4
2010-07-15,18.47,9.55,9.55,9.55,12.74,8.28,10.22,3.18,3.18,2.55,12.74,3.18,2.92,5.73,12.1,38.85,11.46,19.71,43.31,72.61,26.75,32.12,84.71,15.29,27.01,0.64,2.19,63.5
2010-07-16,26.27,13.56,11.86,14.41,15.25,13.56,16.5,3.39,3.39,3.39,15.25,3.39,6.8,8.47,15.25,40.68,11.86,22.33,46.61,69.49,27.12,36.89,80.51,10.17,30.1,0.0,5.83,70.87
2010-07-19,,,,,,,,,,,,,,,,,,,,,,,,,,,,
2010-07-20,,,,,,,,,,,,,,,,,,,,,,,,,,,,
2010-07-21,10.5,8.84,12.15,13.81,6.08,7.18,,10.5,19.89,33.15,7.73,7.18,,53.59,71.27,9.94,12.71,,75.69,4.42,3.31,,0.0,1.1,,52.49,,
2010-07-22,5.47,1.56,7.81,8.59,2.34,2.34,,6.25,12.5,21.09,5.47,6.25,,42.19,49.22,6.25,6.25,,64.84,2.34,3.91,,0.0,1.56,,37.5,,
2010-07-23,1.74,1.74,2.61,6.09,1.74,1.74,,1.74,6.96,12.17,1.74,5.22,,25.22,38.26,4.35,5.22,,65.22,2.61,4.35,,0.0,1.74,,34.78,,
2010-07-26,2.68,2.68,4.46,8.04,1.79,1.79,,4.46,5.36,13.39,4.46,4.46,,32.14,58.04,5.36,8.04,,68.75,0.89,3.57,,0.0,0.0,,46.43,,
2010-07-27,6.76,3.38,4.73,8.11,4.05,4.05,3.88,4.73,4.73,11.49,4.73,4.73,6.2,22.97,48.65,4.73,7.43,9.3,77.7,2.7,4.05,5.43,0.0,0.0,0.0,36.49,12.4,9.3
2010-07-28,6.49,6.49,8.65,12.97,5.95,5.95,4.94,9.73,14.59,25.95,5.41,5.95,6.79,32.43,58.92,6.49,8.11,9.26,74.59,2.16,3.24,3.09,0.0,0.0,0.0,34.59,9.88,7.41
2010-07-29,7.95,5.3,5.96,12.58,5.3,4.64,3.79,6.62,9.27,23.84,4.64,4.64,5.3,27.15,61.59,7.28,8.61,9.09,83.44,3.31,4.64,3.79,0.0,0.0,0.0,29.14,9.85,6.82
2010-07-30,3.54,3.54,5.31,9.73,2.65,2.65,2.02,5.31,9.73,23.01,3.54,3.54,4.04,39.82,61.06,6.19,7.08,7.07,80.53,2.65,2.65,0.0,0.0,0.0,0.0,31.86,9.09,3.03
2010-08-02,3.54,3.54,2.65,8.85,1.77,1.77,,6.19,6.19,16.81,2.65,2.65,,18.58,48.67,2.65,2.65,,76.99,0.0,0.88,,0.0,0.0,,23.89,,
2010-08-03,3.27,3.27,5.88,11.11,2.61,2.61,3.01,7.19,10.46,21.57,3.27,3.92,3.76,23.53,54.25,3.27,3.27,3.76,71.24,0.0,1.31,0.0,0.0,0.0,0.0,22.22,10.53,9.77
2010-08-04,2.08,2.6,4.17,9.38,2.08,2.6,2.4,5.73,9.9,18.75,3.12,4.17,3.59,29.69,57.29,4.17,4.69,4.79,73.96,0.52,2.6,0.6,0.0,0.52,0.0,36.46,9.58,6.59
2010-08-05,0.0,1.27,3.8,8.23,1.9,1.9,2.17,5.7,11.39,24.05,3.16,4.43,3.62,37.97,62.03,6.96,6.33,5.8,75.95,2.53,3.16,2.17,0.63,0.0,0.72,22.15,10.14,9.42
2010-08-06,0.0,0.0,2.52,5.04,1.68,1.68,1.92,6.72,11.76,23.53,3.36,4.2,2.88,31.09,60.5,7.56,5.88,4.81,78.15,3.36,3.36,0.96,0.84,0.0,0.0,15.97,7.69,7.69
2010-08-09,0.0,0.0,1.69,6.78,1.69,1.69,1.92,9.32,16.1,27.12,4.24,5.08,2.88,39.83,59.32,9.32,6.78,3.85,73.73,1.69,1.69,0.0,0.0,0.0,0.0,15.25,4.81,8.65
2010-08-10,0.0,0.0,1.9,6.33,1.9,2.53,2.88,6.33,12.66,20.89,3.8,6.33,3.6,36.08,58.23,12.66,13.29,5.04,72.78,4.43,3.8,2.88,0.0,0.0,0.0,24.05,6.47,7.19
2010-08-11,6.06,9.09,13.13,15.66,9.6,10.61,9.77,18.69,25.25,34.34,18.69,18.69,15.52,53.03,62.12,16.16,18.69,18.39,72.73,5.56,7.07,5.75,0.51,0.51,0.57,32.83,16.67,13.22
2010-08-12,7.45,10.56,14.91,18.01,11.18,13.04,11.35,20.5,28.57,38.51,21.12,23.6,26.95,55.9,66.46,22.36,25.47,25.53,75.78,8.07,13.66,10.64,0.62,1.86,0.71,40.99,19.86,13.48
2010-08-13,9.09,11.57,15.7,19.01,13.22,16.53,16.98,22.31,31.4,42.15,23.97,27.27,31.13,54.55,67.77,28.1,35.54,33.96,84.3,13.22,27.27,19.81,0.83,3.31,4.72,56.2,34.91,14.15
2010-08-16,,,,,,,,,,,,,,,,,,,,,,,,,,,,
2010-08-17,,,,,,,,,,,,,,,,,,,,,,,,,,,,
2010-08-18,19.02,20.65,27.72,15.22,16.85,16.85,,35.33,54.35,22.28,24.46,25.0,,72.83,9.24,18.48,20.11,,0.0,5.98,3.8,,64.67,48.91,,33.7,,
2010-08-19,19.08,22.9,35.88,16.79,21.37,20.61,,51.91,67.94,29.01,34.35,33.59,,80.15,14.5,29.01,24.43,,0.0,8.4,5.34,,73.28,48.09,,16.79,,
2010-08-20,13.56,17.8,27.97,16.95,20.34,18.64,,56.78,67.8,34.75,38.14,34.75,,78.81,21.19,31.36,26.27,,3.39,11.86,7.63,,62.71,34.75,,9.32,,
2010-08-23,9.57,16.52,18.26,13.91,13.91,13.91,15.84,56.52,57.39,25.22,26.96,26.09,30.69,64.35,6.96,15.65,12.17,15.84,0.0,4.35,3.48,8.91,50.43,27.83,47.52,20.0,45.54,68.32
2010-08-24,13.16,17.11,21.05,15.13,15.13,14.47,18.8,50.0,62.5,25.0,24.34,23.03,30.83,73.03,11.18,17.11,13.16,20.3,0.0,3.29,1.97,9.77,44.74,19.08,45.11,15.79,48.12,74.44
2010-08-25,11.05,15.26,19.47,14.74,14.74,14.21,16.17,51.58,61.58,29.47,27.37,25.79,28.14,67.89,14.74,17.37,13.68,15.57,1.05,5.26,3.68,7.78,41.05,17.89,23.95,14.74,28.74,52.69
2010-08-26,13.55,15.48,18.71,13.55,14.84,14.19,16.91,39.35,51.61,20.65,21.94,21.94,26.47,70.32,9.68,16.77,14.84,17.65,0.0,5.16,4.52,8.82,55.48,34.19,41.91,21.94,36.03,54.41
2010-08-27,5.17,9.48,13.79,6.9,8.62,7.76,9.8,29.31,42.24,7.76,12.07,9.48,14.71,62.93,3.45,6.9,6.03,9.8,0.0,0.0,0.0,3.92,42.24,22.41,31.37,15.52,34.31,57.84
2010-08-30,12.07,14.66,20.69,12.93,12.07,13.79,16.83,37.93,51.72,17.24,20.69,23.28,27.72,73.28,5.17,7.76,11.21,20.79,0.0,0.0,0.0,9.9,45.69,39.66,49.5,32.76,51.49,58.42
2010-08-31,12.1,14.01,15.92,12.1,10.83,11.46,13.87,22.29,36.94,9.55,11.46,9.55,15.33,70.06,4.46,7.01,7.01,13.87,0.0,0.0,0.0,5.11,40.13,22.93,36.5,14.65,40.15,63.5
2010-09-01,2.03,6.6,12.69,2.03,4.06,3.05,5.81,16.75,24.87,4.57,4.06,3.55,7.56,55.33,1.52,2.54,2.03,4.65,0.0,0.0,0.0,0.0,29.95,11.68,23.84,10.66,29.07,59.3
2010-09-02,0.0,4.94,7.41,1.23,1.85,1.85,2.82,19.75,22.84,1.85,1.85,1.85,4.23,29.01,0.0,1.85,1.85,2.11,0.0,0.0,0.0,0.0,24.69,11.73,30.28,12.96,38.73,72.54
2010-09-03,0.0,0.0,1.64,0.0,0.0,0.0,0.0,9.84,13.93,0.82,1.64,1.64,1.87,20.49,0.0,0.0,0.0,0.93,0.0,0.0,0.0,0.0,18.03,9.84,18.69,13.11,33.64,58.88
2010-09-07,0.62,8.7,10.56,1.86,1.86,1.86,3.52,24.84,22.98,2.48,1.86,1.86,4.93,23.6,0.0,1.86,1.86,2.11,0.0,0.0,0.0,0.0,34.16,11.8,32.39,12.42,40.14,74.65
2010-09-08,2.48,5.94,9.41,0.5,1.49,1.49,1.69,17.33,18.81,1.98,1.98,1.98,2.25,21.29,0.0,1.49,0.99,2.25,0.0,0.0,0.0,0.0,34.16,6.93,16.29,4.95,18.54,64.04
2010-09-09,4.85,7.27,9.7,1.21,1.82,1.82,2.07,15.76,19.39,1.82,1.82,1.82,2.07,27.27,0.0,1.82,1.21,2.07,0.0,0.0,0.0,0.0,27.27,6.67,13.79,4.85,17.24,64.14
2010-09-10,0.81,3.23,4.84,0.0,0.81,0.81,0.92,12.1,12.9,0.81,1.61,1.61,1.83,20.97,0.0,1.61,0.0,1.83,0.0,0.0,0.0,0.0,25.81,4.84,12.84,2.42,14.68,68.81
2010-09-13,,,,,,,,,,,,,,,,,,,,,,,,,,,,
2010-09-14,,,,,,,,,,,,,,,,,,,,,,,,,,,,
2010-09-15,8.26,11.01,0.0,0.0,0.0,0.0,,13.76,0.0,0.0,0.0,0.0,,0.0,0.0,0.0,0.0,,9.17,0.92,0.92,,1.83,0.92,,33.03,,
2010-09-16,3.64,3.64,0.0,0.0,0.0,0.0,,14.55,0.91,0.91,0.91,0.91,,0.0,0.0,0.0,0.0,,20.0,1.82,1.82,,0.91,0.91,,43.64,,
2010-09-17,0.0,0.9,0.0,0.0,0.0,0.0,,13.51,1.8,1.8,1.8,1.8,,0.9,1.8,0.9,0.9,,20.72,2.7,2.7,,1.8,1.8,,44.14,,
2010-09-20,0.0,0.0,0.0,0.0,0.0,0.0,,9.82,0.0,0.89,0.0,0.0,,1.79,2.68,0.0,0.0,,23.21,0.89,0.89,,0.89,0.89,,33.04,,
2010-09-21,0.0,1.32,0.66,1.32,0.66,0.66,0.0,9.87,2.63,2.63,1.32,1.32,0.0,1.97,3.29,0.0,0.66,0.98,20.39,0.66,1.32,0.98,1.32,2.63,1.96,39.47,42.16,50.0
2010-09-22,5.21,2.6,2.08,2.6,2.08,2.08,0.77,9.9,2.6,3.12,2.08,2.08,0.77,2.08,3.65,1.56,1.56,2.31,23.96,2.6,3.65,3.08,2.08,3.65,3.08,45.31,43.08,49.23
2010-09-23,12.59,8.89,2.96,2.96,2.96,2.96,,9.63,2.22,2.96,2.96,2.96,,0.0,2.96,0.74,1.48,,31.11,6.67,7.41,,2.96,5.19,,45.93,,
2010-09-24,0.0,1.65,0.0,1.65,0.0,0.0,,5.79,0.0,1.65,0.83,0.83,,0.0,0.0,0.0,0.0,,11.57,2.48,4.13,,2.48,4.96,,35.54,,
2010-09-27,5.08,5.08,0.0,0.0,0.0,0.0,0.0,9.32,0.0,0.0,0.0,0.0,0.0,0.0,0.0,0.0,0.0,0.0,5.08,0.0,0.0,2.88,1.69,2.54,4.81,28.81,23.08,22.12
2010-09-28,4.49,5.13,0.0,0.0,0.0,0.0,0.0,9.62,0.64,1.28,0.0,0.0,0.0,0.0,0.0,0.0,0.0,0.0,6.41,0.64,0.0,2.19,2.56,3.21,5.84,18.59,16.79,24.09
2010-09-29,7.69,7.18,1.03,1.54,1.03,0.51,0.58,11.28,1.54,2.05,1.54,0.51,0.58,0.51,0.51,0.51,0.51,0.58,7.18,1.03,0.0,1.16,3.08,2.05,5.23,12.82,14.53,28.49
2010-09-30,11.95,8.81,3.14,2.52,1.26,0.63,0.71,8.18,3.14,2.52,1.26,1.26,1.43,0.63,0.63,0.63,0.63,0.71,8.18,0.0,0.0,1.43,1.89,1.89,5.0,15.09,19.29,30.71
2010-10-01,2.52,2.52,0.0,0.0,0.0,0.0,0.0,5.04,1.68,1.68,0.0,0.0,0.0,0.84,0.0,0.0,0.0,0.0,7.56,0.0,0.0,0.0,1.68,1.68,1.9,15.97,13.33,16.19
2010-10-04,12.61,10.08,2.52,2.52,1.68,1.68,1.92,10.08,2.52,2.52,0.84,1.68,1.92,0.0,0.0,0.0,0.0,0.0,5.04,0.84,0.84,2.88,1.68,1.68,4.81,27.73,24.04,21.15
2010-10-05,5.59,2.48,0.62,0.0,0.0,0.0,0.0,4.97,1.24,0.62,0.0,0.0,0.0,0.0,0.0,0.0,0.0,0.0,3.11,0.62,0.62,0.71,1.86,1.86,2.13,26.71,12.06,12.06
2010-10-06,3.96,2.48,0.0,0.0,0.0,0.0,0.0,3.96,0.5,0.0,0.0,0.0,0.0,0.0,0.0,0.0,0.0,0.0,3.96,1.49,2.48,1.69,2.48,2.97,3.39,39.6,19.21,13.56
2010-10-07,1.81,0.0,0.0,0.0,0.0,0.0,0.0,4.22,0.0,0.0,0.0,0.0,0.0,0.0,0.0,0.0,0.0,0.68,2.41,1.81,3.01,2.74,3.01,3.61,5.48,37.95,25.34,17.81
2010-10-08,0.8,0.0,0.0,0.0,0.0,0.0,0.0,2.4,0.0,0.0,0.0,0.0,0.0,0.0,0.0,0.0,0.0,0.0,1.6,0.8,1.6,1.82,2.4,3.2,5.45,36.0,34.55,27.27
2010-10-11,0.81,0.0,0.0,0.0,0.0,0.0,0.0,2.44,0.0,0.0,0.0,0.0,0.0,0.0,0.0,0.0,0.0,0.0,1.63,0.81,0.81,1.83,1.63,4.07,6.42,33.33,32.11,31.19
2010-10-12,1.21,0.0,0.0,0.0,0.0,0.0,0.0,1.21,0.0,0.0,0.0,0.0,0.0,0.0,0.0,0.0,0.0,0.0,2.42,1.21,1.82,3.42,1.82,4.24,7.53,32.73,36.99,36.3
2010-10-13,14.01,4.35,0.48,0.48,0.48,0.48,0.55,0.0,0.0,0.0,0.0,0.0,0.0,0.0,0.0,0.0,0.0,0.0,1.45,1.45,2.42,2.19,2.9,5.8,7.65,42.03,32.24,24.04
2010-10-14,17.16,10.65,1.78,0.59,0.59,0.59,2.01,2.37,0.59,0.59,0.59,0.59,0.67,0.59,0.59,0.59,0.59,0.67,2.37,2.96,1.78,5.37,2.96,3.55,8.05,23.67,35.57,47.65
2010-10-15,11.02,5.51,0.0,0.0,0.0,0.0,0.0,4.72,0.79,0.79,0.79,0.79,0.89,0.0,0.0,0.0,0.0,0.0,4.72,3.15,3.94,5.36,2.36,3.94,7.14,27.56,31.25,32.14
2010-10-18,,,,,,,,,,,,,,,,,,,,,,,,,,,,
2010-10-19,,,,,,,,,,,,,,,,,,,,,,,,,,,,
2010-10-20,5.64,0.0,0.0,0.0,0.0,0.0,,0.0,0.0,0.0,0.0,0.0,,4.1,2.05,5.13,6.67,,1.54,5.64,3.59,,26.67,18.97,,17.95,,
2010-10-21,1.45,0.0,0.0,0.0,0.0,0.0,,0.0,0.0,0.0,0.0,0.0,,5.07,2.17,4.35,7.25,,2.17,4.35,4.35,,19.57,14.49,,20.29,,
2010-10-22,0.0,0.0,0.0,0.0,0.0,0.0,,0.0,0.0,0.0,0.0,0.0,,1.61,0.0,2.42,2.42,,0.81,1.61,2.42,,17.74,12.1,,12.9,,
2010-10-25,1.65,0.0,0.0,0.0,0.0,0.0,0.0,0.0,0.0,0.0,0.0,0.0,0.0,1.65,0.83,1.65,1.65,1.87,0.0,0.83,0.83,5.61,19.01,14.05,17.76,23.97,24.3,35.51
2010-10-26,10.62,0.0,0.0,0.0,0.0,0.0,0.0,0.0,0.0,0.0,0.0,0.0,0.0,3.12,1.88,2.5,2.5,2.84,0.0,0.0,3.75,4.96,19.37,18.75,19.15,38.12,28.37,16.31
2010-10-27,15.0,1.0,0.5,0.5,1.0,2.0,2.26,0.5,0.5,0.5,0.5,0.5,0.56,7.0,3.5,3.5,4.0,4.52,2.0,4.0,4.5,9.6,19.5,15.5,20.9,30.5,33.9,41.24
2010-10-28,10.43,0.0,0.0,0.0,1.84,2.45,2.78,0.0,0.61,0.61,0.61,1.23,2.08,9.2,4.91,7.36,7.36,9.72,3.07,4.91,6.75,11.81,25.15,22.09,22.22,31.29,31.94,29.17
2010-10-29,12.3,0.0,0.82,0.82,1.64,2.46,2.78,0.0,0.82,0.82,0.82,2.46,1.85,13.11,4.92,7.38,7.38,10.19,0.0,4.1,4.92,8.33,23.77,26.23,23.15,40.98,34.26,22.22
2010-11-01,13.11,0.0,3.28,1.64,1.64,2.46,2.8,0.0,1.64,0.0,1.64,2.46,2.8,22.13,5.74,5.74,6.56,9.35,1.64,4.1,7.38,11.21,18.85,27.87,24.3,41.8,38.32,29.91
2010-11-02,12.12,0.0,2.42,0.61,2.42,2.42,2.76,0.0,1.21,0.0,1.82,3.03,2.07,22.42,7.27,8.48,7.88,8.97,2.42,9.7,9.7,9.66,23.64,19.39,14.48,20.61,14.48,14.48
2010-11-03,14.01,0.0,0.48,0.97,1.93,1.93,1.65,0.0,0.0,0.0,0.0,0.0,0.0,17.39,7.25,6.28,6.28,10.44,3.38,7.25,6.76,11.54,9.66,11.11,13.74,15.46,25.27,40.11
2010-11-04,12.35,0.0,0.0,0.0,0.0,0.0,0.0,0.0,0.0,0.0,0.0,0.0,0.0,8.82,5.29,5.29,5.29,5.33,1.76,3.53,3.53,4.0,8.82,12.35,12.0,29.41,20.0,19.33
2010-11-05,15.62,0.0,0.0,0.78,0.78,0.0,0.88,0.78,0.0,0.0,0.0,0.0,0.0,4.69,3.12,3.91,4.69,4.42,2.34,4.69,5.47,5.31,9.38,7.81,10.62,15.62,15.04,23.89
2010-11-08,15.08,0.0,1.59,1.59,1.59,1.59,1.79,0.0,0.79,0.0,0.79,0.79,0.89,4.76,3.17,3.97,5.56,5.36,0.79,3.17,3.97,4.46,7.14,8.73,11.61,17.46,13.39,19.64
2010-11-09,18.93,0.0,1.78,1.78,2.37,1.78,2.67,0.0,0.0,0.0,0.59,0.0,0.0,5.33,3.55,4.73,5.92,4.67,1.18,4.14,4.73,2.67,10.06,9.47,12.67,17.16,14.67,22.0
2010-11-10,17.92,0.0,1.42,0.94,1.42,1.42,1.06,0.0,0.0,0.0,0.0,0.0,0.0,4.25,3.77,3.77,4.72,3.72,1.42,3.77,1.42,1.6,8.02,8.02,6.38,10.38,8.51,13.83
2010-11-11,22.54,0.0,1.16,1.16,1.73,1.73,1.31,0.0,0.0,0.0,0.0,0.0,0.0,4.05,4.05,4.62,5.2,3.27,2.89,6.36,5.78,2.61,10.4,8.67,7.19,6.94,6.54,14.38
2010-11-12,29.23,3.85,4.62,5.38,5.38,5.38,6.09,0.77,1.54,1.54,3.08,2.31,1.74,4.62,6.15,7.69,7.69,6.96,3.85,7.69,7.69,6.09,14.62,10.77,9.57,13.85,6.96,13.04
2010-11-15,,,,,,,,,,,,,,,,,,,,,,,,,,,,
2010-11-16,,,,,,,,,,,,,,,,,,,,,,,,,,,,
2010-11-17,0.0,0.86,4.31,2.59,5.17,5.17,,13.79,10.34,9.48,7.76,8.62,,6.9,6.9,7.76,6.9,,11.21,13.79,9.48,,14.66,17.24,,30.17,,
2010-11-18,0.0,0.0,0.0,0.0,0.0,0.0,,0.85,5.98,5.98,5.98,5.98,,5.98,5.98,8.55,6.84,,10.26,15.38,9.4,,25.64,16.24,,11.11,,
2010-11-19,0.0,0.0,0.0,0.0,0.0,0.0,,0.85,5.08,1.69,5.93,5.93,,5.93,5.93,7.63,6.78,,10.17,15.25,9.32,,25.42,16.1,,11.02,,
2010-11-22,0.0,0.0,0.0,0.0,0.0,0.0,,0.84,0.0,0.84,4.2,0.84,,4.2,5.88,5.88,6.72,,8.4,12.61,6.72,,17.65,11.76,,6.72,,
2010-11-23,1.24,0.62,0.62,1.24,1.24,0.62,0.0,3.11,3.73,2.48,6.83,6.21,0.0,4.97,6.83,8.7,8.07,5.66,10.56,16.15,9.32,1.89,24.84,11.18,4.72,4.35,1.89,8.49
2010-11-24,0.0,0.0,0.0,0.0,0.0,0.0,0.0,0.99,0.99,2.46,2.96,2.46,0.0,4.43,6.9,7.39,8.37,5.93,10.84,11.82,8.37,2.22,11.82,7.39,2.22,6.4,2.96,8.89
2010-11-26,0.0,1.59,1.59,3.97,4.76,3.97,,3.97,4.76,5.56,7.14,6.35,,7.14,7.14,9.52,9.52,,13.49,18.25,13.49,,18.25,8.73,,3.97,,
2010-11-29,1.61,0.81,0.81,2.42,4.84,4.84,0.91,2.42,4.03,8.06,8.06,6.45,5.45,6.45,8.87,8.87,8.87,7.27,27.42,20.16,15.32,11.82,18.55,8.06,7.27,7.26,2.73,6.36
2010-11-30,12.8,7.93,9.76,9.76,11.59,9.76,10.34,8.54,9.76,9.76,10.98,9.76,11.72,10.37,9.76,12.2,11.59,13.79,22.56,25.0,17.68,16.55,45.12,16.46,8.97,11.59,3.45,6.21
2010-12-01,2.93,2.93,1.95,3.9,5.85,5.85,5.49,3.41,4.88,5.85,8.78,8.29,6.59,7.8,8.29,9.27,9.76,8.79,15.61,20.0,16.59,13.74,32.2,15.61,8.79,13.66,4.95,7.14
2010-12-02,0.0,0.0,0.0,0.0,0.0,0.0,0.0,1.8,0.0,1.8,0.6,0.0,0.0,1.8,3.59,3.59,1.8,2.03,10.18,13.17,5.99,1.35,14.37,6.59,4.73,7.19,1.35,4.05
2010-12-03,0.0,0.0,0.0,0.0,0.0,0.0,0.0,0.8,0.0,0.0,0.0,0.0,0.0,1.6,0.0,1.6,1.6,0.0,7.2,8.0,2.4,0.0,14.4,5.6,3.6,7.2,0.9,3.6
2010-12-06,0.0,0.0,0.0,0.0,0.0,0.0,0.0,1.6,0.0,0.0,0.0,0.0,0.0,0.0,0.0,1.6,0.8,0.0,4.8,7.2,0.8,0.0,8.8,4.0,1.82,4.0,2.73,4.55
2010-12-07,2.37,1.18,0.0,0.59,0.0,0.0,0.0,1.78,0.0,0.0,0.0,0.0,0.0,0.59,0.0,1.18,0.0,0.0,4.73,4.73,0.59,0.0,6.51,1.78,2.01,2.37,0.0,6.04
2010-12-08,11.79,1.89,0.94,0.47,0.0,0.47,0.0,1.42,0.0,0.47,0.0,0.0,0.0,0.0,0.0,0.94,0.0,0.0,3.77,2.83,0.94,0.53,5.19,3.3,2.67,7.08,4.28,8.56
2010-12-09,18.39,3.45,1.72,1.72,0.57,0.0,0.0,2.3,0.0,0.0,0.0,0.0,0.0,0.0,0.0,0.0,0.0,0.0,2.87,1.72,0.57,0.0,4.6,1.72,2.6,4.02,1.3,9.74
2010-12-10,19.85,12.21,4.58,3.05,3.82,3.05,1.72,3.05,2.29,2.29,0.0,0.0,0.0,0.0,0.0,0.0,0.0,0.0,2.29,2.29,0.76,0.0,4.58,1.53,1.72,3.05,0.0,5.17
2010-12-13,20.93,15.5,6.2,5.43,5.43,4.65,5.22,6.2,3.88,3.1,3.88,3.1,0.0,1.55,0.78,1.55,0.78,0.0,3.88,3.1,0.78,0.0,5.43,2.33,0.87,3.1,0.0,6.96
2010-12-14,27.75,19.08,8.09,8.67,7.51,8.09,7.79,4.62,4.62,4.62,4.62,4.05,3.25,2.31,2.31,2.31,2.31,1.3,4.62,4.05,1.73,1.3,6.36,4.62,1.95,6.36,1.95,7.14
2010-12-15,29.95,21.2,11.98,9.22,8.76,8.76,8.29,6.91,5.53,5.07,5.07,5.07,5.18,2.76,3.23,2.76,2.76,2.59,6.91,5.99,2.3,2.07,7.83,4.61,2.07,5.07,1.04,8.29
2010-12-16,20.9,14.69,5.65,7.34,5.65,5.65,5.1,5.08,4.52,4.52,4.52,4.52,3.82,2.26,2.26,2.26,2.26,1.91,3.95,3.95,1.69,1.27,6.21,2.82,0.0,7.34,0.64,4.46
2010-12-17,9.02,0.75,2.26,2.26,2.26,2.26,0.0,1.5,3.76,3.76,3.76,3.76,1.69,3.01,3.76,3.01,3.01,3.39,3.76,5.26,3.76,2.54,6.77,5.26,1.69,12.78,2.54,4.24
2010-12-20,,,,,,,,,,,,,,,,,,,,,,,,,,,,
2010-12-21,,,,,,,,,,,,,,,,,,,,,,,,,,,,
2010-12-22,11.22,4.88,5.37,4.88,5.37,2.44,,0.98,1.46,1.46,1.46,0.0,,5.85,4.39,5.37,2.93,,3.9,3.9,0.49,,13.66,4.39,,0.98,,
2010-12-23,22.22,6.94,8.33,6.94,8.33,7.64,,1.39,1.39,3.47,3.47,2.08,,5.56,5.56,6.25,2.78,,6.25,7.64,2.08,,13.19,6.94,,2.78,,
2010-12-27,31.5,10.24,10.24,7.87,7.09,6.3,6.19,0.0,0.79,1.57,0.79,0.0,0.0,8.66,6.3,5.51,2.36,1.77,7.09,6.3,0.0,0.0,5.51,4.72,1.77,3.94,0.88,0.88
2010-12-28,30.36,10.71,10.12,9.52,8.93,8.33,10.07,1.19,0.6,2.38,1.79,1.19,2.01,5.95,7.74,7.14,5.95,5.37,13.1,12.5,6.55,8.05,8.33,7.14,8.72,8.93,8.72,14.09
2010-12-29,27.14,6.67,7.14,7.14,6.67,6.19,7.49,1.43,2.38,2.86,1.9,1.43,2.14,7.14,8.1,5.24,4.29,4.28,9.05,5.71,2.86,4.28,4.29,5.24,9.09,11.9,12.3,20.86
2010-12-30,25.73,4.68,5.26,5.26,4.68,4.09,4.61,0.0,0.0,0.58,0.0,0.0,0.0,7.6,8.19,5.26,2.92,3.29,8.77,6.43,1.17,2.63,5.26,4.68,7.89,7.02,9.87,21.71
2010-12-31,20.31,3.12,0.78,1.56,0.78,0.78,0.88,0.0,0.0,0.0,0.0,0.0,0.0,3.12,3.91,1.56,1.56,2.63,8.59,6.25,0.0,0.88,6.25,2.34,7.89,2.34,7.89,45.61
2011-01-03,21.09,5.47,5.47,5.47,3.91,3.91,4.42,2.34,2.34,2.34,2.34,1.56,1.77,6.25,5.47,3.91,3.12,3.54,4.69,2.34,0.0,0.88,3.91,1.56,5.31,4.69,9.73,23.89
2011-01-04,20.23,6.36,6.36,5.2,5.2,4.05,5.23,4.62,3.47,3.47,3.47,2.89,3.27,6.94,6.94,4.62,4.62,3.92,5.2,4.05,1.73,1.31,4.05,3.47,5.23,8.09,9.8,22.22
2011-01-05,18.89,7.37,6.45,5.53,5.99,5.07,4.69,4.61,4.61,3.69,4.15,3.69,3.65,6.91,5.53,5.53,3.69,4.17,4.61,3.69,1.84,2.08,6.45,3.69,5.21,5.07,9.38,20.83
2011-01-06,18.54,7.87,6.18,6.18,6.74,5.06,5.06,3.93,3.93,3.93,3.93,3.37,3.8,6.74,5.06,5.62,3.37,4.43,5.06,6.18,2.81,3.16,8.43,3.93,6.33,4.49,9.49,25.95
2011-01-07,17.16,10.45,8.21,7.46,7.46,4.48,5.88,4.48,5.97,5.22,3.73,3.73,5.88,7.46,4.48,3.73,2.24,4.2,3.73,2.99,1.49,3.36,5.97,2.24,5.88,5.22,10.92,34.45
2011-01-10,13.64,9.09,6.82,7.58,6.82,4.55,5.93,3.03,7.58,6.06,6.82,5.3,6.78,6.82,6.82,4.55,3.79,4.24,3.03,3.03,0.76,0.85,6.82,0.76,4.24,1.52,5.93,29.66
2011-01-11,13.56,5.08,5.08,3.95,4.52,2.26,2.53,1.69,5.08,4.52,4.52,2.26,2.53,6.78,5.08,3.95,2.26,3.8,1.13,1.69,0.56,0.0,7.34,0.56,1.27,1.69,0.63,15.82
2011-01-12,13.06,0.9,2.25,0.9,0.9,0.0,0.0,1.8,3.6,2.7,0.9,0.0,0.0,6.31,4.5,2.25,0.0,0.0,1.35,1.35,0.0,0.0,1.8,0.0,0.0,1.8,0.0,16.16
2011-01-13,14.92,0.55,2.21,1.1,1.1,0.55,0.0,1.66,2.76,1.66,1.66,0.0,0.0,6.08,6.08,3.31,2.21,0.62,2.21,2.21,1.1,0.0,5.52,0.0,0.62,2.21,0.0,12.42
2011-01-14,17.65,1.47,0.0,0.0,0.0,0.0,0.0,1.47,0.0,0.0,0.0,0.0,0.0,2.94,1.47,1.47,0.0,0.0,1.47,1.47,0.0,0.0,1.47,0.0,0.0,2.21,0.0,11.57
2011-01-18,,,,,,,,,,,,,,,,,,,,,,,,,,,,
2011-01-19,6.76,5.8,6.28,5.31,1.45,0.97,,4.83,5.31,3.38,0.97,0.0,,4.83,1.93,0.0,0.0,,3.38,0.0,0.0,,2.9,0.97,,3.38,,
2011-01-20,5.48,5.48,6.16,4.79,2.05,2.05,,7.53,7.53,4.79,2.05,1.37,,3.42,0.68,1.37,0.0,,1.37,0.0,0.0,,6.16,4.11,,3.42,,
2011-01-21,6.87,7.63,8.4,8.4,6.11,4.58,,8.4,10.69,7.63,6.87,4.58,,8.4,6.11,2.29,0.76,,7.63,0.76,0.76,,5.34,3.82,,3.05,,
2011-01-24,12.31,6.15,5.38,2.31,0.77,0.0,0.0,6.15,6.15,4.62,0.77,0.0,0.0,3.08,3.08,1.54,0.0,0.0,3.08,0.0,0.0,0.0,1.54,0.77,0.0,5.38,0.0,0.0
2011-01-25,10.47,6.98,5.23,2.33,1.16,0.58,0.65,7.56,6.4,4.65,1.16,0.0,0.0,3.49,2.33,0.58,0.0,0.0,0.58,0.0,0.0,0.0,2.33,1.16,0.65,3.49,1.31,3.27
2011-01-26,5.12,5.12,2.79,1.4,0.93,0.47,0.52,6.98,6.05,5.12,0.47,0.0,0.0,4.19,2.33,0.0,0.0,0.0,3.72,0.0,0.0,0.0,1.86,0.0,0.0,7.44,1.04,1.56
2011-01-27,5.71,4.57,1.71,1.14,0.57,0.57,0.0,5.14,4.57,3.43,0.0,0.0,0.0,3.43,0.57,0.0,0.0,0.0,3.43,0.0,0.0,0.0,1.71,0.0,0.0,9.71,1.92,0.0
2011-01-28,32.82,22.9,16.79,13.74,12.21,12.21,11.97,10.69,11.45,7.63,5.34,3.82,3.42,5.34,6.11,3.05,0.76,0.85,6.87,0.76,0.76,0.85,3.82,3.05,1.71,9.16,0.85,1.71
2011-01-31,32.06,25.95,22.14,17.56,15.27,13.74,13.79,12.98,12.21,11.45,9.16,6.87,6.03,8.4,7.63,4.58,2.29,0.86,7.63,0.0,0.0,0.0,1.53,1.53,0.0,3.82,0.0,2.59
2011-02-01,25.99,23.16,20.34,12.99,11.86,11.3,10.19,14.69,11.86,9.6,7.34,6.78,5.73,8.47,6.78,2.26,1.13,0.64,5.65,0.0,0.0,0.0,1.69,2.26,0.0,10.17,0.64,3.18
2011-02-02,29.28,24.77,22.52,15.77,14.41,13.06,12.18,15.32,12.16,10.36,8.11,7.66,6.09,9.01,7.21,2.7,1.8,1.02,6.31,0.45,0.0,0.0,2.25,2.7,1.02,9.91,0.0,2.03
2011-02-03,25.27,22.53,20.88,14.29,12.09,11.54,11.73,13.19,12.09,10.99,8.79,6.59,6.17,9.34,9.34,3.3,2.2,0.62,7.69,0.55,0.0,0.0,1.65,1.65,0.0,7.14,0.0,3.09
2011-02-04,25.55,23.36,18.25,13.87,11.68,10.22,10.66,10.95,11.68,10.22,7.3,5.84,3.28,10.22,9.49,3.65,1.46,0.82,7.3,0.0,0.0,0.0,1.46,0.0,0.0,3.65,0.0,0.82
2011-02-07,31.85,25.19,20.74,15.56,13.33,11.85,10.74,14.07,12.59,10.37,8.89,7.41,6.61,7.41,7.41,3.7,2.22,0.0,3.7,0.74,0.0,0.0,1.48,0.0,0.0,3.7,0.0,0.0
2011-02-08,35.36,29.83,24.31,18.78,13.81,13.26,12.35,14.92,13.26,11.05,9.94,8.84,6.79,11.6,8.84,4.42,3.31,0.0,1.66,0.0,0.0,0.0,1.66,1.1,0.0,4.42,0.0,0.0
2011-02-09,37.0,31.72,25.11,20.7,15.42,13.66,13.3,19.82,13.66,12.33,10.13,10.13,8.87,10.13,8.81,4.41,3.52,0.0,4.41,1.32,1.76,0.0,1.32,1.32,0.0,4.41,0.0,0.0
2011-02-10,38.38,32.43,27.57,22.16,17.84,15.68,14.55,22.7,14.05,12.97,11.35,11.35,10.91,12.43,12.97,7.57,6.49,5.45,6.49,4.32,3.78,1.82,2.7,2.16,0.61,4.86,0.61,0.61
2011-02-11,35.97,29.5,23.74,20.86,15.83,12.95,13.71,16.55,12.23,12.95,10.79,10.79,9.68,10.79,12.95,7.19,7.19,6.45,9.35,5.04,5.04,2.42,2.16,2.88,0.81,7.19,0.81,0.0
2011-02-14,,,,,,,,,,,,,,,,,,,,,,,,,,,,
2011-02-15,,,,,,,,,,,,,,,,,,,,,,,,,,,,
2011-02-16,35.24,23.81,22.38,15.24,14.29,12.38,,14.29,13.81,9.05,10.48,7.14,,14.76,8.57,8.57,4.76,,2.86,2.38,0.95,,15.71,5.24,,0.0,,
2011-02-17,32.21,22.15,18.12,12.75,14.09,12.08,,13.42,13.42,11.41,12.08,10.07,,12.08,10.07,10.07,7.38,,8.72,8.72,3.36,,16.11,7.38,,0.67,,
2011-02-18,32.84,20.9,16.42,11.94,12.69,11.94,,8.96,11.19,9.7,11.19,10.45,,11.94,11.19,12.69,8.21,,11.19,14.93,5.97,,17.16,8.21,,2.24,,
2011-02-22,59.43,46.86,38.29,32.57,29.14,26.86,28.85,21.71,17.71,15.43,16.57,14.86,17.95,19.43,14.29,14.86,13.14,11.54,11.43,17.71,9.14,8.33,26.29,11.43,12.18,6.86,6.41,14.1
2011-02-23,62.1,51.14,46.12,39.73,37.9,33.79,36.22,28.77,25.57,16.89,18.72,17.35,21.43,25.11,18.26,17.81,15.98,19.9,15.07,20.55,12.79,14.29,26.48,12.33,14.29,8.68,8.16,17.35
2011-02-24,58.66,45.81,39.66,34.08,30.73,27.37,32.5,24.02,20.67,16.2,17.32,15.64,18.13,24.02,17.32,15.64,14.53,18.13,12.29,16.2,8.94,10.62,19.55,10.61,13.75,10.06,8.13,18.13
2011-02-25,38.06,28.36,23.88,22.39,20.15,18.66,20.0,13.43,14.18,14.18,14.18,13.43,13.33,15.67,13.43,13.43,8.96,9.17,8.21,11.19,4.48,3.33,15.67,9.7,10.83,8.21,6.67,15.83
2011-02-28,38.81,31.34,24.63,23.88,20.9,17.16,18.49,11.94,14.18,12.69,12.69,11.19,11.76,12.69,11.19,10.45,9.7,8.4,5.97,8.21,4.48,4.2,11.19,6.72,5.04,3.73,6.72,14.29
2011-03-01,60.77,44.2,39.78,35.36,32.04,28.73,31.06,23.76,20.44,16.57,15.47,14.36,15.53,20.99,14.36,13.26,12.15,13.04,11.05,13.26,7.18,9.32,13.81,8.29,11.18,6.08,12.42,19.25
2011-03-02,60.79,43.61,39.65,33.48,30.84,27.31,30.2,24.67,20.26,17.18,15.42,14.54,15.84,18.5,14.54,13.22,12.78,12.87,11.01,13.66,7.93,8.91,14.98,10.13,11.39,6.61,7.92,16.83
2011-03-03,42.47,33.33,29.57,25.27,23.66,22.58,24.1,18.82,15.59,13.98,12.9,12.9,13.86,18.82,12.9,12.37,11.29,10.84,3.23,9.68,5.91,6.02,14.52,8.6,9.64,2.15,6.02,19.28
2011-03-04,40.0,32.14,28.57,26.43,24.29,25.0,27.2,20.71,17.14,15.71,14.29,13.57,15.2,20.71,15.0,13.57,12.14,13.6,10.0,12.86,7.86,8.0,14.29,7.86,7.2,1.43,4.8,20.0
2011-03-07,53.62,45.65,39.13,34.06,31.16,27.54,30.65,30.43,27.54,20.29,18.12,15.94,14.52,28.26,15.22,13.77,13.77,14.52,12.32,13.04,7.97,8.87,16.67,10.14,9.68,5.8,10.48,23.39
2011-03-08,51.35,38.92,36.22,30.81,29.73,27.03,28.92,25.95,22.7,16.22,14.05,13.51,15.06,25.95,14.59,14.05,14.05,15.06,9.73,13.51,7.03,8.43,20.0,7.57,10.24,2.7,6.63,25.3
2011-03-09,58.62,47.41,41.38,35.34,34.05,29.74,32.69,31.47,27.16,21.12,18.1,15.09,15.87,26.29,15.95,15.09,14.66,15.87,13.79,15.09,7.76,9.62,20.69,7.33,10.58,3.45,7.69,27.88
2011-03-10,65.61,56.08,53.97,46.03,42.86,35.98,38.46,39.68,30.69,27.51,24.34,17.99,18.34,26.46,16.93,15.34,15.34,17.16,15.34,16.93,13.23,13.61,29.63,10.05,13.02,4.23,10.06,35.5
2011-03-11,60.56,50.7,42.25,35.21,35.92,30.99,34.65,33.1,28.87,20.42,17.61,14.79,16.54,26.76,14.79,14.79,14.79,16.54,7.04,14.79,7.75,11.02,35.21,10.56,13.39,4.23,9.45,36.22
2011-03-14,,,,,,,,,,,,,,,,,,,,,,,,,,,,
2011-03-15,,,,,,,,,,,,,,,,,,,,,,,,,,,,
2011-03-16,55.2,54.4,47.2,48.0,41.6,40.8,,60.8,36.8,38.4,21.6,19.2,,20.8,21.6,14.4,12.8,,40.0,11.2,9.6,,7.2,7.2,,23.2,,
2011-03-17,54.76,52.38,48.41,48.41,43.65,41.27,,42.06,37.3,41.27,22.22,20.63,,26.98,30.95,17.46,15.87,,47.62,15.08,11.11,,7.94,5.56,,15.08,,
2011-03-18,51.18,50.39,46.46,48.03,44.09,40.94,,41.73,37.8,41.73,23.62,21.26,,30.71,34.65,20.47,18.11,,47.24,18.11,13.39,,10.24,7.87,,13.39,,
2011-03-21,40.62,42.19,39.06,38.28,27.34,25.0,,34.38,30.47,29.69,18.75,17.97,,29.69,28.91,16.41,13.28,,30.47,9.38,5.47,,5.47,3.12,,7.81,,
2011-03-22,42.2,36.42,32.95,33.53,25.43,24.86,15.6,27.75,26.01,21.39,19.08,16.76,10.09,28.9,26.59,15.03,13.29,7.34,23.7,11.56,5.78,2.75,6.94,4.62,0.92,8.67,11.93,33.03
2011-03-23,35.32,26.61,24.31,23.39,19.72,18.35,11.51,20.64,17.43,16.51,12.39,12.39,7.91,22.02,19.27,12.39,11.93,7.91,19.72,8.26,4.59,1.44,4.59,3.21,1.44,5.05,12.23,37.41
2011-03-24,37.25,24.84,22.88,21.57,16.99,14.38,6.8,15.69,15.03,13.73,13.07,11.76,4.85,17.65,13.73,9.8,7.84,5.83,14.38,3.92,1.96,1.94,5.23,1.31,1.94,2.61,5.83,33.01
2011-03-25,30.66,22.63,18.25,17.52,12.41,10.95,,16.06,13.87,13.14,10.95,9.49,,12.41,13.14,7.3,2.92,,16.06,1.46,2.19,,2.92,0.0,,3.65,,
2011-03-28,34.81,29.63,23.7,24.44,20.0,19.26,20.66,22.96,16.3,16.3,14.07,12.59,12.4,15.56,15.56,8.15,4.44,4.96,22.96,5.19,1.48,2.48,2.22,0.0,3.31,0.0,5.79,19.83
2011-03-29,31.28,25.14,23.46,21.23,18.99,14.53,16.87,18.44,15.08,15.08,12.85,10.06,11.25,17.88,13.97,6.15,3.91,4.37,13.97,1.68,1.68,1.88,2.79,0.0,3.12,0.0,4.37,19.37
2011-03-30,28.57,24.11,22.77,19.64,17.41,12.5,15.42,20.98,16.07,15.62,13.84,10.71,11.94,16.96,14.29,6.25,4.46,4.98,14.29,1.79,1.34,1.99,2.68,0.0,3.48,0.0,4.48,21.89
2011-03-31,27.32,24.04,22.4,19.13,15.3,12.02,12.8,22.4,16.94,15.85,14.21,10.93,10.98,16.39,14.75,6.01,4.37,4.27,14.75,1.64,1.09,1.83,2.19,0.0,1.22,0.55,3.66,17.68
2011-04-01,27.01,21.9,19.71,17.52,13.14,12.41,13.01,13.87,13.87,14.6,10.95,5.84,7.32,14.6,13.87,5.84,2.19,4.07,11.68,1.46,0.73,1.63,4.38,0.0,2.44,0.0,3.25,35.77
2011-04-04,29.2,24.09,23.36,22.63,16.79,13.14,15.57,18.98,15.33,13.87,12.41,8.76,9.02,12.41,12.41,7.3,2.19,4.1,14.6,1.46,0.0,0.82,1.46,0.0,0.0,0.0,1.64,18.85
2011-04-05,27.57,24.86,23.24,19.46,15.68,13.51,15.15,17.3,15.14,14.59,12.43,8.65,10.3,11.89,13.51,7.57,2.7,4.24,15.68,3.24,0.0,2.42,3.24,0.0,0.61,1.08,1.82,16.97
2011-04-06,24.14,22.84,21.98,16.81,15.09,11.64,14.01,18.1,15.95,14.66,11.64,9.05,10.14,13.36,12.93,8.62,2.59,4.35,14.22,3.45,0.86,2.42,3.88,0.43,1.45,1.72,2.42,16.91
2011-04-07,21.58,21.58,21.58,15.26,14.74,12.11,14.12,18.95,15.79,14.74,13.16,11.05,12.94,14.21,13.68,9.47,3.68,5.88,14.21,4.21,1.05,3.53,4.21,0.53,4.12,2.63,4.12,20.59
2011-04-08,21.68,23.08,23.08,16.08,15.38,11.89,13.28,19.58,14.69,14.69,13.29,12.59,14.06,11.89,13.29,9.79,4.2,5.47,15.38,5.59,2.1,3.91,4.2,0.7,4.69,2.8,3.91,21.88
2011-04-11,19.15,21.28,19.15,17.02,13.48,12.06,15.75,21.99,14.89,14.18,12.06,11.35,11.81,12.77,13.48,8.51,7.09,7.87,14.18,3.55,2.84,2.36,3.55,0.71,3.15,2.13,4.72,19.69
2011-04-12,24.87,25.4,21.69,21.16,16.4,14.81,17.06,24.87,15.87,15.34,12.7,12.7,14.12,11.64,14.29,10.58,8.47,9.41,15.34,7.94,5.82,6.47,5.29,3.17,4.71,5.82,7.06,21.18
2011-04-13,22.36,22.78,20.25,16.46,13.08,11.39,13.62,22.78,13.92,13.92,12.66,10.55,12.21,8.86,13.92,9.28,5.91,8.45,16.03,8.02,4.64,4.23,4.22,0.0,2.82,2.11,3.29,18.31
2011-04-14,17.62,18.13,15.03,12.95,10.36,8.81,10.4,15.03,11.4,12.44,11.4,9.84,12.14,8.81,12.95,8.29,5.18,8.67,14.51,6.74,3.63,4.05,4.15,0.0,3.47,2.59,5.2,21.39
2011-04-15,0.69,2.76,6.21,4.83,4.83,1.38,1.54,8.28,9.66,9.66,8.97,6.21,6.15,8.28,10.34,6.21,4.14,3.85,12.41,4.83,3.45,3.85,2.07,0.0,1.54,2.07,1.54,13.08
2011-04-18,,,,,,,,,,,,,,,,,,,,,,,,,,,,
2011-04-19,,,,,,,,,,,,,,,,,,,,,,,,,,,,
2011-04-20,4.52,4.98,7.69,5.43,1.81,0.9,,6.33,10.41,4.52,1.81,0.0,,11.31,4.98,1.36,0.0,,0.9,0.0,0.0,,3.62,0.0,,2.71,,
2011-04-21,6.41,3.85,7.05,4.49,1.28,0.64,,5.13,7.69,3.85,0.0,0.0,,16.67,4.49,1.28,0.0,,0.0,0.0,0.0,,3.85,0.0,,3.85,,
2011-04-25,6.52,2.9,3.62,0.72,0.0,0.0,0.0,4.35,5.8,1.45,0.0,0.0,0.0,12.32,1.45,0.0,0.0,0.0,0.0,0.0,0.0,0.0,1.45,0.0,0.0,0.72,0.0,0.81
2011-04-26,15.85,6.56,6.56,1.09,0.55,1.09,3.66,4.37,4.37,0.55,0.0,0.0,2.44,8.74,0.0,0.0,0.0,2.44,0.0,0.0,0.0,2.44,4.37,6.56,12.2,19.67,43.9,76.83
2011-04-27,20.09,6.99,7.42,1.31,0.0,0.44,2.91,4.37,3.93,0.0,0.0,0.0,0.49,8.73,0.0,0.0,0.0,1.94,0.0,0.0,0.0,1.94,6.11,6.99,13.59,23.14,38.83,65.05
2011-04-28,21.93,7.49,6.42,0.53,0.0,0.0,1.79,4.28,3.21,0.0,0.0,0.0,0.0,5.88,0.0,0.0,0.0,0.0,0.0,0.0,0.0,0.0,3.21,5.35,6.55,16.58,26.19,57.14
2011-04-29,20.71,9.29,10.71,2.14,1.43,0.71,3.17,6.43,5.71,0.71,0.0,0.0,0.0,5.71,0.0,0.0,0.0,0.0,0.71,0.0,0.0,0.0,1.43,1.43,6.35,14.29,23.81,59.52
2011-05-02,26.43,17.14,11.43,7.86,4.29,4.29,6.4,6.43,8.57,2.14,0.0,0.0,1.6,9.29,0.0,0.0,0.0,0.0,0.0,0.0,0.0,0.0,1.43,5.71,9.6,22.86,43.2,61.6
2011-05-03,25.93,19.58,15.87,10.05,8.47,7.94,10.06,9.52,11.11,5.29,2.65,4.23,6.51,11.11,1.06,0.53,0.53,4.73,1.06,0.0,0.0,4.14,5.82,6.35,16.57,19.58,42.6,69.23
2011-05-04,28.69,21.94,22.78,11.81,10.13,10.13,16.04,10.55,13.08,6.75,5.91,6.33,9.43,16.46,2.95,1.69,2.11,9.43,1.69,0.42,0.42,5.66,6.33,6.75,17.92,20.25,47.17,78.3
2011-05-05,30.93,26.29,26.29,14.43,12.37,13.92,19.54,13.4,14.43,8.76,6.7,7.73,11.49,17.01,3.61,1.55,3.09,10.34,2.06,0.0,0.52,5.75,4.64,6.7,17.82,28.87,51.15,66.09
2011-05-06,34.93,27.4,27.4,15.07,13.01,14.38,19.08,12.33,13.7,6.85,6.85,6.85,9.16,17.12,2.74,1.37,1.37,6.87,2.05,0.68,0.0,2.29,6.85,6.16,14.5,21.92,42.75,67.94
2011-05-09,34.72,23.61,22.22,11.11,11.11,12.5,16.92,10.42,11.11,6.94,6.25,6.94,10.77,17.36,3.47,2.08,5.56,9.23,0.69,0.0,1.39,4.62,5.56,7.64,13.85,22.22,34.62,60.0
2011-05-10,30.05,20.21,17.1,10.36,7.77,9.33,11.49,5.7,8.81,4.15,4.15,5.18,8.62,8.29,2.07,1.55,4.15,9.2,1.04,0.0,2.59,5.75,5.18,9.84,15.52,28.5,37.93,52.3
2011-05-11,37.19,23.55,21.49,12.81,11.16,11.57,16.97,7.02,11.16,7.44,6.61,7.44,11.01,14.46,4.13,3.72,7.44,11.93,2.07,0.83,4.55,7.8,8.68,9.5,18.81,26.03,38.07,61.01
2011-05-12,28.93,16.75,15.23,10.15,8.12,8.63,11.3,4.06,9.64,6.09,5.58,6.09,10.73,13.71,3.05,2.54,6.09,10.73,2.03,0.0,3.55,7.34,7.61,8.63,20.34,25.38,42.94,67.23
2011-05-13,42.57,27.03,22.97,14.86,12.84,14.19,18.8,5.41,10.14,6.76,6.08,7.43,11.28,14.19,3.38,2.7,7.43,12.03,2.03,0.0,6.08,10.53,9.46,12.16,24.06,27.7,49.62,66.92
2011-05-16,,,,,,,,,,,,,,,,,,,,,,,,,,,,
2011-05-17,,,,,,,,,,,,,,,,,,,,,,,,,,,,
2011-05-18,18.39,12.56,10.76,8.07,9.87,10.31,,12.11,4.48,3.59,5.83,6.73,,1.79,0.0,4.04,6.28,,5.38,8.07,13.45,,26.01,33.18,,58.3,,
2011-05-19,10.13,10.13,5.06,3.16,6.96,8.86,,9.49,3.16,1.27,4.43,6.96,,0.0,0.0,0.0,3.16,,1.27,5.06,12.03,,24.68,26.58,,40.51,,
2011-05-20,14.08,10.56,4.23,2.11,6.34,9.15,,9.86,1.41,1.41,2.82,6.34,,0.0,0.0,0.0,4.23,,0.7,4.93,16.2,,24.65,31.69,,58.45,,
2011-05-23,24.11,19.15,10.64,6.38,8.51,9.22,10.24,14.89,4.26,2.84,5.67,7.8,7.87,0.71,0.0,1.42,5.67,3.94,1.42,4.96,7.8,8.66,22.7,29.79,25.2,55.32,22.83,14.17
2011-05-24,22.46,17.65,10.7,5.35,6.95,8.02,5.95,13.37,6.42,2.14,5.35,6.95,5.36,1.6,0.0,2.14,4.81,2.98,1.07,3.74,5.88,5.95,22.46,26.74,16.67,43.32,10.12,0.6
2011-05-25,16.67,13.25,6.84,3.85,5.13,5.56,4.74,11.97,5.56,2.99,3.85,5.98,4.27,1.71,0.85,1.71,2.99,1.9,1.28,3.42,5.98,3.79,13.25,19.66,10.43,35.04,6.64,0.0
2011-05-26,15.18,11.52,4.19,2.09,4.19,4.71,2.91,10.99,4.19,1.57,2.62,3.66,1.16,0.52,0.0,1.05,2.09,0.0,1.57,3.14,5.76,2.91,13.09,18.85,6.98,29.84,2.33,0.0
2011-05-27,14.69,9.79,5.59,2.1,4.2,4.2,2.33,13.29,6.99,2.8,2.8,3.5,0.78,1.4,0.0,1.4,1.4,0.0,1.4,2.8,4.9,1.55,9.79,16.08,6.2,31.47,0.0,0.0
2011-05-31,17.19,15.62,7.81,3.12,3.65,4.69,2.33,14.58,6.77,2.6,2.08,4.69,1.16,1.56,0.0,0.0,0.52,0.0,2.6,1.56,5.21,0.0,14.58,18.75,6.4,26.04,0.0,0.0
2011-06-01,29.05,28.22,22.41,12.45,14.52,16.18,11.57,24.07,12.86,8.71,9.54,9.96,6.94,4.56,1.24,2.49,2.9,0.93,3.32,3.32,6.64,0.93,15.35,18.26,7.41,23.24,1.85,1.39
2011-06-02,29.8,27.78,21.21,12.12,13.64,14.65,10.67,19.19,12.12,6.57,10.1,9.09,3.93,5.05,1.52,2.02,2.02,0.56,3.54,3.54,5.56,0.56,15.15,16.67,6.18,17.68,0.0,0.56
2011-06-03,30.87,29.53,23.49,12.75,14.77,15.44,11.94,19.46,11.41,6.04,10.74,9.4,2.99,4.03,1.34,1.34,1.34,0.0,4.7,4.7,6.71,0.0,16.78,17.45,5.97,18.79,0.0,0.0
2011-06-06,36.73,33.33,27.21,17.69,18.37,19.05,17.29,26.53,14.29,10.2,12.24,13.61,10.53,4.08,2.04,2.72,6.12,0.0,2.72,5.44,8.16,1.5,14.97,15.65,5.26,24.49,1.5,0.0
2011-06-07,42.13,36.55,28.43,20.81,18.78,19.29,16.85,26.9,13.2,10.66,10.66,12.69,6.18,3.55,1.02,2.03,3.05,0.0,3.05,5.08,8.63,1.12,12.18,15.23,2.25,23.35,1.12,0.0
2011-06-08,52.23,41.7,31.17,25.51,23.08,22.67,21.08,27.53,13.77,10.93,12.15,12.96,9.87,4.45,2.83,3.24,5.67,0.45,4.05,6.07,10.12,2.24,15.38,15.79,5.38,24.29,1.35,0.0
2011-06-09,42.79,37.81,25.87,18.91,17.91,17.41,14.36,26.37,11.94,9.45,10.95,11.94,4.97,1.49,1.49,1.99,2.49,0.0,4.48,6.97,9.45,1.1,14.93,13.43,2.21,15.42,0.0,0.0
2011-06-10,60.26,47.68,35.1,28.48,26.49,24.5,22.06,29.14,12.58,11.92,13.91,15.89,11.03,1.99,1.99,3.31,5.96,0.74,4.64,9.27,10.6,3.68,17.22,17.88,6.62,24.5,0.74,0.0
2011-06-13,,,,,,,,,,,,,,,,,,,,,,,,,,,,
2011-06-14,,,,,,,,,,,,,,,,,,,,,,,,,,,,
2011-06-15,52.63,36.09,27.07,24.06,24.81,16.54,,7.52,12.03,12.03,11.28,2.26,,9.77,9.77,11.28,0.75,,6.77,14.29,0.75,,18.05,0.0,,0.0,,
2011-06-16,51.49,34.33,30.6,27.61,26.12,20.9,,7.46,13.43,13.43,14.18,9.7,,16.42,15.67,17.91,8.96,,21.64,26.12,3.73,,31.34,1.49,,0.0,,
2011-06-17,45.93,28.15,25.19,23.7,25.19,17.04,,5.93,12.59,13.33,13.33,7.41,,22.96,17.04,20.74,9.63,,14.81,22.96,2.96,,31.11,2.22,,0.74,,
2011-06-20,39.71,23.53,22.06,19.12,17.65,12.5,,2.21,8.09,5.88,9.56,2.21,,15.44,13.24,13.97,6.62,,9.56,14.71,2.21,,18.38,0.0,,0.74,,
2011-06-21,38.59,23.37,16.85,17.39,16.3,13.04,4.42,3.26,4.89,7.07,10.87,3.26,0.0,10.87,13.04,15.76,4.35,0.0,17.39,22.83,2.72,0.0,23.37,0.0,0.0,0.0,0.0,14.16
2011-06-22,41.56,24.24,19.48,18.61,19.48,13.42,6.25,3.03,5.19,8.23,11.69,3.9,0.0,12.55,13.85,18.18,6.06,1.39,19.05,27.27,3.9,2.78,35.5,0.87,2.08,0.0,0.0,19.44
2011-06-23,40.74,19.75,15.43,14.2,14.81,12.96,3.74,1.23,3.09,9.26,11.73,0.62,0.0,12.96,16.05,19.14,4.94,0.0,22.84,26.54,2.47,0.93,21.6,0.0,0.0,0.0,0.0,14.95
2011-06-24,53.79,29.66,26.21,26.9,26.21,18.62,,5.52,11.03,13.79,15.86,6.9,,19.31,19.31,21.38,9.66,,29.66,29.66,4.83,,26.21,0.0,,0.0,,
2011-06-27,61.81,31.94,26.39,25.69,25.69,18.75,20.0,4.17,4.17,10.42,12.5,2.08,5.38,12.5,15.28,18.06,7.64,6.15,22.22,28.47,4.86,4.62,33.33,0.0,2.31,0.0,0.0,16.15
2011-06-28,49.74,24.08,19.9,18.32,18.85,10.99,11.63,0.52,0.0,5.24,8.9,0.0,0.0,4.19,12.04,15.18,2.62,4.07,26.18,27.75,3.14,4.07,23.04,0.0,0.0,0.0,0.0,13.95
2011-06-29,43.51,17.57,12.13,12.55,13.81,4.18,5.56,0.0,0.0,0.0,1.67,0.0,0.0,3.77,7.53,10.88,0.42,1.39,16.32,23.85,1.67,2.78,30.96,0.0,0.0,0.0,0.0,14.81
2011-06-30,37.95,11.79,3.08,8.72,10.26,0.51,0.57,0.0,0.0,0.0,1.54,0.0,0.0,0.0,3.59,7.69,0.0,0.0,11.79,18.97,1.03,0.0,30.77,0.0,0.0,0.0,0.0,14.77
2011-07-01,38.36,10.96,6.85,9.59,10.27,2.05,0.0,0.0,0.0,0.0,1.37,0.0,0.0,1.37,4.11,8.22,0.0,0.0,11.64,16.44,1.37,0.0,24.66,0.0,0.0,0.68,0.0,2.27
2011-07-05,38.46,16.41,9.74,9.74,11.79,2.56,2.86,1.54,1.54,1.03,2.05,0.0,0.0,4.1,6.15,10.77,0.0,0.0,9.74,16.92,0.0,0.0,22.05,0.0,0.0,0.0,0.0,6.86
2011-07-06,40.82,20.41,13.88,15.51,19.59,6.94,5.45,4.08,3.67,5.71,10.2,0.41,0.0,7.76,11.84,17.14,0.41,0.91,17.14,24.08,0.0,0.0,24.08,0.0,0.0,0.0,0.0,9.55
2011-07-07,40.59,20.79,14.36,14.85,19.8,7.43,4.95,4.46,3.96,5.45,9.9,0.0,0.0,7.92,11.39,16.83,0.0,0.55,15.84,22.77,0.0,0.0,23.27,0.0,0.0,0.0,0.0,9.89
2011-07-08,40.13,23.03,17.76,19.08,23.03,10.53,9.49,5.92,7.24,7.24,13.16,1.97,2.19,10.53,14.47,17.76,1.97,2.19,15.79,21.05,0.66,0.73,24.34,0.66,0.73,0.66,0.73,6.57
2011-07-11,54.67,40.67,36.0,30.67,30.0,23.33,23.53,16.67,17.33,16.67,18.0,12.67,13.24,18.67,18.67,18.67,10.67,7.35,18.0,22.67,4.67,4.41,40.67,0.0,0.74,0.0,0.0,3.68
2011-07-12,66.67,45.27,38.81,35.32,34.83,27.86,27.47,14.43,15.42,16.42,18.41,12.94,14.84,15.42,19.4,19.9,12.94,10.44,23.38,26.87,6.47,5.49,42.79,0.0,1.65,0.0,0.0,15.38
2011-07-13,72.22,49.21,43.25,38.89,38.49,30.56,30.7,13.89,16.67,18.65,19.44,13.89,15.79,22.22,20.63,21.43,14.68,12.72,24.21,26.98,8.73,6.14,42.46,0.4,1.32,0.4,0.0,10.53
2011-07-14,76.59,56.1,45.85,45.37,45.85,34.15,36.22,19.51,19.02,20.49,20.49,18.05,18.92,19.51,22.93,23.9,16.1,15.14,30.24,37.56,11.71,10.27,48.78,2.44,2.16,0.49,0.54,14.05
2011-07-15,74.68,55.19,44.16,43.51,43.51,33.12,33.81,14.29,16.88,19.48,19.48,17.53,17.99,21.43,24.03,24.03,16.88,15.11,29.22,35.06,11.04,9.35,42.86,0.65,1.44,0.65,0.72,12.95
2011-07-18,,,,,,,,,,,,,,,,,,,,,,,,,,,,
2011-07-19,,,,,,,,,,,,,,,,,,,,,,,,,,,,
2011-07-20,23.08,20.94,22.65,21.79,13.25,13.25,,22.22,25.21,22.65,14.1,14.1,,33.76,32.05,8.55,9.4,,28.21,0.43,0.43,,0.0,0.0,,8.12,,
2011-07-21,20.61,12.12,15.15,14.55,12.73,11.52,,10.3,18.79,20.0,10.3,8.48,,30.91,32.12,8.48,7.27,,30.91,0.0,0.61,,0.0,0.0,,8.48,,
2011-07-22,22.3,12.84,14.86,14.19,12.84,10.81,,11.49,16.89,17.57,10.14,8.11,,28.38,25.68,6.76,3.38,,24.32,0.0,0.0,,0.0,0.0,,4.73,,
2011-07-25,41.5,28.57,28.57,29.25,22.45,17.01,18.8,11.56,19.73,19.73,13.61,10.88,11.28,29.25,34.69,8.84,9.52,10.53,38.78,2.72,2.04,3.76,0.0,0.0,0.0,2.72,6.77,17.29
2011-07-26,41.03,30.77,30.77,32.82,25.13,22.05,24.43,16.41,20.51,23.08,16.41,15.38,16.48,38.46,40.51,14.87,11.79,14.2,42.56,4.62,4.62,7.39,0.0,0.0,0.57,4.1,11.93,24.43
2011-07-27,63.11,48.77,47.13,47.13,33.2,30.74,32.58,26.64,31.15,31.56,22.13,21.31,22.62,48.36,45.49,18.44,16.39,16.74,42.62,4.51,6.15,9.05,0.0,0.82,2.26,9.43,14.03,22.62
2011-07-28,65.33,49.25,49.75,49.75,33.67,30.15,32.78,22.61,29.65,32.66,22.11,20.6,20.56,54.77,49.75,21.61,16.08,16.11,45.73,5.53,6.03,8.33,0.5,0.0,0.56,6.03,8.33,18.89
2011-07-29,76.51,55.7,57.05,55.03,35.57,32.89,35.56,25.5,28.86,29.53,22.15,19.46,20.0,47.65,45.64,20.81,14.09,14.81,40.94,6.71,5.37,7.41,0.67,0.0,1.48,4.03,5.93,19.26
2011-08-01,80.27,60.54,57.14,57.14,42.86,36.05,37.12,30.61,31.29,36.05,19.73,19.05,19.7,37.41,46.94,17.01,14.97,13.64,57.14,6.8,4.76,3.79,0.0,0.0,0.0,4.76,1.52,6.82
2011-08-02,83.42,75.38,72.36,71.86,50.25,48.24,48.04,52.26,48.24,50.25,26.13,26.13,26.82,47.24,50.25,19.6,18.59,19.55,56.78,8.54,9.55,10.06,0.0,1.51,1.68,7.04,11.17,17.88
2011-08-03,78.4,72.0,69.2,70.4,48.8,44.8,45.78,55.2,50.8,51.2,27.2,26.8,27.11,47.6,50.8,20.4,19.2,18.67,56.8,7.6,8.8,9.33,0.0,0.8,1.78,6.8,8.89,14.22
2011-08-04,92.72,90.78,87.38,89.32,82.04,80.58,78.49,88.35,85.92,87.38,70.87,64.08,67.74,83.01,86.89,44.66,37.86,47.31,86.89,25.73,22.82,30.11,0.97,2.43,10.22,17.48,37.1,65.59
2011-08-05,95.48,94.19,91.61,94.19,87.1,85.16,82.14,79.35,82.58,87.74,67.1,63.87,62.14,83.23,92.9,60.0,49.68,50.71,95.48,28.39,26.45,30.71,0.0,2.58,4.29,25.81,24.29,30.0
2011-08-08,98.04,96.73,96.73,96.08,96.08,96.08,94.96,86.93,87.58,92.16,86.93,85.62,82.73,93.46,96.08,88.24,83.01,79.86,97.39,64.71,58.82,60.43,0.0,5.88,12.23,32.03,43.88,60.43
2011-08-09,97.07,95.12,94.15,94.15,88.29,87.32,85.48,67.32,78.54,83.9,62.93,52.68,55.91,83.41,89.76,56.1,44.39,44.62,93.17,27.32,23.41,25.81,0.0,0.0,3.23,16.59,19.89,22.04
2011-08-10,98.05,97.28,95.33,95.72,94.55,94.16,93.56,80.16,84.05,84.82,78.99,72.37,71.67,87.94,93.0,74.71,66.54,69.96,94.16,52.14,40.86,46.35,0.78,6.61,12.02,28.4,36.48,53.65
2011-08-11,98.09,97.13,95.69,96.17,94.74,93.78,92.59,82.3,83.25,84.21,75.12,68.42,64.55,80.86,91.39,65.55,55.98,55.03,93.78,47.37,33.49,34.39,0.0,1.44,9.52,15.79,23.81,33.86
2011-08-12,97.45,96.82,95.54,96.18,94.27,93.63,92.96,86.62,84.71,84.71,80.25,73.25,70.42,81.53,90.45,64.97,58.6,61.27,92.99,45.22,38.85,39.44,0.0,6.37,10.56,30.57,30.28,33.1
2011-08-15,,,,,,,,,,,,,,,,,,,,,,,,,,,,
2011-08-16,,,,,,,,,,,,,,,,,,,,,,,,,,,,
2011-08-17,92.86,92.86,95.0,88.57,87.14,85.0,,90.71,92.86,81.43,75.0,67.86,,96.43,56.43,51.43,50.0,,0.0,2.14,7.86,,47.14,42.86,,47.86,,
2011-08-18,98.58,97.87,97.87,95.04,94.33,94.33,,91.49,93.62,90.07,89.36,82.27,,96.45,74.47,68.79,60.99,,0.0,9.22,13.48,,57.45,44.68,,34.04,,
2011-08-19,99.3,98.59,98.59,96.48,95.77,95.07,,92.25,94.37,91.55,92.25,91.55,,98.59,81.69,81.69,78.17,,2.11,13.38,21.83,,58.45,57.75,,65.49,,
2011-08-22,98.6,98.6,98.6,96.5,96.5,96.5,,94.41,97.2,93.01,93.01,92.31,,98.6,87.41,88.11,85.31,,4.9,17.48,27.27,,67.13,66.43,,69.93,,
2011-08-23,95.85,95.34,95.34,93.26,91.71,92.23,85.47,90.16,92.75,90.16,90.16,89.64,83.76,97.41,82.9,81.87,78.76,64.1,4.66,16.58,24.35,12.82,58.03,61.66,46.15,67.88,36.75,20.51
2011-08-24,93.39,90.5,93.8,88.43,88.02,88.02,81.88,85.12,90.08,84.71,84.3,78.93,75.84,94.63,73.55,67.36,61.98,60.4,3.31,16.94,20.25,18.12,56.61,51.65,57.05,43.39,57.05,65.77
2011-08-25,96.45,95.27,94.08,89.94,89.35,86.98,80.18,84.62,89.35,78.7,75.74,72.19,63.06,93.49,50.89,51.48,45.56,40.54,4.14,17.75,21.89,16.22,46.75,44.97,43.24,47.93,41.44,52.25
2011-08-26,96.03,94.04,93.38,88.74,87.42,86.75,,82.12,88.74,71.52,68.87,58.94,,90.07,44.37,43.71,41.72,,4.64,19.21,20.53,,46.36,32.45,,25.83,,
2011-08-29,94.67,91.33,90.0,84.0,83.33,80.0,75.74,78.67,84.67,62.0,56.67,50.67,58.09,92.67,42.0,43.33,34.67,43.38,3.33,10.0,11.33,20.59,35.33,25.33,36.03,26.67,38.24,60.29
2011-08-30,94.47,91.46,90.45,84.42,83.92,82.41,79.44,81.41,85.93,63.32,57.79,55.28,63.89,92.96,43.22,41.21,38.19,46.11,3.52,9.55,14.07,25.56,36.18,32.66,40.0,38.19,58.89,68.89
2011-08-31,93.17,88.76,90.36,83.94,83.13,79.92,76.55,81.93,87.95,72.29,62.65,60.24,64.16,93.98,51.0,47.79,43.37,44.69,3.21,8.84,11.24,14.6,35.74,28.92,31.86,31.33,30.09,33.19
2011-09-01,93.1,90.15,91.63,85.22,84.73,83.25,79.35,85.71,89.16,76.85,71.92,64.04,69.57,94.09,53.2,49.75,43.35,47.83,3.94,10.34,12.32,17.39,40.39,28.57,37.5,27.59,41.3,60.33
2011-09-02,96.05,94.74,94.74,93.42,92.11,88.16,86.23,90.13,94.08,85.53,84.21,80.92,80.43,95.39,66.45,60.53,52.63,67.39,5.26,13.82,18.42,29.71,40.79,34.87,48.55,35.53,64.49,80.43
2011-09-06,96.04,95.54,94.06,91.58,89.11,88.61,85.71,89.6,92.57,83.66,83.66,80.69,78.57,96.53,71.78,69.8,62.38,65.38,5.45,20.79,22.28,27.47,53.47,41.09,42.86,30.2,40.66,52.2
2011-09-07,93.7,90.16,91.73,85.43,85.04,83.86,81.22,87.4,89.76,80.31,77.56,72.83,74.24,94.09,65.35,62.6,55.51,59.83,5.12,18.11,23.23,29.69,44.49,44.49,48.91,43.7,52.84,58.08
2011-09-08,94.76,92.38,92.86,86.19,85.71,85.24,83.68,89.05,90.95,80.48,78.57,75.71,77.37,94.76,65.24,61.9,57.14,62.63,5.24,16.67,21.43,27.89,45.71,47.62,50.0,50.0,56.84,57.89
2011-09-09,95.57,95.57,96.84,94.3,93.67,93.04,91.61,89.87,94.3,89.87,87.97,82.91,81.12,96.84,79.11,78.48,75.32,76.92,8.23,26.58,26.58,32.17,59.49,50.63,48.95,37.97,46.85,50.35
2011-09-12,92.31,91.67,93.59,87.82,86.54,85.9,83.8,89.74,92.95,84.62,84.62,83.97,80.99,97.44,79.49,78.21,74.36,75.35,10.26,21.79,25.0,32.39,63.46,61.54,67.61,53.85,61.27,57.04
2011-09-13,91.39,90.91,92.34,87.08,85.17,85.17,84.21,89.0,91.87,84.69,85.17,84.21,80.53,96.17,82.78,83.25,76.08,74.74,13.4,24.88,27.75,32.63,64.59,58.37,56.32,46.89,46.84,43.16
2011-09-14,88.93,86.64,89.31,82.82,82.06,82.06,78.99,87.79,89.69,82.82,83.59,81.68,76.89,95.42,80.53,79.39,74.43,73.53,9.54,22.9,25.19,29.83,66.03,59.54,48.74,46.95,39.08,28.99
2011-09-15,82.63,82.63,83.57,80.75,79.81,79.34,74.09,84.04,85.45,80.75,80.75,75.59,72.02,93.9,75.59,69.95,65.26,65.8,8.92,19.72,22.07,26.42,53.52,49.3,39.9,42.25,38.34,36.79
2011-09-16,78.75,78.12,81.25,78.12,75.0,71.88,68.97,80.0,83.75,78.12,72.5,68.12,66.21,91.25,66.88,65.0,61.88,63.45,8.13,18.13,21.88,25.52,48.12,41.25,39.31,37.5,40.69,44.83
2011-09-19,80.81,80.81,80.81,80.81,78.79,78.79,,84.85,87.88,83.84,83.84,79.8,,94.95,78.79,74.75,69.7,,10.1,21.21,25.25,,50.51,49.49,,45.45,,
2011-09-20,79.8,80.81,80.81,79.8,78.79,78.79,,85.86,87.88,83.84,83.84,81.82,,92.93,76.77,70.71,68.69,,10.1,21.21,26.26,,59.6,59.6,,47.47,,
2011-09-21,91.84,95.51,88.98,88.16,88.98,87.35,81.58,96.73,87.76,87.35,88.16,84.08,81.58,22.86,31.84,43.27,35.92,35.53,69.8,74.69,56.73,61.84,73.06,48.98,58.55,20.41,50.0,75.66
2011-09-22,93.02,96.51,92.44,93.02,91.28,91.86,86.84,98.84,88.95,90.12,89.53,87.79,84.21,26.74,47.09,54.65,47.67,58.77,79.07,80.23,72.09,73.68,70.35,59.3,69.3,41.28,65.79,79.82
2011-09-23,94.16,96.1,92.86,93.51,91.56,90.91,,98.7,88.31,88.96,88.96,87.66,,24.68,42.86,54.55,50.0,,77.92,80.52,74.03,,77.92,65.58,,50.0,,
2011-09-26,94.77,95.42,90.85,91.5,89.54,86.93,85.61,95.42,83.01,84.31,83.66,82.35,82.73,18.3,34.64,45.1,43.14,53.96,73.2,78.43,69.28,75.54,77.12,62.75,74.1,43.79,68.35,80.58
2011-09-27,94.58,94.58,88.18,89.66,89.16,86.7,85.33,95.57,83.25,84.73,84.24,82.76,82.07,15.27,33.99,42.36,39.9,55.43,79.8,79.31,70.94,81.52,71.92,60.1,76.63,45.32,74.46,86.96
2011-09-28,96.46,96.85,93.31,92.91,92.91,93.31,91.77,97.64,85.04,87.01,87.8,85.83,86.15,21.26,47.64,57.09,56.3,74.89,87.4,85.04,82.68,84.85,77.56,69.29,83.98,52.76,83.12,90.04
2011-09-29,96.14,96.14,92.27,92.75,93.24,91.3,90.96,95.65,84.54,86.47,85.51,84.54,84.57,19.32,43.0,50.72,48.31,70.74,85.02,83.09,80.19,84.57,75.36,67.15,82.45,52.66,80.85,90.96
2011-09-30,97.42,97.42,95.48,95.48,95.48,95.48,95.04,98.71,87.74,90.97,90.97,89.03,90.07,24.52,58.71,66.45,65.81,78.01,91.61,89.68,85.81,88.65,83.87,71.61,85.11,49.03,85.11,93.62
2011-10-03,96.71,97.37,94.08,94.08,94.08,94.08,93.43,98.68,92.11,94.74,93.42,92.76,92.7,36.18,82.24,83.55,80.92,84.67,95.39,92.11,89.47,89.78,83.55,65.79,81.02,41.45,77.37,92.7
2011-10-04,93.69,95.15,90.29,93.2,92.72,92.23,91.4,97.09,84.95,90.78,90.29,89.32,87.63,24.76,72.33,81.55,79.61,82.26,94.17,94.17,90.29,90.86,87.86,83.01,86.02,61.17,79.03,84.95
2011-10-05,89.58,92.66,83.78,84.56,85.71,85.33,84.62,93.05,78.76,82.24,83.78,80.69,82.48,17.76,47.49,62.16,57.14,73.93,87.64,86.87,81.47,86.32,82.63,70.27,82.91,52.9,80.77,90.17
2011-10-06,88.79,91.59,83.64,83.64,84.58,84.58,83.51,93.46,78.04,80.84,84.11,79.44,80.93,18.22,46.73,63.08,58.88,69.07,87.38,86.92,81.78,84.02,83.18,70.56,79.9,44.86,72.16,82.99
2011-10-07,87.58,90.06,81.99,82.61,83.23,81.99,82.88,92.55,77.02,78.88,80.75,76.4,78.77,16.15,41.61,55.9,51.55,66.44,82.61,80.12,78.26,82.19,73.91,66.46,80.14,54.66,77.4,88.36
2011-10-10,82.39,84.28,78.62,77.99,77.36,75.47,73.1,87.42,72.33,73.58,72.33,69.18,71.72,23.9,38.99,44.65,44.65,54.48,73.58,76.1,67.92,77.93,70.44,55.97,75.17,38.99,68.97,84.14
2011-10-11,83.1,84.98,78.4,77.46,77.0,76.06,73.71,87.32,71.83,74.18,73.71,68.54,71.65,23.94,40.38,48.83,43.66,56.7,77.46,77.46,66.2,78.35,71.36,53.52,74.74,30.05,67.01,85.57
2011-10-12,82.77,82.4,72.66,73.03,72.66,70.79,69.55,83.15,58.05,62.92,65.17,57.68,62.14,14.61,32.58,34.46,33.71,47.33,70.04,69.66,61.05,72.84,62.17,45.69,68.31,29.59,64.2,84.36
2011-10-13,84.79,84.33,72.81,73.27,72.35,69.59,68.53,83.87,56.22,59.91,60.83,52.53,60.41,11.52,27.65,31.8,29.03,43.65,68.2,65.9,53.46,71.07,63.13,37.33,70.56,21.66,67.51,90.86
2011-10-14,79.75,77.3,66.26,68.1,67.48,63.8,64.19,77.3,44.79,46.63,49.08,45.4,51.35,6.75,23.31,24.54,23.93,32.43,68.71,62.58,52.15,61.49,53.99,37.42,50.68,30.06,50.0,72.97
2011-10-17,81.19,86.14,78.22,81.19,80.2,79.21,,91.09,76.24,80.2,82.18,73.27,,10.89,37.62,45.54,35.64,,82.18,82.18,69.31,,69.31,50.5,,26.73,,
2011-10-18,80.2,83.17,74.26,76.24,76.24,74.26,,85.15,59.41,65.35,62.38,58.42,,9.9,33.66,33.66,30.69,,81.19,71.29,61.39,,46.53,35.64,,26.73,,
2011-10-19,92.74,80.65,83.47,81.85,79.44,78.63,71.61,27.02,47.18,54.84,47.98,50.0,48.39,86.29,85.48,72.98,71.77,73.55,69.35,48.79,51.21,60.0,30.65,39.92,56.13,64.52,69.68,78.71
2011-10-20,94.29,80.0,81.14,81.14,78.86,77.14,68.38,29.14,46.86,50.29,45.71,48.57,46.15,86.86,84.0,73.14,69.71,73.5,60.57,48.0,48.57,59.83,32.57,41.71,57.26,60.57,68.38,79.49
2011-10-21,86.62,71.34,74.52,75.16,70.7,68.15,56.44,21.02,38.85,43.31,36.94,38.22,30.69,82.8,82.17,66.88,64.33,60.4,60.51,41.4,43.95,43.56,26.75,31.85,38.61,54.78,54.46,57.43
2011-10-24,82.69,62.18,66.03,64.74,58.97,60.9,58.45,18.59,32.05,35.26,32.69,33.33,35.21,82.05,73.72,57.69,57.69,59.15,55.77,39.1,39.74,38.73,25.0,34.62,35.92,59.62,47.89,34.51
2011-10-25,93.24,79.23,81.64,81.16,77.29,76.81,75.0,24.15,42.51,46.38,41.55,46.38,51.6,85.02,80.68,66.67,71.01,74.47,60.39,45.41,55.07,64.36,32.37,54.59,59.04,73.43,70.74,61.17
2011-10-26,89.19,71.04,75.68,74.13,68.34,69.5,70.34,21.24,40.54,42.86,35.91,42.08,46.61,83.01,76.45,58.3,64.48,74.15,55.98,37.45,43.63,57.2,21.62,39.38,56.36,69.88,76.27,75.0
2011-10-27,81.04,48.82,56.87,52.61,47.87,47.39,49.48,8.53,24.64,22.75,24.64,26.07,30.21,79.62,63.51,45.97,45.97,52.08,36.49,30.33,31.75,36.98,13.74,25.59,34.38,60.66,62.5,58.33
2011-10-28,84.81,50.63,59.49,55.06,50.0,50.0,51.39,8.23,21.52,20.89,22.15,25.95,29.86,79.11,59.49,44.94,45.57,49.31,33.54,31.01,31.65,36.11,17.72,30.38,34.72,62.66,64.58,50.0
2011-10-31,91.61,76.13,79.35,78.71,76.77,76.13,75.0,13.55,40.65,44.52,41.94,43.87,54.29,89.03,82.58,73.55,72.9,76.43,63.23,43.23,47.1,66.43,23.23,40.65,62.14,65.81,76.43,80.0
2011-11-01,95.24,83.33,83.81,82.86,81.43,81.9,81.05,34.29,59.05,60.95,58.1,63.33,68.95,87.14,84.29,79.52,80.95,83.16,71.43,60.48,66.67,76.84,31.9,60.0,75.26,81.9,87.37,84.21
2011-11-02,93.56,79.92,81.06,79.55,77.27,77.27,75.73,28.41,50.38,53.79,49.62,50.0,59.41,85.61,81.82,73.48,75.0,78.24,67.42,51.52,57.58,69.04,26.52,46.59,63.6,68.18,76.57,79.08
2011-11-03,88.53,72.94,74.77,73.85,72.48,71.1,68.69,22.48,42.2,43.12,42.66,44.04,50.0,79.82,76.15,69.27,66.51,72.73,57.34,44.5,46.79,56.06,26.15,39.91,51.52,59.63,68.18,70.71
2011-11-04,85.37,72.56,75.0,73.78,71.95,72.56,67.11,31.71,50.0,51.22,46.95,48.17,51.68,81.1,78.05,71.34,71.95,73.83,62.8,50.61,54.88,54.36,31.1,45.12,44.3,64.02,58.39,48.32
2011-11-07,87.04,69.75,74.69,72.22,70.37,69.75,65.54,32.72,51.23,51.23,48.15,48.15,53.38,83.33,76.54,69.14,67.28,71.62,56.17,47.53,52.47,56.76,30.86,48.15,48.65,59.88,67.57,57.43
2011-11-08,79.26,57.14,63.59,63.59,61.29,58.99,58.08,20.28,39.63,39.17,39.63,40.09,45.96,77.88,66.36,62.67,60.83,63.64,43.78,39.63,45.62,49.49,31.34,45.16,51.01,57.14,67.68,68.18
2011-11-09,92.28,83.46,83.09,82.72,81.99,82.72,81.05,44.12,72.43,72.06,70.59,72.79,75.81,88.97,88.97,86.03,87.87,86.69,70.22,66.91,74.63,81.85,60.66,73.16,81.85,84.93,91.53,90.73
2011-11-10,90.5,74.21,77.83,78.28,76.92,79.19,76.62,30.77,50.68,56.56,53.39,58.37,63.18,84.62,81.0,74.66,78.73,81.09,67.42,60.63,69.23,79.1,36.65,68.33,78.61,85.97,90.55,89.55
2011-11-11,86.75,68.67,69.28,69.28,68.67,69.88,66.89,25.3,43.98,44.58,44.58,48.8,56.29,75.9,72.29,65.66,68.67,73.51,64.46,60.84,66.27,76.16,39.76,66.27,76.16,83.13,85.43,87.42
2011-11-14,82.52,71.84,71.84,72.82,71.84,72.82,,32.04,50.49,51.46,50.49,54.37,,75.73,79.61,69.9,76.7,,70.87,64.08,70.87,,42.72,67.96,,78.64,,
2011-11-15,82.52,70.87,71.84,72.82,71.84,72.82,,31.07,46.6,50.49,47.57,53.4,,75.73,80.58,69.9,73.79,,73.79,64.08,69.9,,39.81,65.05,,77.67,,
2011-11-16,43.24,62.84,68.92,64.19,67.57,64.19,,85.81,88.51,84.46,87.84,87.16,,83.78,74.32,81.08,77.7,,50.68,74.32,67.57,,83.78,73.65,,64.86,,
2011-11-17,44.97,65.1,69.13,65.1,71.81,71.81,,85.91,87.25,85.23,89.26,89.26,,80.54,73.15,87.25,84.56,,57.72,80.54,82.55,,86.58,88.59,,75.84,,
2011-11-18,32.0,49.33,51.33,54.0,57.33,58.67,,80.0,77.33,68.67,78.67,76.67,,71.33,62.67,75.33,75.33,,50.67,79.33,76.0,,86.67,84.67,,68.0,,
2011-11-21,34.44,50.33,55.63,55.63,58.28,58.28,,82.12,80.79,74.83,81.46,74.83,,74.83,68.87,78.15,70.2,,62.91,78.15,66.23,,83.44,68.87,,42.38,,
2011-11-22,33.33,49.02,51.96,53.43,56.86,54.9,46.09,77.94,77.45,68.14,75.49,68.14,58.59,73.53,59.8,69.61,65.2,53.12,43.14,74.02,62.25,47.66,84.31,69.12,53.91,32.84,26.56,32.81
2011-11-23,37.5,52.73,58.2,56.64,59.77,59.77,50.31,80.08,81.64,78.91,83.2,80.08,70.55,78.12,73.05,81.25,74.61,63.8,49.61,74.22,66.41,58.28,84.38,75.39,62.58,55.08,38.65,36.2
2011-11-25,48.43,57.86,64.15,59.75,64.78,62.89,49.51,76.1,78.62,76.1,84.91,80.5,72.82,78.62,73.58,83.02,75.47,66.99,43.4,76.1,68.55,60.19,89.94,79.87,66.02,49.69,33.98,38.83
2011-11-28,38.36,52.83,56.6,54.72,56.6,55.97,55.17,76.1,77.36,69.81,73.58,67.3,68.97,75.47,60.38,67.92,61.01,66.9,39.62,59.75,52.83,52.41,80.5,62.89,60.69,35.85,38.62,46.21
2011-11-29,35.55,49.29,53.08,50.24,54.03,52.61,51.04,71.09,74.41,64.45,71.09,64.45,67.71,72.51,58.29,68.72,62.09,61.46,40.28,60.19,54.98,46.88,82.46,68.72,56.77,37.44,28.65,25.0
2011-11-30,24.24,31.06,32.2,32.58,37.5,38.64,43.15,44.7,48.86,48.11,51.52,54.17,58.92,60.98,50.0,59.85,62.5,68.88,42.05,59.85,62.5,69.71,79.55,75.76,72.2,60.98,62.24,58.09
2011-12-01,26.51,32.56,31.16,30.7,32.09,35.35,38.78,41.86,43.72,38.14,42.79,43.72,45.41,44.19,36.28,44.65,43.26,45.41,30.23,43.72,43.26,44.39,69.77,67.44,63.78,58.14,52.04,39.29
2011-12-02,29.19,32.3,29.19,29.81,32.3,34.16,38.78,37.89,39.75,34.78,41.61,40.37,43.54,40.37,32.92,46.58,40.99,43.54,30.43,47.83,40.99,44.9,79.5,62.73,64.63,39.13,45.58,53.74
2011-12-05,34.81,38.61,40.51,38.61,41.14,41.77,45.45,48.73,46.84,42.41,47.47,45.57,51.05,51.9,36.71,45.57,42.41,48.25,26.58,43.04,39.24,44.06,70.25,58.23,56.64,43.67,48.25,47.55
2011-12-06,37.38,41.12,42.99,40.65,43.46,43.93,47.42,54.67,53.27,45.79,49.53,47.66,53.61,54.21,42.06,46.73,43.93,50.52,32.24,47.66,40.65,45.88,67.76,54.21,55.67,42.52,47.42,49.48
2011-12-07,35.69,42.75,44.61,42.38,44.61,46.1,48.36,62.08,62.08,52.04,55.76,52.04,59.02,59.85,46.1,49.81,46.1,51.64,34.2,48.33,41.64,47.95,67.29,53.53,56.56,43.49,51.23,56.97
2011-12-08,38.74,49.1,51.8,49.55,51.35,50.45,53.47,70.27,74.77,66.67,65.32,64.86,66.83,68.47,57.21,61.71,58.56,59.41,40.54,52.25,49.1,50.5,66.22,56.31,56.44,50.0,51.49,49.5
2011-12-09,26.95,32.34,34.13,32.34,32.34,32.34,35.53,38.92,38.32,34.73,37.13,34.73,38.82,43.71,32.34,34.73,33.53,38.16,28.14,32.34,30.54,36.84,50.9,38.32,39.47,30.54,40.13,48.03
2011-12-12,28.48,33.33,36.36,34.55,35.76,35.76,39.74,43.64,45.45,40.61,40.61,41.21,45.7,51.52,37.58,40.0,38.79,44.37,29.7,38.79,36.97,39.74,60.0,48.48,43.71,38.18,41.72,46.36
2011-12-13,23.53,30.32,32.58,29.41,30.77,32.13,34.16,42.53,39.37,33.94,38.91,37.1,40.59,35.75,31.67,33.03,33.94,39.11,28.96,38.01,36.2,39.11,60.18,50.68,42.08,39.82,37.62,41.58
2011-12-14,21.3,29.24,31.05,29.24,29.96,31.77,33.99,39.71,40.07,36.1,39.35,37.91,41.11,49.1,37.91,38.99,37.55,41.5,29.96,38.63,36.82,36.76,60.65,49.46,37.15,39.71,30.83,28.06
2011-12-15,26.67,30.22,30.67,28.44,28.0,30.67,33.66,30.22,31.56,31.11,30.67,28.44,31.22,36.89,31.56,31.11,32.0,34.15,28.44,31.56,29.78,32.68,46.22,36.44,32.68,32.44,29.76,35.61
2011-12-16,26.04,32.54,30.18,27.22,27.81,29.59,32.47,39.64,33.14,33.14,31.36,28.4,30.52,31.95,26.04,25.44,25.44,25.97,26.04,26.63,27.22,30.52,39.05,33.14,31.82,31.95,29.87,36.36
2011-12-19,29.52,31.43,32.38,30.48,32.38,32.38,,40.95,32.38,31.43,32.38,31.43,,28.57,20.0,23.81,25.71,,25.71,26.67,25.71,,42.86,34.29,,32.38,,
2011-12-20,26.67,29.52,25.71,24.76,24.76,25.71,,33.33,29.52,20.95,19.05,20.0,,14.29,15.24,16.19,17.14,,20.95,17.14,20.95,,20.95,26.67,,20.0,,
2011-12-21,33.72,24.42,21.71,18.6,18.99,17.83,9.7,13.95,14.34,14.73,16.28,16.67,8.48,12.79,11.24,13.95,15.12,9.7,12.02,19.77,10.85,6.06,22.87,13.57,10.3,6.59,6.67,35.15
2011-12-22,46.96,34.25,28.18,27.07,26.52,23.76,17.07,14.92,14.92,16.57,19.34,19.34,11.38,12.71,14.36,17.68,19.34,12.2,19.89,24.86,15.47,11.38,16.57,14.36,13.01,7.73,10.57,51.22
2011-12-23,51.23,41.98,32.72,31.48,30.25,27.16,18.87,22.22,20.99,20.37,20.99,20.37,13.21,20.99,18.52,21.6,21.6,14.15,20.99,25.31,14.2,10.38,12.96,12.96,12.26,4.32,12.26,55.66
2011-12-27,54.21,42.52,34.11,31.78,29.91,27.1,30.26,24.3,18.69,19.16,21.96,21.03,23.59,20.09,18.69,19.63,17.29,18.97,24.77,22.43,13.55,23.08,13.08,10.75,18.97,6.07,19.49,62.56
2011-12-28,62.31,53.36,44.4,40.3,38.06,32.84,38.37,34.7,25.75,22.01,23.51,22.01,25.71,24.63,20.15,21.27,17.91,22.04,20.9,23.13,16.04,22.04,17.16,13.06,22.45,8.21,21.22,58.37
2011-12-29,58.45,48.4,38.81,35.62,31.51,29.68,33.0,31.05,21.46,21.0,21.92,21.46,24.0,19.63,20.09,20.55,16.89,18.5,26.48,22.37,14.61,21.0,12.33,11.87,19.0,8.22,21.5,59.5
2011-12-30,61.59,54.27,42.68,41.46,41.46,32.93,39.33,35.98,25.0,23.17,25.61,22.56,26.0,20.73,22.56,21.95,18.9,23.33,33.54,29.88,20.12,28.0,15.24,12.8,21.33,6.71,19.33,62.67
2012-01-03,52.07,40.09,35.02,33.64,30.41,28.11,31.47,26.73,20.74,21.66,22.58,18.89,22.34,17.97,20.74,21.2,17.97,20.81,27.19,27.19,17.97,22.34,20.74,10.14,19.29,2.3,16.24,58.38
2012-01-04,49.82,37.36,33.33,30.77,29.67,27.84,30.65,25.64,19.78,21.25,19.41,19.05,21.37,18.68,18.68,19.05,17.58,20.97,21.61,23.44,15.02,20.56,18.68,13.55,20.97,5.49,20.16,57.66
2012-01-05,45.58,35.84,29.65,29.65,26.55,25.22,29.61,23.89,19.47,19.03,17.7,17.7,19.9,16.81,17.7,17.26,15.04,18.93,19.91,16.37,14.6,18.45,12.83,9.73,18.45,7.08,21.84,57.77
2012-01-06,41.76,32.35,28.24,28.24,25.88,22.94,27.1,20.0,17.06,17.06,17.65,17.65,19.35,13.53,16.47,15.29,15.29,19.35,22.35,18.24,16.47,20.65,11.76,9.41,18.71,5.88,21.94,61.29
2012-01-09,44.64,35.71,31.55,27.38,25.0,25.0,27.92,24.4,19.05,19.05,16.07,17.86,18.83,14.88,17.26,16.67,16.67,19.48,20.83,16.07,15.48,21.43,17.86,11.9,20.13,10.12,20.13,58.44
2012-01-10,46.22,33.78,28.44,26.22,23.56,22.22,25.24,16.44,16.0,16.44,15.11,17.33,18.93,12.44,17.33,16.89,16.44,18.93,22.67,16.44,13.78,19.42,16.89,9.33,16.99,8.44,19.42,61.17
2012-01-11,51.06,39.72,34.75,29.79,27.3,26.6,29.84,25.53,19.86,19.5,17.38,18.44,19.77,15.6,18.09,17.73,17.73,20.54,21.99,17.38,14.18,17.83,18.79,10.28,17.44,8.87,18.22,53.1
2012-01-12,39.74,31.88,27.51,25.33,22.71,20.52,23.44,16.16,14.41,15.72,15.28,17.9,19.62,13.1,17.47,17.47,17.9,21.05,23.58,17.03,16.59,22.97,16.59,9.61,18.66,10.04,22.97,57.42
2012-01-13,41.28,33.14,28.49,25.58,23.84,21.51,24.2,15.7,13.95,15.7,16.28,18.02,19.75,13.95,18.02,17.44,19.19,21.66,25.0,18.02,16.86,23.57,17.44,9.88,19.11,9.88,22.93,56.69
2012-01-17,48.11,34.91,29.25,28.3,26.42,25.47,,21.7,10.38,15.09,16.04,16.98,,8.49,14.15,15.09,15.09,,25.47,16.98,16.98,,18.87,7.55,,8.49,,
2012-01-18,24.52,18.77,16.09,12.64,13.03,15.33,7.14,11.11,15.71,14.18,11.49,17.24,7.74,19.16,11.49,10.34,17.62,9.52,10.73,3.83,11.88,5.36,10.34,18.01,8.93,51.72,22.02,11.9
2012-01-19,25.54,14.13,12.5,11.41,13.04,13.59,4.76,10.87,14.13,11.41,9.78,13.04,3.97,16.85,11.41,8.15,15.76,8.73,13.04,3.8,11.41,6.35,8.7,17.93,9.52,46.74,24.6,16.67
2012-01-20,18.18,11.52,12.12,10.91,10.3,12.12,1.83,10.3,13.33,11.52,8.48,11.52,2.75,10.91,11.52,6.06,11.52,5.5,14.55,4.24,10.91,5.5,7.88,13.33,7.34,29.7,20.18,16.51
2012-01-23,18.29,11.59,14.63,12.2,8.54,9.76,8.0,11.59,15.24,12.8,9.76,10.98,10.67,15.24,9.76,6.71,10.37,9.33,12.2,3.66,7.93,9.33,3.66,10.37,10.0,40.85,20.0,8.0
2012-01-24,22.94,15.14,17.43,13.76,9.63,10.55,7.54,11.47,16.06,11.93,9.17,9.63,8.54,17.43,10.55,6.42,8.72,6.53,10.55,2.29,8.26,6.03,4.13,10.09,9.55,35.78,16.08,6.03
2012-01-25,23.44,11.36,13.92,10.26,5.86,6.96,7.2,6.96,9.89,7.69,4.03,4.03,4.4,13.55,7.33,4.76,5.49,6.0,5.86,1.83,5.49,4.4,5.86,10.26,9.2,24.54,12.4,6.0
2012-01-26,21.08,7.62,8.97,7.17,4.04,5.83,6.37,6.73,4.93,4.93,2.24,3.59,4.41,6.28,4.48,3.14,5.38,6.37,4.93,2.24,6.28,6.37,8.07,10.76,11.27,25.56,20.1,13.73
2012-01-27,18.56,7.19,7.78,4.79,3.59,4.79,6.54,7.78,5.99,4.79,2.4,2.99,5.23,6.59,2.99,2.4,4.79,5.88,4.79,1.2,4.19,6.54,7.78,10.18,11.11,26.35,19.61,13.07
2012-01-30,24.54,17.79,11.04,9.82,6.75,8.59,8.11,7.36,7.36,6.13,1.84,3.68,4.05,6.13,2.45,0.61,2.45,2.03,4.29,1.23,3.68,4.73,4.91,9.82,10.14,28.83,22.97,16.22
2012-01-31,26.24,20.36,12.22,10.86,8.6,9.5,10.45,9.5,9.05,6.79,2.71,4.52,5.47,6.79,3.17,1.36,2.26,3.98,5.43,1.81,3.17,6.97,5.88,8.6,11.44,19.91,22.89,21.39
2012-02-01,17.63,11.15,8.27,5.76,3.24,3.24,3.95,6.83,6.83,3.6,1.8,2.52,3.16,7.19,2.52,1.08,2.16,3.56,3.96,1.44,2.52,2.77,4.68,8.27,10.28,17.99,18.58,17.79
2012-02-02,16.96,10.0,4.35,3.48,2.17,1.3,1.43,6.52,3.48,1.74,0.0,1.3,2.38,2.61,0.87,0.0,0.43,1.43,5.22,1.74,3.48,3.33,7.39,7.83,10.0,17.39,16.19,15.24
2012-02-03,8.09,2.31,1.16,0.0,0.0,0.0,0.0,2.89,2.31,0.0,0.0,0.0,0.0,1.73,0.0,0.0,0.0,0.0,2.89,0.0,0.58,1.27,5.2,7.51,8.86,14.45,14.56,16.46
2012-02-06,15.79,7.6,5.85,3.51,1.75,1.17,0.64,2.34,2.92,1.75,0.0,0.0,0.0,2.92,0.58,0.58,0.0,0.0,2.34,0.58,0.0,0.0,2.92,4.09,3.18,9.36,5.1,12.74
2012-02-07,22.27,14.85,8.3,5.68,4.8,3.49,2.38,7.86,6.55,3.93,2.62,1.31,0.95,3.93,1.31,0.0,0.0,0.0,2.62,0.0,0.0,0.0,2.62,1.31,2.38,9.17,5.71,12.38
2012-02-08,27.87,22.3,16.38,10.8,9.41,7.32,7.6,13.59,10.1,8.01,5.57,3.14,2.28,5.57,4.18,1.74,0.7,1.52,4.18,1.39,0.35,1.52,3.14,1.74,5.32,9.76,9.13,16.35
2012-02-09,26.61,24.89,18.45,12.88,10.73,10.3,9.86,18.88,12.02,9.44,8.58,8.15,7.98,7.73,4.72,2.58,1.72,3.29,3.43,1.72,1.72,2.35,4.72,8.15,9.86,14.59,14.55,15.02
2012-02-10,37.71,38.86,33.71,27.43,21.71,20.0,21.25,44.57,31.43,21.14,17.71,19.43,19.37,17.14,12.57,8.57,7.43,9.38,6.86,4.0,4.57,5.0,4.57,8.0,7.5,14.29,12.5,15.0
2012-02-13,21.3,17.59,17.59,9.26,7.41,8.33,8.0,10.19,9.26,10.19,8.33,6.48,6.0,9.26,10.19,6.48,3.7,5.0,4.63,0.93,0.93,2.0,2.78,3.7,6.0,9.26,11.0,15.0
2012-02-14,23.15,22.22,19.44,13.89,9.26,9.26,10.0,22.22,10.19,12.96,9.26,7.41,8.0,7.41,9.26,3.7,2.78,3.0,6.48,0.93,0.93,2.0,1.85,2.78,5.0,10.19,10.0,11.0
2012-02-15,29.49,28.21,24.36,19.23,16.67,16.67,13.13,28.85,19.87,14.74,14.74,14.74,11.11,7.69,6.41,5.13,9.62,7.07,8.33,4.49,7.05,4.04,16.03,10.9,14.14,7.69,12.12,57.58
2012-02-16,20.38,18.47,11.46,10.19,10.83,8.28,5.0,17.83,12.74,4.46,4.46,3.82,4.0,5.1,0.64,4.46,0.64,0.0,0.64,1.27,1.27,1.0,10.83,7.01,5.0,7.64,10.0,48.0
2012-02-17,13.29,10.13,10.76,7.59,7.59,5.7,1.98,20.25,12.66,4.43,3.16,3.16,0.99,4.43,0.0,0.0,0.0,0.0,0.0,1.27,0.63,0.0,12.03,5.7,2.97,4.43,4.95,39.6
2012-02-21,5.63,7.98,10.33,6.57,7.51,4.69,1.46,17.37,15.49,7.04,7.04,5.63,3.65,8.92,1.41,5.63,0.94,0.0,0.94,2.82,1.88,0.0,13.15,7.51,5.11,5.16,8.03,44.53
2012-02-22,2.61,6.72,7.84,6.34,5.97,2.24,1.14,17.16,13.81,7.09,7.09,4.1,1.71,7.46,2.99,5.6,0.0,0.0,1.12,2.99,1.49,0.0,14.93,6.72,4.57,2.99,4.0,24.57
2012-02-23,0.53,1.6,0.53,0.0,0.0,0.0,0.0,7.98,3.19,0.0,0.0,0.0,0.0,3.19,0.0,0.0,0.0,0.0,0.0,0.0,0.0,0.0,11.7,5.85,5.38,3.19,5.38,23.85
2012-02-24,0.6,2.38,2.38,1.19,1.19,0.0,0.0,8.93,10.71,2.98,2.98,0.0,0.0,7.74,1.79,1.79,0.0,0.0,0.0,2.38,0.0,0.0,13.69,7.74,6.25,1.19,4.46,25.89
2012-02-27,1.8,1.2,0.6,0.0,1.8,0.0,0.65,7.78,10.18,5.99,5.99,2.4,7.19,7.78,3.59,7.78,2.99,5.88,2.99,5.39,1.8,5.23,12.57,8.98,13.07,1.2,9.15,34.64
2012-02-28,0.9,0.45,0.45,0.0,0.0,0.0,0.0,8.56,9.46,6.31,5.41,3.15,5.42,8.11,4.95,7.21,3.15,6.4,4.05,4.95,2.25,5.42,12.16,8.56,10.84,1.8,7.88,23.65
2012-02-29,2.16,1.44,1.44,1.08,1.44,0.36,1.18,10.43,12.95,8.27,6.47,4.68,6.67,12.23,5.4,6.12,3.24,5.49,3.6,3.6,2.16,3.92,12.23,8.63,10.98,4.68,8.63,21.18
2012-03-01,0.0,0.44,0.44,0.0,0.0,0.0,0.0,8.37,9.69,7.49,6.17,3.08,5.77,11.45,5.73,7.49,3.08,7.21,4.85,5.29,2.2,6.25,12.78,7.93,12.5,2.2,7.69,32.69
2012-03-02,0.59,0.59,0.59,0.0,0.0,0.0,0.0,8.24,5.88,4.12,4.12,2.94,5.77,6.47,2.94,5.29,2.94,6.41,4.71,5.29,4.12,8.33,12.94,10.59,13.46,2.94,12.18,33.97
2012-03-05,0.0,0.6,1.2,0.0,0.0,0.0,0.0,6.02,4.82,2.41,1.81,1.81,3.97,7.83,1.81,4.22,2.41,4.64,3.01,3.61,3.01,7.28,12.05,9.64,13.25,6.02,18.54,39.74
2012-03-06,12.89,15.56,12.44,13.33,13.78,11.56,13.66,17.78,19.11,15.56,18.22,15.11,18.54,17.33,15.11,15.11,12.44,15.12,9.78,12.44,8.44,12.68,16.0,9.33,13.17,4.44,12.2,41.46
2012-03-07,2.83,3.18,4.59,4.24,3.89,2.47,3.1,9.89,12.01,11.31,11.66,8.13,10.85,12.37,8.48,8.83,6.71,8.91,7.07,7.07,4.95,10.47,12.37,8.13,13.18,4.95,12.02,33.72
2012-03-08,0.0,0.85,2.56,0.43,0.43,0.0,0.0,8.97,10.68,5.56,5.13,5.13,6.07,11.11,4.7,5.98,3.42,6.07,5.13,3.42,2.99,6.07,11.54,8.12,12.62,5.98,12.62,34.11
2012-03-09,0.0,0.0,0.0,0.0,0.0,0.0,0.0,7.39,10.8,5.11,4.55,3.98,4.97,12.5,6.25,5.11,3.41,6.83,6.25,3.41,1.7,4.35,9.66,5.68,11.18,5.11,11.18,34.16
2012-03-12,0.0,0.0,0.0,0.0,0.0,0.0,0.0,1.72,5.17,3.45,3.45,1.15,1.25,9.2,5.75,4.6,1.15,5.63,2.3,2.87,1.15,3.75,9.77,8.62,10.62,6.9,10.62,21.88
2012-03-13,0.0,0.0,0.0,0.0,0.0,0.0,0.0,2.15,3.86,0.86,0.0,0.0,0.0,6.87,2.15,2.15,0.43,1.87,1.72,0.86,0.0,1.4,9.01,6.87,10.75,4.72,8.41,22.43
2012-03-14,0.0,0.34,0.34,0.34,0.34,0.34,0.37,5.14,8.22,7.88,7.53,3.77,4.1,10.62,7.88,7.88,3.77,5.97,5.82,6.51,2.4,6.34,13.7,6.85,11.57,3.77,9.33,25.75
2012-03-15,0.0,0.0,0.0,0.0,0.0,0.0,0.0,3.38,6.33,6.33,6.33,2.53,3.23,11.39,10.55,9.7,4.64,8.76,6.33,7.59,3.38,7.83,14.35,6.75,12.44,3.38,11.06,34.1
2012-03-16,0.0,0.0,0.0,0.0,0.0,0.0,0.0,2.81,5.62,4.49,3.93,2.25,2.45,12.36,10.67,8.99,4.49,6.75,3.93,6.74,2.25,5.52,14.61,6.18,11.66,3.37,9.2,25.77
2012-03-19,0.0,0.0,0.0,0.0,0.0,0.0,0.0,0.0,0.0,0.0,0.0,0.0,0.0,7.27,3.64,2.73,0.0,0.98,1.82,0.91,0.0,0.98,8.18,0.91,9.8,3.64,10.78,29.41
2012-03-20,0.0,0.0,0.0,0.0,0.0,0.0,0.0,0.0,0.0,0.0,0.0,0.0,0.0,3.64,0.0,0.0,0.0,0.0,0.91,0.0,0.0,0.0,1.82,0.0,2.94,4.55,8.82,22.55
2012-03-21,0.37,0.0,0.0,0.0,0.0,0.0,0.0,1.48,0.0,0.0,0.0,0.0,0.0,3.69,0.37,0.0,0.0,0.0,0.74,0.0,0.74,1.12,3.32,4.43,6.74,12.55,20.79,59.55
2012-03-22,0.0,0.0,0.0,0.0,0.0,0.0,0.0,2.09,0.0,0.0,0.0,0.0,0.0,2.62,0.0,0.0,0.0,0.0,0.52,0.0,0.0,0.75,2.62,2.62,8.27,13.09,24.06,60.9
2012-03-23,0.0,0.0,0.0,0.0,0.0,0.0,0.0,0.0,0.0,0.0,0.0,0.0,0.0,0.58,0.0,0.0,0.0,0.0,0.0,0.0,0.0,0.0,2.92,1.17,3.48,4.09,12.17,51.3
2012-03-26,0.0,0.0,0.0,0.0,0.0,0.0,0.0,0.0,0.0,0.0,0.0,0.0,0.0,0.0,0.0,0.0,0.0,0.0,0.0,0.0,0.0,0.0,2.94,1.18,5.13,1.18,12.82,64.1
2012-03-27,15.04,3.98,0.44,0.0,0.0,0.0,0.0,2.65,0.44,0.0,0.0,0.0,0.0,0.0,0.0,0.0,0.0,0.0,0.0,0.0,0.0,0.0,3.1,0.0,3.86,1.33,11.59,65.7
2012-03-28,14.49,4.59,2.12,0.35,0.35,0.35,0.38,5.65,1.41,0.35,0.35,0.35,0.38,1.41,0.35,0.35,0.35,0.38,1.06,0.35,0.0,0.0,3.53,0.0,1.54,1.41,1.92,74.62
2012-03-29,3.03,1.3,0.0,0.0,0.0,0.0,0.0,3.46,1.3,0.0,0.0,0.0,0.0,0.43,0.0,0.0,0.0,0.0,0.0,0.0,0.0,0.0,1.3,0.0,0.0,2.16,3.3,48.58
2012-03-30,4.62,2.31,0.58,0.0,0.0,0.0,0.0,5.2,1.16,0.0,0.0,0.0,0.0,0.0,0.0,0.0,0.0,0.0,2.31,0.0,0.0,0.0,0.0,0.0,0.0,2.31,1.89,40.25
2012-04-02,19.53,7.69,2.37,0.0,0.0,0.0,0.0,4.14,0.0,0.0,0.0,0.0,0.0,0.0,0.0,0.0,0.0,0.0,0.0,0.0,0.0,0.0,2.96,0.0,1.95,1.18,3.25,62.34
2012-04-03,17.9,9.17,4.37,3.06,0.0,0.0,0.0,6.99,3.06,0.44,0.0,0.0,0.0,0.44,0.0,0.0,0.0,0.0,0.87,0.0,0.0,0.0,3.49,0.0,2.39,1.31,3.35,38.28
2012-04-04,20.83,17.01,10.42,6.6,4.51,1.74,2.66,12.5,7.64,2.78,0.69,0.35,1.14,3.82,0.69,0.35,0.35,0.38,1.74,0.35,0.35,0.38,3.82,0.69,2.66,1.39,3.04,31.56
2012-04-05,21.01,20.17,12.61,8.82,5.46,3.36,4.13,16.81,10.92,5.04,1.68,1.68,2.75,3.78,0.0,0.42,0.42,0.46,1.68,0.42,0.42,0.46,3.78,2.94,3.21,2.94,3.67,20.18
2012-04-09,26.55,27.68,20.9,13.56,11.3,8.47,9.82,26.55,16.95,12.43,9.6,5.65,7.36,8.47,5.65,1.69,0.0,0.61,2.82,0.0,0.0,0.0,2.26,0.0,3.68,2.82,12.27,46.63
2012-04-10,38.4,35.86,29.54,24.89,19.83,16.88,21.56,31.22,21.94,16.03,14.35,10.13,15.6,11.39,10.97,5.49,1.69,6.88,7.59,3.38,0.0,4.13,3.8,0.0,6.88,2.95,15.14,55.05
2012-04-11,38.38,32.32,25.93,18.52,14.81,12.12,14.29,21.55,16.16,12.46,9.76,5.39,8.42,11.45,7.07,2.69,0.67,3.3,4.04,0.0,0.0,1.1,2.36,0.0,5.49,3.7,15.75,46.52
2012-04-12,27.39,14.94,8.71,7.88,4.15,2.9,3.17,3.73,4.98,2.9,0.0,0.0,0.0,5.39,2.49,0.0,0.0,0.0,3.32,0.0,0.0,0.0,0.0,0.0,0.0,1.66,7.24,41.18
2012-04-13,34.81,24.31,20.44,15.47,11.05,8.84,10.24,12.15,12.15,10.5,6.08,2.76,3.61,10.5,6.63,2.21,0.0,1.81,4.42,0.55,0.0,0.0,1.66,0.0,1.2,1.66,10.24,44.58
2012-04-16,44.64,32.14,25.89,21.43,16.07,12.5,13.46,16.07,10.71,11.61,6.25,2.68,3.85,8.93,9.82,2.68,0.0,1.92,6.25,0.0,0.0,0.0,0.0,0.0,0.0,2.68,8.65,41.35
2012-04-17,35.71,24.11,19.64,8.93,8.04,6.25,6.73,5.36,8.04,2.68,1.79,0.89,0.96,6.25,1.79,0.0,0.0,0.0,0.89,0.0,0.0,0.0,0.0,0.0,0.0,3.57,7.69,35.58
2012-04-18,20.07,12.77,12.41,9.12,3.65,5.11,6.08,12.41,7.66,2.92,1.09,1.82,4.42,5.11,1.82,0.73,1.09,3.31,1.46,0.0,2.55,8.84,1.82,9.85,20.99,42.34,71.27,86.74
2012-04-19,18.04,12.89,13.4,10.82,5.67,6.19,7.35,12.89,11.34,6.7,2.58,3.09,7.35,5.67,3.61,2.06,2.58,7.35,2.58,1.03,3.09,11.03,4.12,9.28,22.06,20.1,63.97,90.44
2012-04-20,11.49,9.77,8.62,5.75,3.45,4.02,5.08,9.2,8.62,4.02,2.3,1.72,4.24,6.9,4.02,2.3,2.87,5.08,1.15,1.15,3.45,9.32,5.75,10.92,20.34,18.39,56.78,86.44
2012-04-23,25.43,20.23,17.34,13.29,8.09,8.09,16.35,14.45,15.61,10.98,4.05,6.36,14.47,7.51,4.05,2.31,3.47,13.84,6.36,2.89,4.62,15.09,5.2,11.56,25.79,22.54,66.67,88.05
2012-04-24,20.87,11.74,8.26,5.65,3.48,4.35,10.43,8.7,5.65,3.48,2.17,3.04,9.0,5.65,3.91,1.74,2.17,9.95,3.04,2.61,3.04,14.22,5.65,8.7,24.17,21.74,65.4,88.63
2012-04-25,10.42,7.29,3.47,3.12,1.39,2.08,4.53,10.42,5.56,3.12,1.39,2.43,4.15,5.56,2.08,1.39,1.39,5.28,2.78,2.08,2.08,8.68,4.86,6.6,18.87,18.75,58.11,87.55
2012-04-26,5.53,3.4,2.98,1.7,1.28,1.28,2.78,7.66,4.26,1.28,1.28,2.55,2.78,3.83,1.28,1.28,1.28,4.17,2.55,1.28,1.28,7.41,4.68,5.53,18.98,18.72,67.13,93.06
2012-04-27,15.34,9.09,3.98,3.41,1.7,1.7,3.7,9.66,5.11,2.27,1.7,2.27,3.09,2.84,1.14,1.14,1.14,3.09,3.41,1.14,1.14,5.56,3.98,4.55,16.05,10.23,62.35,95.06
2012-04-30,19.19,13.95,11.63,5.81,3.49,3.49,6.37,10.47,8.72,2.91,1.16,2.33,5.73,4.65,1.74,1.16,1.16,4.46,1.74,1.74,1.16,6.37,4.65,4.65,21.02,8.14,59.87,94.9
2012-05-01,19.31,10.73,8.15,3.43,2.15,1.72,6.57,7.73,5.15,1.72,0.43,1.29,4.23,5.15,1.72,1.29,1.29,5.16,1.72,1.29,1.29,7.04,4.29,3.86,20.19,7.3,58.22,96.71
2012-05-02,23.29,13.7,10.27,7.53,5.14,4.11,8.24,7.53,7.19,3.08,1.37,1.71,5.62,8.9,4.11,2.05,1.71,7.12,4.79,2.05,1.37,6.74,4.11,3.42,16.48,4.79,48.69,95.13
2012-05-03,26.56,21.58,16.6,13.28,11.2,7.88,15.38,11.62,13.69,7.47,5.39,4.98,11.31,12.45,5.39,2.49,2.07,11.76,5.39,1.66,1.66,10.41,4.98,4.56,19.0,7.47,53.39,94.12
2012-05-04,38.12,32.04,31.49,23.2,19.34,17.13,27.11,18.78,18.78,16.57,11.6,11.05,20.48,18.23,10.5,8.29,6.63,18.67,9.39,5.52,3.87,16.87,9.94,7.18,27.71,8.29,56.63,93.37
2012-05-07,36.67,27.78,25.0,17.22,16.11,13.89,23.49,14.44,15.0,13.33,11.11,8.89,20.48,19.44,12.22,8.89,6.11,19.28,6.67,4.44,2.78,17.47,7.78,4.44,25.9,9.44,62.05,97.59
2012-05-08,39.0,29.46,25.73,18.67,16.6,15.77,23.42,14.11,13.69,11.62,11.62,9.13,20.27,17.01,11.2,7.47,5.81,19.37,4.98,4.15,3.32,18.02,7.88,8.71,27.03,12.45,62.16,96.4
2012-05-09,46.36,36.42,32.45,27.15,24.17,21.19,28.42,20.2,22.85,17.55,16.89,15.56,23.74,27.81,15.56,13.91,10.93,21.94,7.95,6.95,5.3,19.42,10.6,9.27,28.78,11.26,51.8,94.6
2012-05-10,39.59,28.16,22.86,17.14,14.69,13.88,20.44,11.02,13.88,11.02,9.8,7.35,16.89,20.0,9.8,6.94,4.49,16.44,3.27,2.04,2.04,13.33,7.76,7.76,23.11,10.61,47.11,92.89
2012-05-11,41.85,34.78,30.43,22.28,17.93,16.3,21.89,18.48,21.2,15.22,13.59,10.33,20.12,23.91,14.13,8.15,5.43,15.98,3.26,2.72,1.09,12.43,8.15,3.8,20.12,8.7,33.73,92.31
2012-05-14,61.4,47.37,44.74,39.47,34.21,31.58,39.62,35.09,33.33,23.68,20.18,18.42,24.53,28.07,17.54,16.67,10.53,20.75,8.77,4.39,4.39,18.87,4.39,2.63,19.81,10.53,42.45,93.4
2012-05-15,35.96,40.35,38.6,31.58,28.07,26.32,32.08,43.86,36.84,24.56,22.81,22.81,26.42,27.19,17.54,18.42,13.16,21.7,7.89,8.77,5.26,19.81,11.4,9.65,22.64,12.28,39.62,89.62
2012-05-16,36.81,34.97,27.61,23.93,19.02,25.77,17.92,31.29,22.09,16.56,12.27,20.25,13.21,6.13,4.91,7.36,16.56,6.6,11.04,4.91,18.4,8.49,8.59,39.26,13.21,94.48,28.3,0.0
2012-05-17,54.27,49.39,46.34,39.02,35.37,37.2,25.23,42.68,32.32,25.0,26.83,27.44,21.5,28.05,18.9,17.68,26.22,17.76,14.02,15.85,30.49,11.21,20.12,48.17,16.82,84.15,10.28,0.0
2012-05-18,72.73,63.03,54.55,50.3,49.09,52.73,37.04,47.27,42.42,33.33,30.91,38.18,24.07,34.55,26.06,26.67,31.52,20.37,16.36,23.03,40.0,19.44,27.88,56.36,24.07,83.64,19.44,0.93
2012-05-21,27.71,27.11,25.3,17.47,15.66,21.69,14.68,32.53,23.49,18.07,17.47,21.69,16.51,13.25,8.43,9.04,19.88,11.93,11.45,6.63,21.69,9.17,18.67,43.98,20.18,87.95,22.02,0.92
2012-05-22,33.04,33.04,30.36,24.55,24.11,27.68,14.86,38.39,28.12,22.77,22.32,25.89,14.86,18.75,14.29,13.84,23.21,8.11,13.84,9.38,22.77,5.41,19.2,38.39,6.08,78.12,3.38,0.0
2012-05-23,33.69,34.4,32.27,30.14,27.3,30.85,21.69,40.43,30.85,26.6,25.89,29.43,21.69,27.3,17.73,19.15,25.53,19.58,16.67,14.89,26.24,14.81,18.44,32.27,15.87,74.11,14.81,2.12
2012-05-24,33.33,33.84,30.3,25.25,23.74,29.8,18.57,40.91,29.29,23.74,24.75,29.8,20.71,18.69,14.14,14.65,27.27,14.29,15.15,11.62,29.29,12.86,19.19,43.94,15.0,85.35,13.57,0.0
2012-05-25,38.42,40.68,36.16,33.33,32.77,35.03,21.49,45.2,36.72,28.81,31.64,32.2,23.97,32.2,23.73,24.86,29.38,19.01,20.34,20.34,32.2,14.05,18.64,33.9,11.57,72.32,7.44,0.0
2012-05-29,33.91,30.9,28.33,24.46,24.89,28.76,25.7,33.91,24.46,23.18,22.75,27.04,23.83,21.89,15.88,14.59,23.61,16.82,15.88,14.16,24.89,16.82,16.31,31.33,17.29,74.25,16.36,0.0
2012-05-30,45.21,50.34,45.21,40.41,37.33,42.12,39.78,53.77,43.15,33.56,33.56,35.27,36.06,33.56,26.37,27.4,31.16,28.62,23.29,26.71,35.62,26.02,22.95,41.78,27.88,73.63,24.54,1.49
2012-05-31,42.68,48.12,43.51,38.08,36.4,42.26,41.36,57.74,43.51,33.47,34.73,37.24,36.82,33.47,25.94,27.62,32.64,33.18,21.34,26.78,36.4,32.27,28.87,51.88,30.91,82.85,30.45,1.82
2012-06-01,43.58,52.51,47.49,45.25,46.93,48.6,47.88,65.92,53.63,45.81,41.9,49.16,41.82,42.46,32.4,35.2,37.99,36.36,30.17,37.99,44.13,40.0,45.81,66.48,37.58,82.12,35.15,3.03
2012-06-04,45.71,46.29,42.29,38.29,35.43,40.0,42.5,48.57,37.14,30.86,30.86,33.71,36.25,25.14,24.0,25.71,30.86,33.13,22.86,31.43,35.43,38.12,32.0,59.43,44.38,84.57,61.88,16.25
2012-06-05,38.82,39.66,35.86,34.18,31.65,34.6,35.02,42.19,31.65,27.43,28.27,30.8,31.34,22.78,22.36,23.63,27.0,27.65,20.68,27.85,32.91,29.49,27.43,43.46,32.72,72.15,29.95,5.53
2012-06-06,28.62,30.64,27.95,22.22,24.24,25.93,26.1,29.63,21.55,18.86,20.54,23.91,22.79,13.47,12.46,14.14,22.56,18.01,12.12,15.49,25.59,18.01,23.57,32.32,22.06,68.35,21.32,2.21
2012-06-07,24.08,29.39,25.71,21.63,23.67,24.9,23.56,31.43,20.82,19.59,20.0,23.27,22.22,9.8,11.84,13.47,20.41,13.78,15.1,18.78,25.71,17.33,22.86,28.98,17.33,51.84,12.89,2.22
2012-06-08,23.37,26.63,20.65,17.39,17.39,22.83,17.75,21.2,17.93,17.93,19.02,21.74,15.38,10.33,11.96,11.96,19.02,9.47,12.5,13.59,21.74,9.47,15.76,27.17,10.65,50.0,4.14,0.0
2012-06-11,37.7,40.98,34.43,29.51,27.32,31.15,28.4,43.17,29.51,24.59,21.86,26.23,24.85,10.93,14.21,15.85,24.59,17.75,13.66,16.39,26.78,18.93,23.5,32.79,18.93,60.11,20.71,1.18
2012-06-12,32.24,33.47,26.94,23.27,23.67,24.49,23.45,34.69,22.86,19.18,19.59,23.67,23.01,10.2,13.06,15.1,20.41,15.93,11.02,14.69,23.67,15.93,24.08,31.02,19.03,50.61,18.58,1.77
2012-06-13,42.02,40.39,34.53,30.94,28.99,31.27,29.68,37.46,26.71,24.1,22.8,25.41,26.15,16.29,18.89,19.54,26.06,21.55,16.61,19.22,27.04,20.85,23.45,30.29,20.85,52.12,22.61,4.24
2012-06-14,28.92,28.92,21.29,18.88,18.88,21.69,18.34,27.71,15.26,16.47,18.07,21.69,19.21,6.83,11.65,14.46,19.28,12.23,15.26,17.27,24.9,13.54,20.88,29.32,15.28,46.99,10.48,1.31
2012-06-15,26.74,22.46,17.11,15.51,16.04,17.11,11.05,17.11,13.37,13.9,15.51,16.58,8.14,10.16,14.44,15.51,17.11,5.23,11.76,15.51,17.11,2.91,23.53,22.46,4.07,22.46,1.16,0.0
2012-06-18,20.69,16.38,6.9,6.9,6.03,6.9,0.93,7.76,7.76,4.31,4.31,3.45,2.78,5.17,2.59,2.59,3.45,0.93,3.45,4.31,10.34,0.0,17.24,16.38,0.0,24.14,0.93,0.0
2012-06-19,7.76,4.31,2.59,0.86,0.86,0.86,0.93,11.21,9.48,8.62,6.9,6.03,3.7,5.17,3.45,2.59,3.45,1.85,6.03,4.31,10.34,1.85,11.21,13.79,0.0,20.69,2.78,1.85
2012-06-20,10.88,5.96,4.56,3.16,2.81,1.05,1.56,3.16,1.75,2.11,1.75,0.35,0.0,4.91,2.46,2.11,0.35,0.0,5.61,5.61,0.0,0.0,13.68,0.7,0.0,1.05,0.0,10.42
2012-06-21,39.8,27.86,24.88,20.9,20.4,17.41,12.59,16.42,18.41,17.91,17.91,7.96,4.9,17.91,17.41,18.41,5.47,4.2,19.9,17.91,4.98,2.1,17.91,1.49,0.7,1.49,2.8,20.28
2012-06-22,22.22,13.89,16.67,15.56,14.44,3.89,3.23,9.44,15.56,12.22,8.89,1.67,0.0,21.67,13.89,11.11,0.56,0.0,8.33,7.78,0.0,0.0,14.44,0.0,0.0,0.0,0.0,0.0
2012-06-25,32.02,25.28,24.16,19.66,17.42,8.99,10.37,15.73,19.66,15.17,15.73,5.06,4.27,17.42,14.04,12.92,2.25,2.44,14.04,11.8,1.69,1.83,14.61,1.69,0.0,1.12,1.22,17.68
2012-06-26,29.96,22.36,22.36,17.3,16.46,9.7,9.63,15.19,18.57,15.61,14.77,5.49,4.13,16.46,13.08,13.08,4.22,2.75,11.39,10.97,2.95,1.83,14.77,3.8,2.29,1.69,1.83,12.39
2012-06-27,28.96,23.91,21.89,19.53,18.86,11.78,12.41,16.5,19.87,17.51,18.86,8.42,8.76,21.55,17.17,14.81,5.72,6.2,17.17,14.48,4.04,3.28,16.16,4.04,3.65,1.68,1.46,16.06
2012-06-28,26.75,22.63,21.4,18.93,17.28,11.52,12.95,16.05,18.52,16.87,15.64,7.41,8.04,20.16,16.05,13.99,5.35,5.36,16.46,12.76,3.7,2.23,14.4,2.47,0.89,2.06,1.79,16.52
2012-06-29,9.89,5.49,6.04,7.69,8.79,3.3,1.19,9.34,8.79,12.09,11.54,3.85,2.98,12.09,11.54,12.09,3.3,1.79,13.74,12.64,1.65,1.19,15.38,1.1,0.0,1.1,0.6,10.12
2012-07-02,7.87,2.81,1.69,1.69,1.12,0.0,0.0,5.06,2.25,1.12,2.25,0.56,0.61,3.37,3.93,4.49,1.12,1.23,8.43,6.74,1.12,1.23,14.04,0.0,0.61,1.12,0.61,15.34
2012-07-03,7.05,3.32,2.9,2.07,1.24,0.0,0.0,6.64,3.73,2.49,2.49,0.41,0.0,4.98,3.32,3.73,0.83,0.0,7.88,5.81,0.83,0.0,13.69,0.0,0.0,0.83,0.9,8.14
2012-07-05,19.35,12.1,10.48,10.08,9.68,2.82,1.75,6.45,6.45,6.85,6.85,2.02,0.88,11.29,9.27,10.89,2.02,1.32,10.48,10.89,1.61,0.88,14.92,0.0,0.0,1.61,1.75,9.21
2012-07-06,14.52,10.22,6.99,6.99,7.53,1.08,0.58,8.06,5.91,5.91,6.99,0.54,0.0,6.45,8.06,9.68,0.54,0.58,12.37,11.29,1.61,0.58,14.52,0.0,0.0,1.08,1.17,8.19
2012-07-09,16.67,13.44,9.68,9.68,8.06,3.76,2.91,8.6,8.06,8.6,9.14,1.08,0.0,6.99,10.22,11.83,0.0,0.0,11.29,11.83,0.0,0.0,16.13,0.0,0.0,1.08,0.58,8.72
2012-07-10,25.7,20.48,17.67,15.66,17.27,8.84,8.7,14.86,13.65,16.06,18.07,6.43,3.91,14.06,19.68,17.67,3.21,2.61,20.08,17.67,1.61,0.43,18.07,0.4,0.0,0.4,0.87,14.78
2012-07-11,18.27,12.18,9.29,10.26,9.62,4.49,4.17,5.45,8.65,9.94,12.18,1.92,2.08,11.22,15.71,15.38,1.92,1.39,15.38,14.42,1.28,0.35,18.27,0.64,0.35,1.28,1.39,13.54
2012-07-12,20.16,13.44,9.09,11.46,11.07,5.14,4.29,5.14,8.3,10.28,12.25,2.77,1.72,9.09,16.6,18.58,2.77,1.29,19.37,20.95,1.98,0.43,22.53,0.79,0.0,0.0,0.0,9.87
2012-07-13,24.74,10.0,7.37,5.26,6.84,2.11,1.71,2.63,2.11,1.05,3.16,0.0,0.0,2.63,3.16,4.74,0.0,0.0,11.05,12.63,0.53,0.0,18.95,1.05,0.0,0.0,0.0,6.86
2012-07-16,28.81,19.49,12.71,10.17,11.02,4.24,4.55,5.08,5.08,3.39,5.08,2.54,0.91,3.39,6.78,6.78,0.85,0.0,12.71,13.56,1.69,0.0,20.34,0.0,0.0,0.0,0.0,9.09
2012-07-17,29.66,18.64,9.32,9.32,8.47,0.85,1.82,4.24,3.39,1.69,2.54,0.0,0.0,0.85,0.0,2.54,0.0,0.0,6.78,11.02,0.0,0.0,17.8,0.0,0.0,0.0,0.0,6.36
2012-07-18,11.76,3.53,4.12,4.12,0.0,0.0,0.0,0.0,0.59,1.18,0.0,0.0,0.0,5.88,4.71,0.0,0.0,0.0,12.35,0.0,0.0,0.0,0.0,0.0,0.0,5.29,3.54,11.5
2012-07-19,11.11,3.51,2.92,1.17,0.0,0.0,0.0,0.0,0.0,0.0,0.0,0.0,0.0,5.26,2.34,0.0,0.0,0.0,7.02,0.0,0.0,0.0,0.0,0.0,0.0,4.68,3.51,14.91
2012-07-20,18.02,7.56,6.4,8.14,2.33,1.74,2.61,0.58,2.33,2.91,1.16,0.58,0.87,8.72,12.21,1.74,1.16,1.74,15.12,1.16,0.58,0.87,1.16,0.0,0.0,3.49,2.61,9.57
2012-07-23,27.75,12.72,15.03,15.61,10.98,9.25,6.9,4.05,7.51,8.67,2.89,2.31,3.45,20.81,18.5,4.05,3.47,3.45,18.5,2.31,1.73,2.59,1.73,1.16,1.72,6.36,4.31,10.34
2012-07-24,35.19,25.75,22.75,22.75,17.17,16.31,10.83,12.02,17.17,21.03,9.44,9.01,5.1,27.04,25.32,11.59,7.73,5.1,26.61,6.87,5.58,3.18,2.15,2.15,1.91,4.72,4.46,10.83
2012-07-25,34.13,19.45,18.77,17.06,15.36,12.97,8.0,7.85,11.6,12.29,4.78,3.75,4.5,19.45,18.43,5.8,4.78,4.0,20.82,3.75,2.73,3.0,2.05,2.39,2.0,6.48,4.5,8.0
2012-07-26,23.9,9.76,9.27,13.17,3.41,2.93,4.08,1.95,2.93,6.34,0.98,0.49,0.68,6.34,14.63,2.93,2.44,1.36,22.44,1.95,0.49,0.0,0.98,0.0,0.0,3.9,4.08,2.72
2012-07-27,12.02,4.92,3.83,4.37,1.64,1.64,1.57,1.64,1.64,3.83,0.0,0.0,0.0,6.01,7.65,0.55,0.0,0.79,18.58,0.0,0.55,0.0,0.0,0.55,0.79,5.46,6.3,9.45
2012-07-30,30.39,13.81,14.36,14.92,7.18,4.97,4.19,6.63,6.63,12.71,2.76,2.21,1.8,9.39,16.57,3.31,1.66,1.2,20.44,3.87,2.21,1.8,0.0,0.0,0.0,4.42,2.99,5.39
2012-07-31,31.54,21.58,19.92,19.09,10.37,8.3,7.66,12.86,13.69,17.01,4.98,4.56,2.7,10.79,15.35,3.32,2.49,1.8,20.33,4.15,1.66,1.8,0.0,0.0,0.0,5.39,4.05,9.46
2012-08-01,31.79,18.87,16.56,14.24,7.62,5.96,6.09,8.94,6.29,8.61,2.65,2.98,2.51,7.62,10.6,2.98,1.99,1.79,17.55,3.31,2.32,1.79,0.33,0.99,1.08,5.96,4.66,14.7
2012-08-02,19.43,5.67,3.64,4.86,2.02,1.62,1.32,2.83,2.43,4.05,1.21,1.21,1.32,5.26,6.48,2.02,1.62,1.32,14.98,2.83,1.21,1.32,0.0,0.0,0.0,4.86,3.51,10.09
2012-08-03,5.95,1.08,0.0,0.54,0.0,0.54,0.0,1.08,0.0,1.08,0.0,0.0,0.0,0.0,4.32,0.54,1.08,0.0,11.35,1.08,1.08,0.0,0.0,0.0,0.0,4.86,2.92,8.77
2012-08-06,12.78,2.78,0.0,0.0,0.0,0.0,0.0,0.56,0.0,0.0,0.0,0.0,0.0,0.0,0.56,0.0,0.0,0.0,10.0,0.56,0.56,0.0,0.0,0.0,0.0,3.89,1.82,4.85
2012-08-07,18.44,8.2,4.1,4.51,0.41,1.23,0.45,6.15,1.64,2.05,0.41,0.41,0.0,0.41,3.69,0.82,0.82,0.0,14.34,2.46,1.64,0.0,0.0,0.0,0.0,2.87,2.23,4.46
2012-08-08,14.71,5.56,0.98,0.65,0.0,0.0,0.0,3.27,0.0,0.33,0.0,0.0,0.0,0.0,0.0,0.0,0.0,0.0,9.48,0.0,0.0,0.0,0.0,0.0,0.0,3.59,2.85,4.63
2012-08-09,14.68,3.57,0.0,0.0,0.0,0.0,0.0,1.19,0.0,0.0,0.0,0.0,0.0,0.0,0.0,0.0,0.0,0.0,9.52,0.0,0.0,0.0,0.0,0.0,0.0,2.78,2.59,5.6
2012-08-10,11.64,3.17,0.0,0.0,0.0,0.0,0.0,2.12,0.0,0.0,0.0,0.0,0.0,0.53,0.0,0.0,0.0,0.0,7.94,0.0,0.0,0.0,0.0,0.0,0.0,2.12,2.3,5.75
2012-08-13,6.35,1.59,1.06,1.06,0.0,0.0,0.0,1.59,0.0,0.0,0.0,0.0,0.0,0.53,0.0,0.0,0.0,0.0,6.88,0.0,0.0,0.0,0.0,0.0,0.0,2.65,2.86,3.43
2012-08-14,5.53,4.35,1.98,1.58,0.79,0.79,0.0,3.95,1.58,0.79,0.0,0.0,0.0,1.19,0.4,0.0,0.0,0.0,10.67,0.0,0.0,0.0,0.0,0.0,0.0,3.16,3.42,4.27
2012-08-15,3.47,1.26,1.58,1.58,0.95,0.32,0.34,3.15,1.89,0.95,0.0,0.32,0.34,1.89,0.95,0.32,0.32,0.34,9.46,0.0,0.32,0.34,0.0,0.32,0.34,4.1,3.75,4.44
2012-08-16,1.56,1.17,1.17,1.17,0.0,0.0,0.0,3.11,0.78,0.39,0.0,0.0,0.0,1.56,0.0,0.0,0.0,0.0,5.06,0.0,0.0,0.0,0.0,0.0,0.0,3.5,3.38,4.22
2012-08-17,1.04,1.04,0.52,0.0,0.0,0.0,0.0,2.59,0.0,0.0,0.0,0.0,0.0,1.04,0.0,0.0,0.0,0.0,4.66,0.0,0.0,0.0,0.0,0.0,0.0,2.59,2.81,3.93
2012-08-20,0.0,0.83,0.0,0.83,0.0,0.0,0.0,3.33,0.0,0.0,0.0,0.0,0.0,0.83,0.0,0.0,0.0,0.0,3.33,0.0,0.0,0.0,0.0,0.0,0.0,2.5,1.79,6.25
2012-08-21,0.0,0.83,0.0,0.83,0.0,0.0,0.0,4.17,1.67,0.83,0.0,0.0,0.0,0.83,0.0,0.0,0.0,0.0,4.17,0.0,0.0,0.0,0.0,0.0,0.0,3.33,2.68,7.14
2012-08-22,6.76,5.41,5.07,1.01,0.68,0.68,0.0,4.73,4.05,0.0,0.0,0.0,0.0,6.76,0.0,0.0,0.0,0.0,0.0,0.0,0.0,0.0,3.04,3.04,3.45,4.05,4.93,12.81
2012-08-23,7.21,5.77,4.81,1.92,1.44,1.44,1.33,5.29,3.85,0.48,0.48,0.48,0.67,5.77,0.48,0.48,0.0,0.0,0.0,0.0,0.0,0.67,4.81,3.85,2.67,2.88,5.33,8.0
2012-08-24,2.69,2.15,2.15,0.54,0.0,0.0,0.0,2.15,3.23,0.0,0.0,0.0,0.0,6.99,0.0,0.0,0.0,0.0,0.0,0.0,0.0,0.0,3.23,2.15,1.54,2.69,3.85,9.23
2012-08-27,3.8,2.17,2.17,1.09,1.09,1.09,0.0,8.15,7.61,1.09,1.09,1.09,1.18,7.61,1.09,1.09,1.09,0.0,0.0,0.0,0.0,0.0,5.98,2.72,0.59,3.26,2.94,4.12
2012-08-28,5.71,4.49,4.08,2.04,2.04,1.63,1.33,9.39,8.57,2.45,2.45,2.04,2.21,9.39,2.04,2.04,1.63,1.33,0.41,1.22,0.82,0.0,7.35,4.08,1.77,4.08,3.54,5.75
2012-08-29,7.49,7.49,7.49,3.91,2.93,2.28,2.46,13.68,12.7,4.56,3.26,3.26,3.17,14.01,2.93,2.93,2.28,2.46,0.65,1.3,0.98,0.0,6.51,2.93,1.76,4.89,3.87,6.69
2012-08-30,14.74,10.76,12.35,5.58,4.78,3.98,3.02,14.74,17.13,5.98,4.38,4.78,3.88,19.52,3.98,3.98,3.19,2.59,0.0,1.59,1.99,0.43,8.37,6.37,3.02,5.58,3.02,3.88
2012-08-31,13.83,7.98,7.45,3.19,2.13,1.6,1.15,9.57,8.51,1.6,3.19,1.6,1.15,11.7,1.06,2.66,1.6,0.57,0.0,0.0,0.0,0.0,8.51,3.72,2.3,5.32,2.87,3.45
2012-09-04,21.05,11.74,10.12,4.86,2.02,2.43,1.76,8.5,6.88,1.21,1.62,1.62,1.32,9.72,0.0,1.21,1.21,0.88,0.0,0.0,0.0,0.0,5.26,4.45,1.76,3.64,3.08,7.05
2012-09-05,17.74,10.32,9.03,2.9,1.29,1.61,1.05,7.74,7.74,1.29,1.29,1.29,1.05,12.58,0.0,1.29,1.29,1.05,0.0,0.0,0.0,0.0,5.16,3.55,2.46,4.52,4.56,8.77
2012-09-06,5.86,1.17,0.0,0.0,0.0,0.0,0.0,0.78,0.78,0.0,0.0,0.0,0.0,2.34,0.0,0.0,0.0,0.0,0.0,0.0,0.0,0.0,3.12,1.17,1.27,2.34,2.54,3.81
2012-09-07,3.65,0.0,0.0,0.0,0.0,0.0,0.0,1.04,0.0,0.0,0.0,0.0,0.0,2.6,0.0,0.0,0.0,0.0,0.0,0.0,0.0,0.0,1.04,0.52,0.56,2.08,2.82,4.52
2012-09-10,15.1,9.38,6.77,2.08,2.08,1.56,1.12,3.65,4.17,0.0,0.0,0.0,0.0,5.73,0.0,0.0,0.0,0.0,0.0,0.0,0.0,0.0,1.04,1.04,1.12,2.6,2.81,3.37
2012-09-11,26.07,17.51,9.73,3.5,3.11,2.72,2.52,7.78,6.23,0.0,0.39,0.0,0.0,3.5,0.0,0.0,0.0,0.0,0.0,0.0,0.0,0.0,1.56,1.56,0.84,2.72,2.94,2.1
2012-09-12,21.43,15.84,9.94,2.48,2.48,1.86,1.34,7.76,6.52,0.0,0.0,0.0,0.0,3.11,0.0,0.0,0.0,0.0,0.0,0.0,0.0,0.0,1.24,0.93,0.0,2.8,1.01,2.35
2012-09-13,27.2,17.24,9.96,2.3,1.92,0.38,0.41,6.51,5.36,0.0,0.0,0.0,0.0,2.68,0.0,0.0,0.0,0.0,0.0,0.0,0.0,0.0,0.38,0.0,0.0,2.3,0.0,1.66
2012-09-14,29.59,27.04,20.41,7.65,3.57,3.06,3.31,27.04,17.35,2.55,1.53,1.02,1.1,9.18,0.51,0.51,0.0,0.0,0.0,0.0,0.0,0.0,1.53,0.0,0.0,0.0,0.0,2.76
2012-09-17,27.87,23.77,24.59,5.74,2.46,2.46,2.63,15.57,15.57,0.82,1.64,0.0,0.0,14.75,0.0,0.0,0.0,0.0,0.0,0.0,0.0,0.0,0.82,0.0,0.0,0.82,0.0,2.63
2012-09-18,24.59,19.67,9.84,2.46,2.46,2.46,1.75,12.3,9.84,0.0,0.0,0.0,0.0,3.28,0.0,0.0,0.0,0.0,0.0,0.0,0.0,0.0,0.82,0.0,0.0,0.0,0.0,2.63
2012-09-19,16.72,9.36,1.67,1.0,0.0,0.0,0.0,5.35,0.0,0.0,0.0,0.0,0.0,0.0,0.0,0.0,0.0,0.0,0.67,0.0,0.0,0.0,0.0,0.0,0.0,3.34,0.0,1.94
2012-09-20,19.91,14.22,3.79,1.9,1.9,0.95,0.65,12.8,0.47,0.47,0.0,0.0,0.0,0.0,0.0,0.0,0.0,0.0,1.42,0.95,0.0,0.0,1.42,0.0,0.0,1.42,0.0,3.27
2012-09-21,10.05,7.41,1.59,1.06,0.0,0.0,0.75,5.82,0.53,0.0,0.0,0.0,0.0,0.53,0.0,0.0,0.0,0.75,1.59,0.0,0.0,0.75,0.0,0.0,1.5,3.17,1.5,6.77
2012-09-24,20.86,10.16,0.0,0.0,0.0,0.0,0.0,5.88,0.0,0.0,0.0,0.0,0.0,0.0,0.0,0.0,0.0,0.0,1.07,0.0,0.0,0.0,2.67,0.0,0.0,2.14,0.0,4.05
2012-09-25,39.36,30.12,15.66,8.03,4.02,2.81,2.61,18.88,2.41,1.61,1.2,0.4,0.43,0.0,0.4,0.0,0.0,0.0,4.02,0.4,0.0,0.0,2.81,0.0,0.0,2.81,0.43,1.74
2012-09-26,40.71,32.37,21.79,15.06,9.94,6.09,4.5,23.72,5.77,4.49,3.53,2.24,1.38,0.64,1.28,1.28,0.32,0.35,5.45,3.53,0.96,0.35,3.85,0.64,0.35,3.21,1.38,2.08
2012-09-27,23.14,14.9,2.75,1.18,1.18,0.78,0.0,15.69,0.78,0.0,0.0,0.0,0.0,0.0,0.0,0.0,0.0,0.0,2.75,0.0,0.0,0.0,3.14,0.39,0.0,3.53,2.12,2.54
2012-09-28,25.13,21.99,4.71,4.19,2.09,1.57,1.69,19.9,2.62,1.05,1.57,0.0,0.0,0.0,0.0,0.0,0.0,0.0,4.71,1.57,0.0,0.0,3.14,0.52,0.0,4.19,2.26,1.13
2012-10-01,36.76,33.51,16.76,11.89,7.57,4.86,4.71,26.49,7.03,2.7,3.24,1.62,0.59,0.0,0.0,0.0,0.0,0.0,1.08,0.54,0.0,0.0,2.16,0.54,0.0,2.16,1.76,2.94
2012-10-02,37.05,31.47,15.54,8.76,5.18,3.98,3.9,20.32,4.78,2.39,1.59,1.59,1.3,0.0,0.0,0.0,0.0,0.0,1.59,1.2,0.4,0.43,2.79,0.8,1.3,1.99,2.16,4.33
2012-10-03,40.95,33.33,16.83,11.43,7.62,4.76,3.79,19.05,4.76,2.22,1.9,1.9,1.72,0.0,0.63,0.95,0.0,0.0,2.54,2.54,0.63,0.34,4.76,0.95,0.69,2.22,2.07,3.1
2012-10-04,26.15,25.38,13.08,6.92,4.23,2.31,1.67,22.69,6.92,3.85,2.69,1.92,2.08,0.38,1.15,1.15,0.0,0.0,2.69,1.92,0.38,0.42,2.31,0.38,0.0,2.31,1.25,2.5
2012-10-05,28.21,28.72,13.85,8.21,4.1,3.08,2.78,23.08,6.15,3.08,2.05,2.05,2.22,0.0,1.03,0.51,0.0,0.0,2.05,1.03,0.51,0.56,1.54,0.51,0.0,3.08,3.33,3.89
2012-10-08,29.23,29.74,15.38,9.74,7.18,4.1,4.42,29.74,10.77,6.67,2.56,2.56,2.76,1.03,1.03,1.54,1.03,1.1,2.05,1.03,1.03,1.1,3.08,1.03,1.1,2.56,0.0,3.31
2012-10-09,39.08,41.76,26.05,17.24,12.64,9.58,8.26,44.06,17.24,11.11,6.9,3.45,3.31,2.68,1.53,3.07,1.92,2.07,2.68,2.68,1.53,1.65,3.83,3.07,3.31,3.45,4.13,5.37
2012-10-10,39.14,39.14,24.77,16.21,14.37,9.48,7.92,37.92,15.29,11.62,7.65,4.28,3.96,3.36,2.45,3.36,3.06,3.3,4.59,3.67,2.75,2.97,5.81,3.36,3.63,3.67,1.65,6.27
2012-10-11,40.38,37.74,19.62,15.09,10.94,6.79,6.12,32.45,12.08,7.55,3.4,3.4,2.86,1.89,1.13,3.02,2.26,2.04,3.02,3.02,2.26,2.45,3.77,3.4,3.27,4.53,3.67,4.08
2012-10-12,43.22,44.72,27.64,24.12,17.59,14.07,12.5,46.73,19.1,16.58,12.06,8.04,5.43,2.01,3.02,3.52,3.52,3.8,8.54,4.02,4.02,3.8,4.52,4.02,3.8,5.53,5.43,2.72
2012-10-15,40.32,38.71,26.61,22.58,15.32,12.9,12.07,36.29,14.52,13.71,8.06,7.26,6.03,0.81,0.81,2.42,2.42,2.59,5.65,3.23,2.42,2.59,3.23,2.42,2.59,4.03,3.45,11.21
2012-10-16,47.58,41.94,29.03,24.19,16.94,13.71,12.07,35.48,16.13,13.71,6.45,4.03,4.31,1.61,0.81,2.42,2.42,2.59,4.03,2.42,2.42,2.59,2.42,2.42,2.59,4.03,1.72,5.17
2012-10-17,32.02,11.8,10.67,5.06,2.25,2.25,2.48,0.56,0.0,0.0,0.0,0.0,0.0,4.49,0.56,0.56,0.56,0.0,0.56,0.56,0.56,0.83,4.49,3.37,0.83,4.49,2.48,3.31
2012-10-18,37.43,13.41,13.41,6.7,3.35,3.35,4.1,0.0,0.0,0.56,0.0,0.0,0.82,5.03,1.12,1.12,1.12,1.64,1.12,1.12,1.12,1.64,2.79,1.68,0.0,5.03,3.28,6.56
2012-10-19,38.33,16.67,16.67,13.33,8.89,6.11,8.13,1.67,2.78,2.22,2.22,2.22,2.44,9.44,3.89,2.78,2.22,2.44,2.22,2.22,1.67,2.44,4.44,2.22,0.81,3.89,1.63,4.88
2012-10-22,44.75,21.55,17.13,12.15,8.29,5.52,8.87,1.1,2.21,1.66,2.21,1.66,2.42,6.63,2.21,1.66,1.66,2.42,1.66,1.66,1.66,3.23,6.08,3.31,6.45,3.87,5.65,12.9
2012-10-23,63.93,43.03,36.89,31.15,23.36,22.54,19.05,12.7,13.93,11.48,7.38,6.15,8.33,15.98,11.48,6.97,6.15,7.14,13.93,7.38,4.92,6.55,7.38,6.56,7.14,6.56,5.36,7.14
2012-10-24,59.61,38.76,34.85,28.01,22.48,21.5,17.29,11.73,13.68,11.4,7.49,6.51,8.41,18.89,12.05,6.84,6.51,7.94,11.07,6.51,5.54,5.14,7.49,6.84,5.61,6.51,5.14,3.74
2012-10-25,54.88,35.35,30.23,22.33,21.86,20.47,15.29,12.56,13.49,11.63,6.51,6.05,7.64,12.56,9.77,6.51,6.05,7.01,7.91,5.58,5.12,5.73,8.84,7.44,7.64,7.91,8.92,5.1
2012-10-26,54.69,34.38,30.21,21.88,22.92,21.35,16.18,14.06,16.15,13.54,7.81,7.81,9.56,18.75,10.94,7.81,7.81,8.82,7.29,5.21,5.73,5.88,9.38,8.33,8.09,10.94,9.56,4.41
2012-10-31,60.63,42.86,37.46,32.7,29.52,26.35,27.74,22.22,26.67,22.54,17.14,14.6,14.38,29.21,21.9,13.97,11.75,10.96,15.87,9.52,9.21,7.19,9.84,10.16,6.51,9.84,7.19,9.59
2012-11-01,43.02,29.84,27.13,22.09,17.05,15.89,15.06,13.18,13.57,11.63,8.14,8.14,7.53,12.02,9.69,7.75,6.59,5.44,10.85,7.36,5.43,5.44,7.75,8.91,5.86,8.91,7.53,12.13
2012-11-02,50.52,32.99,29.9,26.29,23.2,20.1,21.11,11.34,16.49,17.01,10.82,10.82,8.89,20.1,16.49,10.82,10.31,8.33,13.92,9.28,8.25,6.11,9.28,8.76,5.0,8.25,6.67,5.56
2012-11-05,55.32,39.89,35.11,29.79,26.6,23.94,23.7,13.3,19.68,19.15,13.83,11.7,11.56,21.28,17.55,13.3,10.11,8.67,15.96,10.64,9.57,8.09,10.11,9.57,9.83,9.04,6.94,13.29
2012-11-06,47.06,32.94,31.76,24.31,20.78,19.22,18.3,13.33,18.43,16.08,10.2,10.59,9.36,21.96,15.29,10.98,9.41,8.51,12.16,8.63,8.24,7.23,10.98,9.8,8.51,9.02,6.81,11.06
2012-11-07,62.81,45.63,41.25,40.0,35.0,31.87,33.56,25.0,26.88,26.88,24.38,21.25,20.68,29.37,26.56,22.5,17.81,17.29,26.56,16.87,14.38,11.53,15.0,12.5,10.51,9.38,7.46,11.86
2012-11-08,56.44,41.29,37.12,36.36,31.82,30.3,31.15,17.8,23.11,24.24,22.35,18.94,17.21,30.3,26.14,19.7,17.05,15.16,20.08,14.02,13.26,11.07,16.67,12.88,10.66,9.85,8.2,13.11
2012-11-09,50.51,38.38,36.87,35.35,32.32,30.3,31.15,17.17,22.22,23.74,23.23,20.2,20.22,26.26,24.75,21.72,21.72,19.13,18.18,16.67,17.17,15.85,18.69,19.19,15.3,15.66,10.93,13.11
2012-11-12,42.93,24.75,24.24,20.71,20.2,17.68,17.93,6.06,14.14,15.15,12.63,13.64,9.78,27.78,23.74,17.68,17.17,15.76,16.16,12.63,14.14,11.41,11.62,15.15,10.33,21.72,10.87,11.96
2012-11-13,43.4,24.53,23.4,21.51,21.13,19.25,18.29,6.04,12.08,13.96,12.83,12.83,10.16,19.62,21.51,18.49,16.6,15.45,20.0,15.85,15.85,14.63,14.34,15.85,13.01,17.36,10.98,18.29
2012-11-14,52.11,34.64,32.83,31.63,28.61,25.6,27.92,13.55,17.77,21.08,19.88,19.88,20.13,25.0,26.2,21.39,21.99,20.45,21.99,17.47,18.98,17.53,15.66,19.28,16.88,20.78,16.23,22.08
2012-11-15,54.65,38.29,35.32,33.46,28.62,25.28,27.71,15.61,19.7,22.68,19.33,18.59,20.48,25.65,26.39,20.07,18.59,19.68,25.28,14.87,15.99,16.47,8.92,10.41,12.45,17.47,17.67,23.29
2012-11-16,38.12,21.78,18.81,19.8,15.35,13.86,14.97,6.44,11.39,14.36,9.41,9.41,9.09,19.31,22.77,11.88,9.41,11.76,20.3,9.9,8.42,8.56,5.45,6.44,6.95,13.86,14.44,26.74
2012-11-19,42.86,23.02,21.43,15.87,14.29,12.7,12.71,3.17,7.14,7.14,5.56,6.35,5.08,14.29,18.25,8.73,7.14,9.32,19.84,5.56,7.94,6.78,3.17,4.76,5.08,10.32,10.17,13.56
2012-11-20,46.03,32.54,26.98,21.43,15.87,15.08,14.41,10.32,11.9,11.11,6.35,6.35,5.08,12.7,12.7,5.56,4.76,5.08,15.87,3.97,4.76,4.24,2.38,3.97,4.24,9.52,7.63,11.86
2012-11-21,8.39,10.97,12.58,6.77,5.16,5.16,6.91,17.74,17.74,6.77,5.48,6.45,7.83,12.58,4.52,5.16,5.16,5.53,2.26,3.23,3.87,4.61,8.39,8.71,9.22,12.9,6.91,2.76
2012-11-23,12.89,9.79,10.31,8.25,7.22,6.19,7.25,11.86,10.82,7.22,5.15,6.19,6.52,10.82,7.22,6.19,5.67,5.8,4.12,5.15,4.64,5.07,13.4,8.25,7.97,4.64,5.07,3.62
2012-11-26,11.52,8.38,5.76,4.71,4.19,3.66,3.95,9.42,7.85,4.71,5.24,4.71,4.52,7.85,4.71,4.71,4.19,4.52,4.19,5.24,4.19,3.39,13.61,10.47,5.08,6.81,6.21,2.82
2012-11-27,24.71,16.08,16.47,10.59,10.59,7.45,6.36,15.29,12.94,9.02,8.63,7.84,6.78,9.8,7.84,7.84,7.06,5.51,6.67,8.24,6.27,5.51,17.65,11.37,7.2,7.06,5.51,2.97
2012-11-28,17.19,10.62,6.87,5.94,5.31,5.0,4.71,13.75,7.19,5.0,5.0,6.25,5.39,6.87,4.06,5.0,5.0,4.71,5.0,5.94,5.31,4.04,10.94,11.56,6.06,11.25,7.07,1.35
2012-11-29,16.79,10.31,7.25,6.49,5.73,4.96,4.12,12.21,8.02,6.11,5.73,5.73,4.53,8.02,4.96,5.73,4.58,3.29,5.73,6.49,4.58,3.29,11.07,10.31,2.47,8.02,4.12,0.82
2012-11-30,23.86,15.74,13.2,10.15,8.63,8.63,6.01,14.72,10.66,7.61,5.58,8.12,5.46,10.66,6.6,5.58,6.6,4.92,6.6,6.09,5.08,4.37,9.64,11.68,2.73,12.18,6.01,1.09
2012-12-03,36.65,28.27,23.56,16.75,14.66,12.04,11.36,17.8,17.8,10.99,8.9,8.9,7.39,14.14,6.28,6.81,7.33,6.82,3.14,7.33,6.28,5.11,12.04,11.52,7.39,8.38,6.25,4.55
2012-12-04,34.75,30.5,24.71,18.92,16.99,15.44,13.81,21.62,20.08,14.29,10.42,11.2,9.62,11.97,7.72,7.34,8.11,7.11,7.72,7.72,8.49,7.11,14.67,13.9,10.04,13.51,7.11,5.02
2012-12-05,39.08,33.85,29.54,19.69,17.85,16.0,12.67,23.69,19.38,12.92,10.46,9.85,7.67,11.38,6.46,6.46,6.46,5.33,4.62,6.77,7.38,4.67,11.38,10.46,6.67,8.31,5.0,1.67
2012-12-06,40.3,37.69,34.7,23.51,20.15,19.03,16.94,29.1,23.88,17.91,13.06,12.69,10.89,16.79,10.45,7.09,7.46,6.45,5.22,6.34,7.46,5.24,10.07,9.33,7.66,8.96,7.26,4.44
2012-12-07,38.81,31.84,31.34,18.91,17.91,17.41,13.44,20.9,19.4,14.43,10.95,9.45,8.06,15.92,8.96,7.46,5.97,5.38,4.98,6.47,4.98,4.84,9.95,7.96,6.99,6.47,5.91,6.99
2012-12-10,48.76,38.81,34.33,23.38,22.39,17.41,14.44,23.38,21.39,15.42,12.94,7.96,6.95,14.93,7.96,6.97,3.98,4.28,3.48,4.48,3.98,4.28,11.44,5.97,4.81,7.46,6.42,1.07
2012-12-11,53.16,38.66,31.6,20.45,18.22,15.24,11.6,19.7,16.73,9.29,8.55,5.58,4.8,10.04,5.2,4.46,4.46,4.4,2.97,4.46,4.46,4.4,8.55,5.95,4.4,7.06,6.0,2.0
2012-12-12,51.04,43.32,37.39,29.67,25.82,19.88,16.61,32.34,26.71,18.69,17.8,10.39,8.63,16.91,9.79,8.61,5.34,4.79,5.64,6.23,5.04,4.47,13.35,6.82,4.47,5.93,3.19,1.28
2012-12-13,60.07,49.08,42.86,32.97,28.21,23.44,19.76,27.84,23.44,16.48,14.65,9.89,7.91,17.58,9.16,6.96,5.49,5.14,4.76,4.4,5.13,4.74,9.52,7.69,5.14,8.79,6.72,2.37
2012-12-14,69.27,54.15,45.85,36.1,32.2,24.39,23.16,26.34,16.59,12.68,11.71,7.32,5.26,7.8,5.85,5.37,4.88,4.21,7.32,6.34,5.37,5.26,11.22,6.83,4.74,6.34,5.79,3.16
2012-12-17,74.22,59.38,47.66,41.41,35.16,27.34,25.83,31.25,20.31,18.75,16.41,10.94,11.67,13.28,12.5,7.03,7.81,5.0,10.94,7.03,6.25,4.17,8.59,6.25,4.17,7.03,3.33,4.17
2012-12-18,68.75,52.34,44.53,37.5,31.25,24.22,22.5,34.38,21.88,20.31,17.97,10.16,11.67,13.28,9.38,6.25,4.69,4.17,8.59,6.25,4.69,3.33,8.59,4.69,3.33,5.47,1.67,2.5
2012-12-19,43.91,35.58,28.21,21.15,21.79,17.95,13.7,21.79,20.83,13.78,10.58,7.05,9.13,8.65,7.37,7.37,3.85,5.02,8.65,8.33,4.49,5.02,10.26,5.13,4.57,3.85,1.37,8.68
2012-12-20,53.18,40.91,35.0,28.64,25.0,22.27,17.9,24.09,24.09,19.09,13.64,8.64,11.73,11.82,13.18,8.64,6.36,7.41,18.18,10.0,4.55,5.56,10.0,2.73,3.7,4.55,3.09,10.49
2012-12-21,63.45,51.27,40.61,34.01,29.44,26.9,23.4,23.86,20.81,16.75,14.21,9.64,12.77,8.12,10.15,9.64,6.6,9.22,12.18,13.71,6.6,10.64,16.75,7.61,11.35,5.08,5.67,16.31
2012-12-24,66.49,55.15,45.36,39.69,35.57,30.93,30.0,32.47,29.38,26.8,24.23,15.98,15.0,18.56,18.04,14.95,7.73,7.78,20.1,12.89,6.7,7.78,12.89,5.67,4.44,4.64,4.44,14.44
2012-12-26,75.93,64.51,52.47,45.68,39.2,36.11,36.54,39.51,31.48,29.94,27.16,23.15,21.93,29.32,25.0,20.06,14.51,11.63,23.77,16.05,12.96,9.63,14.81,11.42,5.65,7.41,4.98,3.32
2012-12-27,68.3,56.98,50.19,43.77,37.74,33.96,35.37,37.74,33.21,30.57,29.06,23.77,23.98,37.36,30.19,23.4,18.87,16.26,26.79,17.74,12.08,9.76,13.96,6.79,5.28,5.28,4.07,6.5
2012-12-28,85.5,81.5,81.0,77.5,69.0,57.0,59.14,68.0,64.5,62.5,46.5,37.5,42.47,63.5,55.0,41.0,30.5,32.26,51.5,35.0,23.5,26.34,21.5,14.0,16.13,5.5,12.37,44.62
2012-12-31,55.67,42.27,36.6,35.05,29.9,25.26,24.58,21.13,22.16,22.16,18.56,13.92,11.17,18.04,19.59,14.43,9.79,9.5,21.65,13.4,9.79,8.94,9.79,7.22,4.47,4.12,3.91,7.82
2013-01-02,41.03,27.05,23.1,22.8,18.24,12.46,11.18,11.25,13.68,16.11,10.33,7.29,5.92,18.84,17.93,10.94,7.9,6.58,17.63,10.33,5.47,5.26,7.9,3.34,3.62,3.04,2.96,5.59
2013-01-03,45.76,33.95,32.1,28.04,22.88,18.45,15.54,15.13,17.71,19.19,14.02,9.23,7.57,15.87,18.82,12.55,8.49,7.57,20.3,12.92,8.49,6.37,9.59,4.06,3.98,3.32,3.59,3.98
2013-01-04,29.9,20.59,20.1,17.65,17.16,11.76,10.58,11.27,16.67,15.2,12.25,8.82,6.88,22.06,17.16,13.73,9.31,8.47,15.2,12.25,8.82,6.88,13.24,7.35,4.76,4.41,4.76,4.23
2013-01-07,17.65,12.25,10.29,10.29,9.8,6.37,5.79,5.88,8.82,9.8,9.31,5.88,4.74,11.27,13.24,10.78,6.86,6.32,14.71,11.76,6.86,6.32,11.27,5.39,6.32,6.37,7.89,6.84
2013-01-08,15.38,10.99,10.62,10.99,10.62,6.59,5.51,8.42,12.82,13.19,10.99,6.96,5.51,16.12,19.41,13.55,6.96,6.3,16.85,12.45,6.96,5.91,10.62,5.13,4.33,4.76,5.51,5.12
2013-01-09,19.59,12.57,13.74,12.28,11.4,9.94,8.18,6.43,13.16,12.28,12.57,8.48,7.55,27.49,21.05,19.3,10.53,8.49,13.45,13.74,8.19,7.23,19.01,9.36,8.18,6.43,7.23,5.35
2013-01-10,13.72,7.22,8.66,10.11,7.94,6.14,5.45,3.97,9.03,13.0,9.03,7.22,6.23,26.35,27.08,16.25,10.47,9.34,22.02,11.91,10.11,7.39,6.86,6.5,6.23,10.47,9.73,7.78
2013-01-11,16.35,8.17,8.65,9.62,9.62,6.73,6.74,3.85,7.69,9.13,9.62,5.77,6.22,21.63,21.15,18.75,9.62,9.84,16.83,16.35,10.1,8.29,18.27,9.62,8.29,6.73,8.29,10.88
2013-01-14,25.38,21.54,20.0,19.23,16.15,16.92,16.39,15.38,17.69,22.31,19.23,15.38,14.75,20.0,24.62,20.77,13.08,13.11,27.69,19.23,11.54,12.3,10.77,10.0,8.2,9.23,9.02,5.74
2013-01-15,32.31,26.15,23.85,20.77,19.23,18.46,17.21,15.38,14.62,16.92,15.38,12.31,13.93,18.46,20.77,17.69,12.31,13.11,21.54,17.69,11.54,11.48,15.38,10.77,9.84,10.0,9.84,10.66
2013-01-16,16.83,15.56,17.14,14.92,12.7,8.89,10.36,21.27,22.22,15.56,11.75,9.52,10.81,13.33,9.84,7.62,7.94,6.76,9.52,7.94,6.03,5.41,10.16,7.3,4.5,5.08,2.25,1.8
2013-01-17,31.39,24.22,21.08,20.18,19.73,16.14,10.91,22.42,24.22,21.08,17.04,13.0,13.94,18.39,19.28,13.9,10.76,10.3,22.42,13.9,9.87,7.88,12.11,8.07,4.85,5.38,2.42,1.82
2013-01-18,12.0,14.5,17.0,16.5,12.5,9.0,10.42,19.5,23.5,19.0,15.5,10.5,9.03,21.5,15.5,13.0,10.0,8.33,14.0,12.0,8.5,4.86,14.0,9.0,3.47,5.5,1.39,1.39
2013-01-22,28.35,17.62,20.31,16.48,13.79,10.34,8.26,14.56,16.86,14.56,9.96,9.2,7.02,17.24,14.18,10.34,8.05,6.61,13.41,9.96,6.51,4.13,9.2,6.51,1.65,7.66,2.48,0.41
2013-01-23,27.44,14.33,14.02,14.63,12.5,8.84,7.54,7.01,8.84,11.59,8.84,8.84,7.21,11.89,11.89,11.59,9.45,7.21,15.55,11.89,10.06,6.89,13.11,11.28,2.62,8.23,2.95,0.66
2013-01-24,34.57,27.88,23.05,19.33,17.1,14.5,11.2,17.47,13.75,14.87,11.9,10.41,8.0,10.41,12.27,10.78,8.92,6.4,15.61,11.9,10.04,6.8,13.01,10.78,2.4,8.55,3.2,0.4
2013-01-25,37.93,30.54,27.09,24.63,21.18,19.21,17.46,23.15,21.18,20.2,14.29,13.3,11.11,13.3,13.3,11.82,11.33,7.94,14.78,11.82,10.34,7.94,13.79,10.84,3.17,9.36,4.23,2.65
2013-01-28,51.02,41.84,36.22,31.12,28.57,26.53,22.65,20.41,23.47,21.94,18.88,15.31,11.05,20.41,18.88,15.31,12.24,9.94,16.84,13.27,12.76,8.84,13.27,13.27,7.73,9.69,4.42,1.1
2013-01-29,46.24,34.59,31.58,25.19,21.8,19.55,17.89,15.04,16.92,17.29,12.78,11.65,9.76,16.54,14.66,11.65,10.15,9.35,16.92,11.65,10.15,8.54,12.03,9.4,5.69,7.52,4.88,3.25
2013-01-30,58.98,46.41,41.02,39.52,35.03,32.93,32.36,30.84,29.64,27.84,25.15,21.86,18.45,26.35,25.45,19.16,15.87,13.92,23.65,15.57,13.77,10.68,11.68,11.38,9.06,11.38,8.41,4.21
2013-01-31,50.18,41.09,37.82,36.73,32.0,29.09,27.84,22.18,24.73,26.91,22.91,19.27,16.86,25.45,26.91,19.27,16.0,14.9,26.55,16.73,14.91,12.16,11.27,12.0,10.2,11.64,10.2,7.45
2013-02-01,39.61,32.37,32.37,26.57,21.26,21.26,20.83,21.26,20.77,20.77,14.98,14.98,13.54,16.91,14.98,10.63,11.11,9.38,15.46,11.59,10.14,9.38,10.63,11.11,10.42,11.59,10.42,8.33
2013-02-04,60.39,51.21,46.86,41.06,36.71,33.33,32.64,34.3,33.82,28.5,27.05,25.12,22.28,33.82,28.5,23.19,17.87,13.99,24.15,17.87,14.01,9.84,14.49,10.14,8.81,12.08,10.36,4.15
2013-02-05,37.91,32.49,31.05,31.77,25.63,24.91,20.93,23.1,27.44,26.35,24.19,21.66,16.67,28.16,27.44,20.22,16.97,12.79,23.47,16.25,13.36,9.69,10.11,10.11,8.91,13.72,10.85,4.65
2013-02-06,38.33,30.55,28.24,27.95,24.5,20.75,18.58,19.6,22.77,25.07,22.48,18.44,13.31,27.38,27.67,21.61,15.56,12.07,23.34,17.58,12.68,8.67,13.83,9.8,8.67,10.66,9.91,4.95
2013-02-07,36.65,32.03,27.76,28.11,23.49,20.28,18.01,23.84,24.56,26.69,23.49,19.57,14.56,21.71,26.33,18.86,14.59,10.34,25.27,17.44,12.1,8.43,9.61,8.54,6.9,9.96,9.2,4.98
2013-02-08,35.07,28.91,27.49,26.07,21.8,19.91,15.82,20.38,23.22,25.12,21.33,17.06,12.76,25.12,23.22,16.59,15.17,8.67,18.48,13.27,10.9,7.14,11.37,10.9,7.65,12.8,8.16,4.08
2013-02-11,35.61,34.09,33.33,30.3,26.52,24.24,22.58,34.85,30.3,27.27,26.52,21.97,20.16,25.76,27.27,23.48,16.67,14.52,25.76,16.67,12.12,9.68,9.09,10.61,7.26,13.64,8.87,5.65
2013-02-12,21.21,25.76,28.03,26.52,21.97,20.45,17.74,28.79,26.52,26.52,25.76,21.21,18.55,25.76,30.3,24.24,15.91,14.52,28.79,20.45,11.36,9.68,9.09,9.85,7.26,9.09,7.26,5.65
2013-02-13,26.2,27.27,22.99,19.25,20.32,16.58,13.08,24.06,26.2,17.65,14.44,10.7,13.08,25.13,17.11,15.51,8.56,10.0,11.23,10.16,6.95,6.92,13.9,8.02,6.15,4.28,0.0,0.77
2013-02-14,23.4,21.28,19.15,17.55,15.96,13.3,12.21,23.94,22.34,14.36,11.17,9.57,12.21,16.49,10.11,6.91,6.91,9.16,6.91,7.45,7.45,7.63,10.64,9.57,9.92,6.38,3.82,4.58
2013-02-15,24.87,21.16,19.05,16.93,14.81,11.64,10.61,17.99,19.05,10.58,10.05,6.88,10.61,10.05,6.88,6.35,5.29,6.82,7.41,7.94,5.29,7.58,11.11,6.88,7.58,4.76,3.03,11.36
2013-02-19,28.63,23.92,17.25,14.51,12.94,7.06,8.38,17.65,9.41,6.27,5.88,5.49,4.47,6.27,3.92,4.31,2.35,2.79,3.92,4.71,2.75,2.79,10.2,5.1,1.12,4.71,0.56,1.12
2013-02-20,50.0,45.65,39.13,32.92,27.64,26.09,24.02,37.27,30.75,23.6,19.25,14.6,16.59,18.94,12.73,11.49,8.7,11.79,9.63,10.87,6.83,10.04,14.29,9.94,11.35,5.9,6.11,10.92
2013-02-21,50.66,46.26,40.97,34.8,28.19,27.75,23.08,37.89,33.48,26.87,22.03,16.3,15.98,25.55,16.3,12.78,11.01,11.83,11.01,9.69,7.49,7.69,13.22,10.57,7.69,7.49,8.28,5.33
2013-02-22,45.81,34.98,31.03,23.15,25.62,22.17,17.69,27.09,28.57,21.67,20.2,13.3,16.33,24.14,13.3,14.29,9.36,11.56,7.39,11.33,5.91,7.48,18.23,8.87,9.52,5.42,4.08,8.84
2013-02-25,81.31,76.26,67.17,62.63,56.06,51.01,50.0,66.16,50.0,39.9,37.37,34.85,36.41,36.36,30.3,29.8,24.75,25.54,29.8,28.28,22.22,21.2,23.23,17.17,17.39,10.1,10.87,14.13
2013-02-26,67.55,66.42,59.62,52.45,47.55,42.64,42.28,53.58,47.17,37.36,36.98,34.72,35.77,41.89,31.32,32.45,25.66,26.02,26.04,27.17,22.26,19.51,25.28,18.87,18.7,9.81,10.16,15.04
2013-02-27,50.45,44.44,39.34,37.24,35.14,32.43,30.65,33.03,32.43,30.33,28.53,25.53,24.52,37.54,28.23,23.72,21.92,17.74,22.22,18.62,16.52,12.58,21.62,17.12,12.26,11.41,7.1,2.58
2013-02-28,58.24,55.31,46.89,41.76,38.46,36.26,37.01,47.25,38.1,33.33,33.33,30.04,29.92,31.14,28.57,25.27,23.44,22.83,26.74,23.81,21.25,16.14,22.34,18.32,15.75,12.82,10.63,7.87
2013-03-01,58.74,53.4,50.97,43.69,41.26,37.86,39.06,46.12,43.69,34.95,34.95,33.98,32.81,43.2,33.5,30.58,27.18,25.0,27.67,24.76,22.33,19.27,23.3,19.9,17.19,14.08,11.98,13.02
2013-03-04,48.74,44.22,38.19,36.68,34.17,30.65,32.61,35.18,32.16,26.63,27.14,21.61,22.28,24.62,19.6,20.6,16.08,15.76,17.59,18.09,15.08,13.59,23.62,17.09,15.22,9.05,9.78,17.39
2013-03-05,41.85,39.26,36.3,34.07,32.96,30.0,30.0,28.15,28.52,28.15,28.15,23.7,23.6,25.56,27.04,26.67,20.37,17.2,24.81,24.44,18.52,14.8,25.19,17.78,14.8,6.67,8.4,12.4
2013-03-06,49.26,43.36,39.53,37.76,35.69,33.92,35.99,29.5,31.56,28.02,28.61,26.25,26.43,30.68,25.07,26.84,22.71,21.66,20.06,21.83,20.06,16.88,25.66,20.94,18.79,15.63,11.78,12.42
2013-03-07,40.5,37.99,36.56,29.39,29.75,26.16,26.64,27.24,26.88,24.01,24.01,20.43,19.69,23.3,18.64,19.0,15.41,16.22,15.05,17.2,15.05,13.51,22.58,18.64,15.44,10.39,11.97,18.53
2013-03-08,26.67,25.71,24.76,20.95,21.43,21.43,22.05,20.0,22.86,24.29,23.33,19.52,18.46,24.29,20.95,20.48,17.62,17.44,17.62,18.1,17.62,14.36,22.38,20.0,14.36,14.29,11.28,14.36
2013-03-11,20.0,19.05,13.81,12.86,10.95,12.86,12.24,17.62,12.38,11.43,11.43,10.0,10.71,8.57,9.05,9.52,10.0,9.18,13.33,13.81,13.33,12.24,18.1,18.57,12.76,15.71,12.24,13.27
2013-03-12,17.79,21.71,16.73,16.37,15.3,13.88,12.98,22.78,19.57,18.86,19.22,17.44,14.89,11.74,13.17,12.46,11.03,12.6,13.88,14.23,13.52,12.98,19.57,18.86,13.36,16.73,13.36,14.5
2013-03-13,13.07,11.65,10.51,9.94,9.94,9.66,9.76,15.62,15.06,13.35,14.2,13.35,11.89,13.07,11.93,11.08,10.8,12.2,10.51,12.5,13.07,11.28,20.17,19.32,14.02,17.9,13.72,15.24
2013-03-14,5.26,5.96,6.32,6.67,5.96,5.61,4.91,14.74,13.68,14.74,12.98,11.23,10.94,11.58,11.58,10.53,9.82,8.68,15.79,14.04,12.28,10.94,15.09,11.93,11.32,13.33,12.08,15.09
2013-03-15,4.21,4.67,6.07,6.07,5.61,6.07,5.53,15.42,14.49,14.49,15.89,14.95,13.07,12.15,12.62,11.21,10.75,13.07,16.36,16.36,16.82,13.07,19.63,18.22,13.07,19.16,13.57,15.58
2013-03-18,27.61,32.84,31.34,29.1,26.87,25.37,24.6,33.58,32.09,27.61,29.85,28.36,25.4,29.85,26.87,30.6,26.12,24.6,21.64,26.12,21.64,19.05,29.1,20.9,19.05,17.91,16.67,18.25
2013-03-19,69.4,54.48,50.0,47.76,44.03,40.3,39.68,38.06,30.6,28.36,28.36,26.87,25.4,22.39,24.63,26.87,20.15,20.63,24.63,27.61,20.15,19.84,26.12,17.16,17.46,16.42,17.46,22.22
2013-03-20,18.15,16.31,16.31,15.08,14.46,13.23,13.36,21.54,19.08,14.77,13.23,13.85,18.1,9.54,8.92,9.23,13.23,16.38,17.54,13.85,15.69,16.81,15.38,16.62,18.1,22.15,20.26,18.1
2013-03-21,33.04,26.52,22.17,21.3,22.61,21.3,18.6,26.09,24.78,24.78,21.3,19.13,19.19,11.74,20.43,19.57,15.22,18.02,27.39,20.0,19.13,18.02,20.0,14.78,16.28,12.17,19.19,23.84
2013-03-22,34.47,24.76,21.84,20.39,19.42,19.42,16.0,21.84,16.02,17.96,15.05,15.53,20.0,9.71,13.59,13.11,15.53,19.33,24.27,17.96,19.42,19.33,16.99,16.5,21.33,19.9,22.67,26.67
2013-03-25,33.83,28.36,27.36,24.88,21.89,19.9,19.25,24.38,23.88,21.89,21.89,18.91,18.72,14.43,18.41,18.91,17.41,15.51,24.38,20.4,17.91,14.97,20.9,16.92,15.51,14.43,12.83,12.83
2013-03-26,26.39,21.56,20.82,20.82,18.59,17.47,18.8,22.3,20.45,21.93,17.1,15.99,16.8,11.52,17.47,15.61,15.24,16.0,24.16,17.47,17.84,16.0,16.73,16.73,16.8,17.84,15.6,19.6
2013-03-27,30.47,28.4,25.44,24.56,22.19,20.12,20.63,23.08,23.37,23.08,19.53,18.34,18.41,17.16,20.71,17.75,18.34,16.83,24.56,17.75,18.05,15.56,17.16,17.46,16.19,18.93,14.92,14.92
2013-03-28,26.35,21.3,19.49,19.86,17.33,17.69,17.05,20.22,16.97,21.66,17.69,16.97,15.89,11.55,18.05,15.16,14.44,14.73,25.63,18.05,18.41,15.89,17.33,18.05,16.67,19.86,15.12,14.73
2013-04-01,26.73,25.74,18.81,21.29,20.3,18.32,19.25,21.29,18.81,20.79,19.31,17.82,18.18,10.89,14.36,15.35,14.85,15.51,20.79,17.33,18.32,17.11,22.28,19.31,20.86,19.8,17.11,22.99
2013-04-02,24.09,17.88,15.33,16.06,14.23,12.41,13.78,13.14,13.14,16.42,14.23,13.87,14.17,10.95,13.87,13.87,13.14,13.39,20.44,16.79,16.79,14.96,19.34,17.15,16.14,17.88,15.35,23.23
2013-04-03,40.41,39.53,34.3,30.23,28.2,26.45,26.96,34.01,25.87,26.16,23.84,22.67,21.94,11.92,15.12,15.12,14.53,15.05,21.8,17.73,18.02,15.99,19.19,18.31,15.99,19.48,15.99,20.06
2013-04-04,30.04,28.27,22.26,23.32,20.85,21.2,22.05,22.26,20.49,22.61,19.43,17.31,17.87,14.84,18.73,16.61,15.55,16.35,21.55,16.96,17.67,15.97,18.73,18.02,15.21,19.79,15.97,20.53
2013-04-05,36.62,31.46,26.76,23.94,21.13,21.6,23.74,22.07,18.78,18.78,15.02,15.96,15.66,11.27,13.15,10.8,12.68,14.14,18.78,13.15,15.02,15.15,13.62,15.96,15.15,19.72,18.18,25.25
2013-04-08,24.88,23.94,21.6,19.25,17.37,17.84,16.58,25.35,21.6,23.0,20.66,18.78,17.59,14.08,19.25,13.15,12.21,13.57,19.25,12.21,13.62,15.08,9.39,11.27,12.06,16.9,15.58,19.6
2013-04-09,25.96,26.32,23.16,20.7,19.65,18.6,18.05,30.53,23.86,25.61,23.51,21.4,19.55,14.39,21.4,16.49,12.98,13.91,23.16,18.25,15.44,14.29,13.33,11.23,10.53,14.04,12.03,15.41
2013-04-10,26.05,22.97,18.21,17.37,13.73,14.29,13.81,19.89,16.81,15.69,12.61,12.32,11.71,10.36,11.2,8.68,9.52,7.81,13.17,10.92,10.64,9.91,12.32,12.61,11.71,17.93,13.81,14.41
2013-04-11,29.07,25.95,19.72,17.99,16.61,14.88,14.13,25.26,17.3,19.03,16.26,12.46,11.52,9.0,11.42,8.3,6.92,6.69,19.03,11.42,9.69,8.55,7.61,8.65,9.67,12.11,11.9,14.5
2013-04-12,25.35,21.2,16.59,16.59,12.9,13.36,12.38,12.9,14.75,15.21,8.29,7.83,8.42,16.59,16.59,9.68,6.91,6.93,15.21,6.45,6.91,6.93,6.45,6.45,9.41,12.44,11.88,14.36
2013-04-15,78.68,76.47,70.59,64.71,59.56,55.88,57.03,63.97,50.74,47.79,38.24,36.76,39.06,25.74,32.35,31.62,31.62,28.12,37.5,32.35,27.94,27.34,27.94,22.06,22.66,22.79,19.53,22.66
2013-04-16,61.76,48.53,44.12,40.44,35.29,30.15,32.03,31.62,27.94,25.74,23.53,21.32,21.09,26.47,25.74,18.38,15.44,17.19,22.79,10.29,10.29,14.84,8.09,11.76,11.72,16.91,18.75,21.09
2013-04-17,60.62,54.92,52.85,44.04,39.38,39.38,38.24,43.01,38.86,34.2,30.57,29.02,30.88,39.9,26.42,24.87,23.83,25.0,21.76,18.13,16.58,19.12,22.28,17.62,19.85,15.03,19.85,33.82
2013-04-18,60.82,55.67,53.61,47.94,44.85,41.75,40.15,44.85,40.72,35.57,37.11,32.47,35.04,40.72,32.47,32.99,29.9,34.31,27.32,30.41,23.2,27.74,31.96,24.74,24.82,17.53,22.63,38.69
2013-04-19,38.97,33.33,31.79,23.59,24.62,25.64,27.54,24.62,25.64,18.46,20.51,20.0,24.64,25.64,16.92,19.49,17.95,24.64,11.79,16.41,16.92,23.19,24.62,24.62,27.54,23.59,31.88,57.25
2013-04-22,39.29,31.12,28.57,22.96,22.96,22.96,25.18,16.33,20.92,15.31,13.27,15.82,18.71,25.0,17.35,19.39,14.8,18.71,15.82,13.78,15.31,17.99,17.86,16.84,20.14,17.35,22.3,37.41
2013-04-23,39.02,26.89,25.76,21.21,22.73,19.7,20.74,10.98,21.59,13.64,14.02,12.12,17.55,36.36,23.11,20.45,15.53,18.09,7.58,12.88,11.36,15.43,17.42,13.26,19.15,10.98,19.68,31.38
2013-04-24,43.54,33.33,31.23,23.42,24.62,24.02,25.0,18.62,24.32,15.62,15.62,14.11,19.17,28.23,14.11,15.92,14.41,18.75,6.31,12.31,12.31,16.25,19.22,16.52,20.42,14.41,20.83,30.83
2013-04-25,49.15,37.61,36.75,29.06,28.63,28.63,28.98,24.36,28.63,22.65,21.79,18.8,21.59,30.34,18.8,19.66,16.24,19.89,10.26,16.24,14.96,18.18,22.22,18.38,22.16,15.38,22.16,31.25
2013-04-26,47.37,35.89,31.58,28.23,30.14,30.62,29.41,24.88,28.71,25.84,28.23,25.36,24.18,24.88,23.92,23.44,20.57,23.53,23.92,22.01,21.05,22.22,27.75,22.97,24.84,14.35,20.92,25.49
2013-04-29,46.57,40.2,36.27,31.37,29.9,27.94,30.0,31.37,30.39,26.96,26.47,24.02,25.79,32.84,21.08,21.57,20.1,21.58,13.73,15.2,17.65,18.42,22.55,22.06,24.21,20.1,19.47,26.84
2013-04-30,41.39,34.8,32.97,30.77,29.3,28.21,29.92,28.21,29.3,27.11,26.74,25.64,26.38,30.04,25.64,23.08,24.54,24.8,24.18,22.71,24.54,25.2,23.08,25.27,24.02,23.81,21.26,22.83
2013-05-01,47.37,41.23,37.43,33.92,35.09,34.21,35.74,31.58,30.12,30.41,29.24,30.12,29.15,30.12,27.78,27.49,27.49,29.15,27.78,26.61,27.19,28.84,27.19,28.07,27.27,25.15,23.51,24.14
2013-05-02,41.07,33.57,32.14,28.57,28.21,27.14,29.12,25.0,28.21,24.29,24.64,22.86,26.44,28.93,22.5,22.14,23.57,25.29,17.86,20.36,23.57,26.44,25.36,26.07,26.82,25.71,26.44,29.5
2013-05-03,38.86,30.81,29.38,27.96,27.49,27.01,28.43,23.22,27.01,24.17,22.75,22.75,25.38,28.44,24.17,21.33,24.17,25.38,22.27,18.48,24.64,26.9,21.8,25.59,24.37,29.86,28.43,29.95
2013-05-06,38.05,30.24,30.73,26.83,29.27,28.29,30.53,20.0,22.93,23.41,24.88,22.93,27.37,20.98,22.44,26.34,25.37,26.84,24.39,27.8,26.34,27.89,28.29,26.34,23.68,21.95,21.58,25.26
2013-05-07,39.21,33.09,35.25,29.86,30.22,30.94,34.5,21.94,27.7,26.62,26.26,26.26,29.84,28.42,25.9,24.46,26.26,29.46,22.66,21.94,23.02,27.52,24.1,24.82,26.74,25.18,30.23,34.88
2013-05-08,38.11,35.53,37.25,33.52,32.95,32.95,35.49,28.94,30.09,29.8,29.51,29.51,31.48,30.37,31.23,29.23,29.23,29.94,27.51,25.5,26.65,28.4,24.36,25.5,25.62,25.79,26.23,30.25
2013-05-09,35.89,32.4,36.59,34.15,35.19,33.8,38.2,25.09,29.62,31.01,32.4,32.75,34.46,32.75,32.06,32.4,31.71,32.96,31.71,31.36,29.62,31.46,28.92,28.57,28.84,26.83,25.47,29.59
2013-05-10,30.09,22.69,21.3,23.15,23.61,24.07,27.36,14.35,18.98,25.0,24.07,24.54,26.87,26.39,27.78,26.85,28.7,29.35,30.09,27.31,28.24,29.35,24.07,26.39,28.36,30.09,31.84,30.35
2013-05-13,25.93,21.3,20.83,19.91,22.22,25.46,27.23,18.98,21.3,24.54,27.31,28.7,31.19,23.15,28.7,27.31,30.09,30.2,28.7,26.85,28.24,29.7,27.78,27.78,30.2,30.09,33.17,30.2
2013-05-14,23.53,22.49,20.07,20.07,21.8,23.88,27.41,21.8,21.45,24.91,27.68,29.07,32.59,20.42,25.61,26.3,29.07,30.37,27.68,26.99,28.37,32.22,28.03,27.34,31.11,30.45,34.07,35.19
2013-05-15,27.62,24.31,23.76,22.93,24.59,24.31,28.7,20.17,24.03,26.8,28.45,27.9,32.25,29.01,29.01,29.28,29.56,31.36,24.86,25.41,26.8,29.29,28.73,26.52,30.47,28.45,34.02,36.39
2013-05-16,31.4,28.67,28.67,26.62,26.62,26.28,30.04,26.62,29.35,28.67,30.03,27.65,32.6,29.35,26.96,27.99,26.62,29.3,21.16,24.23,23.21,26.37,28.67,25.6,28.94,22.87,31.14,44.69
2013-05-17,13.18,13.18,12.27,14.55,14.09,15.91,17.56,22.73,23.64,27.27,26.36,25.0,29.76,21.82,25.91,26.36,22.73,28.29,24.09,24.55,23.18,26.34,25.91,25.0,27.32,23.18,30.73,44.39
2013-05-20,23.19,22.46,25.36,21.74,21.74,21.01,23.08,21.74,22.46,25.36,26.09,24.64,28.46,23.19,25.36,31.16,25.36,29.23,24.64,28.99,23.91,30.0,30.43,23.19,29.23,23.19,30.77,46.15
2013-05-21,22.46,23.91,27.54,25.36,22.46,21.01,23.85,26.81,25.36,26.09,27.54,25.36,29.23,29.71,30.43,31.16,24.64,28.46,26.09,23.91,22.46,26.15,25.36,18.12,29.23,19.57,30.0,49.23
2013-05-22,33.04,30.65,25.3,22.62,24.4,28.57,23.46,28.57,27.68,25.6,25.0,27.08,23.87,21.43,24.11,21.73,26.49,20.16,25.3,19.94,25.6,20.16,21.73,29.46,20.16,46.13,18.93,0.41
2013-05-23,37.55,31.22,26.58,25.74,27.85,32.49,25.7,22.36,27.43,29.54,29.54,29.54,24.58,29.11,29.96,28.69,31.22,24.02,32.49,25.32,28.27,23.46,27.0,30.38,18.99,32.91,16.2,1.12
2013-05-24,41.04,33.49,28.77,26.42,28.77,33.02,26.28,28.77,27.36,28.3,30.19,30.19,23.72,16.51,27.36,25.0,28.77,21.79,30.19,23.58,28.77,22.44,27.83,33.49,19.87,36.32,17.31,0.0
2013-05-28,38.41,34.06,30.8,29.71,28.62,28.62,27.63,29.71,28.26,28.62,28.26,29.35,23.35,17.03,26.09,23.91,27.54,21.79,31.16,26.81,27.9,21.4,24.64,29.71,18.68,36.96,12.06,0.0
2013-05-29,41.91,37.57,34.68,32.08,30.35,31.79,29.41,32.95,30.64,29.19,28.9,30.64,25.7,18.5,24.86,23.41,27.46,20.43,28.9,26.3,28.03,21.05,25.14,30.64,18.58,37.28,12.69,0.0
2013-05-30,37.68,36.27,33.45,30.63,29.58,30.63,29.06,32.75,30.63,30.63,28.87,30.99,28.3,23.24,25.0,23.94,28.52,23.77,26.76,26.76,28.17,21.51,26.41,32.04,20.38,38.03,13.58,0.38
2013-05-31,39.25,38.79,36.45,33.64,34.11,35.05,34.0,38.79,31.78,32.24,34.58,34.58,31.5,28.97,29.44,31.31,32.24,27.5,30.84,32.24,33.18,30.0,30.84,35.51,24.5,38.79,16.0,0.5
2013-06-03,48.08,44.71,39.42,39.9,38.46,38.46,37.82,37.98,33.65,33.17,34.13,33.65,31.61,25.48,29.33,31.25,32.21,24.35,28.37,31.25,32.69,25.39,31.25,34.62,22.28,38.46,11.92,0.0
2013-06-04,48.94,46.1,41.84,41.49,40.07,39.36,38.93,41.13,36.17,34.04,35.11,35.46,33.97,26.95,30.85,31.91,33.33,27.48,30.14,32.62,33.33,27.48,31.91,35.46,22.52,38.65,13.36,0.76
2013-06-05,64.97,55.93,52.26,48.87,45.76,46.05,45.9,48.31,40.96,39.27,37.57,38.7,37.99,36.72,36.72,35.59,37.85,33.13,38.14,36.44,37.57,29.79,33.05,37.57,23.4,42.09,14.59,0.61
2013-06-06,60.82,51.55,47.42,45.36,42.61,43.99,40.59,39.86,36.77,34.36,35.05,36.08,34.32,33.68,32.65,34.02,36.08,27.68,31.62,33.33,36.77,25.83,31.96,37.11,21.77,42.61,12.92,0.0
2013-06-07,46.12,43.38,40.18,40.18,37.44,37.9,38.24,35.16,32.42,32.88,34.7,34.25,31.37,26.48,31.05,31.05,32.88,25.49,31.51,31.96,33.33,24.51,27.85,33.79,21.57,39.27,14.22,1.96
2013-06-10,48.4,46.12,43.38,41.1,38.81,39.73,37.07,42.47,38.81,37.9,34.25,36.07,35.12,35.62,33.79,34.7,36.99,28.29,35.16,33.33,36.07,23.41,33.33,36.53,21.95,42.01,15.12,0.0
2013-06-11,63.14,60.07,54.27,50.51,48.81,48.81,47.81,54.95,45.39,41.98,38.23,40.27,38.69,37.2,36.86,36.52,38.57,33.94,37.54,37.2,39.25,31.02,37.88,39.93,26.28,42.32,16.06,0.73
2013-06-12,72.48,70.57,65.4,61.58,59.67,58.31,55.1,62.67,52.59,49.32,46.32,44.14,42.27,41.96,38.15,36.78,39.51,37.03,41.14,38.96,39.51,34.4,38.15,40.6,27.7,43.05,18.08,2.33
2013-06-13,60.27,52.86,51.85,48.48,47.14,47.47,45.49,46.46,41.41,39.39,37.71,39.06,39.35,42.76,37.04,36.7,39.39,37.18,37.71,38.38,39.06,33.57,39.73,40.74,28.52,42.42,17.33,1.81
2013-06-14,64.57,60.09,54.71,51.57,49.78,51.57,50.0,55.16,45.74,44.39,39.46,40.81,40.38,43.5,37.67,36.32,39.01,37.98,38.57,36.77,38.57,33.17,37.67,40.36,27.4,43.05,18.27,3.37
2013-06-17,64.29,58.57,54.29,54.29,51.43,50.71,50.76,47.14,45.71,42.14,38.57,39.29,37.88,42.86,38.57,36.43,39.29,34.85,38.57,36.43,39.29,33.33,37.86,41.43,28.03,37.86,18.94,2.27
2013-06-18,64.29,59.29,54.29,52.14,51.43,50.0,49.24,50.0,45.0,39.29,36.43,37.86,37.12,34.29,35.0,35.0,35.71,31.06,35.71,35.71,38.57,28.03,37.86,39.29,25.76,35.0,15.91,3.03
2013-06-19,46.61,42.77,41.3,40.41,40.71,33.63,32.93,36.28,36.28,32.74,35.1,29.5,28.86,36.28,30.09,35.4,24.19,26.02,29.2,37.46,20.35,22.76,47.79,19.76,21.14,2.65,6.5,22.36
2013-06-20,81.67,67.08,62.5,61.25,58.75,51.67,47.25,45.83,42.5,40.83,43.75,38.33,39.56,46.25,42.08,43.33,38.33,37.91,42.92,46.25,30.42,32.42,41.67,27.08,26.92,7.08,16.48,26.37
2013-06-21,63.26,61.86,57.67,53.02,51.16,47.44,45.28,49.3,45.12,40.93,43.72,39.07,40.25,46.05,39.53,40.93,37.67,37.11,37.21,42.79,28.37,32.08,37.21,26.98,28.93,9.3,20.13,32.7
2013-06-24,72.73,66.03,62.2,59.81,57.89,53.11,53.85,45.45,45.93,44.02,44.98,40.19,43.08,52.15,49.76,47.37,39.23,43.08,47.37,46.41,34.93,33.33,45.45,27.75,27.69,9.09,14.36,23.08
2013-06-25,63.21,56.43,54.29,51.43,51.79,45.71,46.36,44.64,42.14,39.29,41.79,38.21,41.0,45.71,41.43,42.5,36.07,36.4,41.43,46.43,29.64,31.8,46.07,27.5,27.59,8.93,13.79,24.52
2013-06-26,54.42,47.01,42.45,42.45,42.17,39.89,42.38,34.76,35.33,35.61,37.61,35.04,36.59,41.88,39.32,38.46,33.05,34.15,41.31,40.17,28.49,31.71,31.91,25.64,26.52,11.11,16.77,29.88
2013-06-27,50.0,44.1,39.24,39.93,38.54,36.46,38.66,31.94,31.6,32.99,34.72,31.6,33.09,35.07,33.68,36.46,29.86,32.34,35.42,37.85,27.43,30.86,37.15,26.04,24.91,11.46,14.13,21.56
2013-06-28,49.77,41.47,38.25,38.25,37.33,35.02,35.96,29.03,31.34,32.26,34.56,30.41,29.06,34.56,35.02,36.41,29.49,30.54,40.55,38.25,27.65,30.54,33.18,23.5,22.66,10.14,11.33,18.23
2013-07-01,57.82,47.87,43.13,42.18,41.71,37.44,39.8,28.44,31.28,33.18,35.07,31.28,31.63,29.86,34.12,36.02,28.91,31.12,38.86,43.13,27.49,29.59,41.23,21.33,22.45,4.27,8.16,23.98
2013-07-02,55.24,45.1,41.61,42.66,40.56,36.01,39.47,26.22,28.67,32.87,33.92,30.42,29.32,31.47,36.01,34.97,28.67,30.08,40.21,38.81,27.27,27.82,36.01,20.63,21.8,8.04,11.28,24.81
2013-07-03,48.19,41.5,40.39,39.83,39.28,35.1,38.62,29.53,31.2,32.31,34.54,28.41,29.34,31.75,32.87,35.1,26.74,25.75,33.7,36.49,23.12,23.95,37.05,19.78,20.36,5.29,9.28,25.45
2013-07-05,26.24,20.36,19.0,22.62,24.43,19.91,22.82,13.57,17.19,24.89,26.24,17.65,19.9,24.89,31.67,30.77,21.72,23.3,34.84,32.13,20.36,21.84,27.15,14.93,16.02,6.33,11.17,27.67
2013-07-08,34.68,29.28,26.13,25.23,29.28,21.62,21.63,23.42,20.27,27.03,29.73,22.07,21.15,17.12,27.03,29.28,17.57,19.71,33.33,31.08,20.27,18.75,29.73,12.61,12.98,6.31,10.1,19.23
2013-07-09,29.29,24.92,23.91,25.59,26.6,19.87,20.86,22.56,22.9,29.29,30.3,23.57,23.02,21.21,31.65,30.98,19.87,19.78,35.69,30.98,19.87,20.14,27.27,10.1,12.95,6.06,11.15,26.62
2013-07-10,30.65,26.61,25.54,23.66,28.76,20.97,20.4,25.54,23.66,25.0,31.45,23.39,20.69,20.43,23.39,32.53,18.82,17.82,24.46,33.6,19.09,16.09,40.32,16.13,13.79,4.03,6.03,14.94
2013-07-11,25.91,23.26,21.26,22.92,24.58,18.6,17.44,20.27,22.26,25.91,29.24,19.93,18.15,22.59,27.57,30.9,18.27,16.37,26.58,29.24,17.28,14.59,31.89,11.63,10.68,4.65,7.47,14.23
2013-07-12,28.32,25.66,22.57,24.78,25.22,19.91,19.91,24.78,23.01,28.32,30.53,22.57,20.38,19.47,24.34,31.86,19.47,16.59,27.43,31.86,18.58,15.17,35.84,12.39,11.85,5.31,8.06,15.17
2013-07-15,29.58,30.28,28.17,28.17,25.35,21.83,20.9,21.13,20.42,25.35,28.17,21.13,19.4,21.13,27.46,32.39,21.13,18.66,33.1,33.8,23.24,17.16,37.32,14.08,11.94,7.75,5.97,8.21
2013-07-16,21.83,21.13,20.42,20.42,21.13,19.72,19.4,19.72,19.01,24.65,26.76,21.83,22.39,17.61,24.65,31.69,22.54,21.64,34.51,33.1,25.35,23.88,32.39,19.01,18.66,14.79,14.18,21.64
2013-07-17,20.9,15.42,18.41,19.4,16.42,15.42,15.28,16.92,20.9,19.9,13.93,13.93,16.67,22.39,24.38,15.42,12.94,15.97,24.88,12.94,11.94,14.58,6.47,10.95,15.28,16.92,17.36,19.44
2013-07-18,18.32,11.39,15.84,17.82,15.35,13.86,13.79,13.86,20.79,23.27,14.36,13.86,15.86,27.23,25.74,19.8,14.36,16.55,27.23,14.36,11.88,14.48,6.44,10.4,14.48,13.86,14.48,15.86
2013-07-19,10.34,8.87,9.36,10.34,6.9,5.42,9.59,10.84,8.37,10.34,7.88,8.37,11.64,12.32,17.24,10.34,9.85,13.01,24.14,11.82,10.34,14.38,9.36,10.34,15.07,10.84,13.7,19.86
2013-07-22,13.73,9.31,9.8,9.31,5.39,4.9,8.16,7.84,6.86,7.35,6.37,5.88,8.84,11.27,13.24,7.35,7.84,12.93,21.08,8.82,8.82,12.93,6.37,7.35,14.29,10.29,13.61,19.73
2013-07-23,14.55,10.55,11.27,11.64,8.36,6.91,10.05,10.91,9.09,10.18,7.64,7.64,11.56,11.64,13.09,8.73,10.18,14.07,21.82,11.64,10.91,13.57,8.36,11.64,15.08,14.55,15.08,15.58
2013-07-24,20.46,14.12,15.27,15.56,12.68,10.09,12.2,12.39,10.09,12.97,9.22,8.65,14.17,12.68,19.02,11.24,11.24,16.14,25.36,13.26,11.82,16.14,8.36,9.22,16.14,10.66,18.5,27.17
2013-07-25,22.54,15.16,15.57,15.16,10.25,8.2,10.75,12.3,10.25,12.3,6.97,6.56,9.14,11.89,12.7,7.38,8.2,12.37,19.67,9.02,9.84,13.44,6.56,6.97,12.37,10.25,16.67,19.89
2013-07-26,22.48,15.6,16.06,17.43,11.93,8.72,12.35,12.39,11.47,14.68,8.72,6.88,11.73,11.93,19.72,9.63,8.72,15.43,27.52,11.01,9.63,15.43,5.96,5.96,10.49,8.72,17.28,26.54
2013-07-29,32.08,26.89,24.53,20.75,17.92,14.15,14.14,21.7,19.81,19.34,13.21,11.79,9.6,10.85,15.57,11.32,9.91,8.59,21.23,11.32,11.32,11.62,9.91,10.38,8.59,9.43,10.1,17.17
2013-07-30,26.41,19.72,19.01,19.01,14.79,13.38,12.45,19.01,16.2,19.37,12.68,11.27,10.94,10.21,16.9,10.92,10.21,9.06,26.76,12.32,13.38,11.32,8.8,11.62,7.92,13.73,10.57,11.7
2013-07-31,19.38,16.01,17.42,16.29,14.04,12.08,11.11,21.91,19.66,19.38,13.48,11.8,11.41,12.36,14.33,11.8,10.67,9.31,18.26,11.8,11.52,10.21,10.67,12.64,9.31,13.2,10.81,12.01
2013-08-01,19.52,14.38,13.36,15.75,11.99,9.59,9.52,18.15,14.04,17.47,12.33,10.96,10.26,9.59,14.38,9.25,9.25,9.16,21.58,11.3,10.96,9.52,8.56,6.85,8.42,10.27,10.62,15.75
2013-08-02,16.82,10.0,8.64,11.36,8.64,8.64,6.8,10.91,9.09,14.55,9.55,9.09,8.25,10.45,13.64,9.55,8.18,7.28,21.36,10.0,9.09,7.77,6.36,4.55,1.94,10.0,8.25,8.74
2013-08-05,21.5,15.42,13.08,14.49,10.28,9.35,8.04,12.15,10.75,14.49,8.88,8.41,8.54,7.94,12.62,7.94,8.41,8.04,21.5,10.28,8.88,9.05,6.54,6.54,6.03,7.01,10.05,18.09
2013-08-06,21.45,16.61,15.22,16.26,11.76,10.38,9.29,14.19,14.53,17.99,10.73,10.73,10.78,13.15,17.3,10.38,9.69,9.29,23.18,11.07,10.38,10.41,7.27,7.96,8.92,10.03,11.9,18.96
2013-08-07,20.39,18.18,17.08,17.91,15.15,12.4,12.43,18.18,19.01,23.42,16.53,14.33,13.31,17.36,22.31,15.15,12.4,12.13,27.82,14.6,12.12,11.54,8.54,9.09,10.36,10.74,12.43,20.12
2013-08-08,16.11,14.77,13.09,15.44,11.07,10.4,9.71,15.77,17.45,19.46,13.42,13.09,13.31,16.78,20.81,12.42,11.74,11.51,23.83,13.09,11.41,11.15,8.05,9.73,11.15,12.08,13.67,19.78
2013-08-09,16.07,17.86,15.18,16.52,15.18,12.05,12.44,25.45,21.43,25.89,18.3,16.07,15.31,12.05,21.88,11.61,12.5,11.48,30.36,14.29,12.95,12.44,8.93,9.38,11.96,12.5,13.88,21.05
2013-08-12,13.78,16.0,13.33,16.0,12.89,12.89,12.8,20.89,18.22,22.22,20.0,17.33,16.11,10.67,22.22,16.89,14.22,15.64,32.44,20.89,17.78,17.54,8.89,9.33,9.95,14.67,17.06,21.8
2013-08-13,11.63,8.97,7.64,9.63,7.97,7.97,8.51,11.96,10.3,17.28,11.63,9.97,12.06,9.3,21.59,13.29,11.3,13.48,34.55,18.94,17.28,16.67,6.98,9.63,10.64,15.61,17.38,23.76
2013-08-14,13.53,11.67,10.34,11.67,11.14,10.34,11.05,14.06,12.73,18.57,15.38,14.32,13.6,10.08,20.69,15.12,11.67,15.3,29.97,19.89,18.3,17.28,10.34,11.67,13.03,16.45,17.85,24.36
2013-08-15,29.18,24.92,21.31,23.93,20.0,19.34,20.35,21.64,20.66,26.56,20.98,20.98,21.75,19.02,27.21,18.03,18.36,19.3,31.48,18.69,19.34,19.3,7.87,13.11,14.39,22.3,19.3,23.86
2013-08-16,47.6,37.55,31.88,32.75,25.76,25.76,26.64,21.83,20.09,25.76,20.52,18.78,19.16,18.34,24.89,17.03,17.03,16.82,31.88,17.9,17.47,15.89,7.86,10.92,11.21,19.21,17.29,24.3
2013-08-19,60.42,49.31,43.75,43.75,39.58,36.11,35.29,37.5,29.17,32.64,29.17,27.78,25.74,21.53,31.25,25.0,19.44,21.32,38.19,27.08,22.22,21.32,12.5,12.5,13.24,17.36,20.59,26.47
2013-08-20,70.14,52.08,48.61,47.22,41.67,40.28,38.97,29.86,25.0,29.17,27.08,26.39,25.0,24.31,34.03,27.08,22.22,22.79,37.5,24.31,23.61,22.06,12.5,13.89,16.18,22.22,22.79,25.74
2013-08-21,44.57,40.0,41.43,35.71,32.57,32.29,32.68,34.57,38.29,32.57,29.14,26.86,29.96,44.0,28.29,25.14,22.29,26.07,13.71,17.14,17.71,20.62,20.29,20.57,24.51,24.29,27.63,32.3
2013-08-22,42.91,38.46,40.08,32.39,31.17,31.17,31.75,39.27,39.27,33.2,30.77,27.94,29.1,41.7,28.34,23.48,20.24,21.69,12.55,15.79,16.6,16.4,21.05,17.0,19.58,19.43,23.81,24.87
2013-08-23,37.56,34.84,35.75,28.96,27.6,27.6,27.88,35.75,37.56,32.13,30.77,26.24,28.48,41.18,28.96,23.08,19.91,23.03,12.67,15.84,14.48,16.97,20.36,15.38,18.18,14.03,23.03,30.3
2013-08-26,47.44,44.65,40.93,35.81,36.28,33.49,33.83,40.93,38.14,32.09,30.23,28.84,29.85,38.14,24.19,22.79,20.93,22.39,12.56,14.42,15.81,14.43,22.33,20.0,21.89,19.53,19.9,21.39
2013-08-27,54.17,52.43,49.65,43.4,40.97,40.62,43.12,47.57,43.75,36.11,36.46,36.46,37.55,46.18,32.64,29.86,30.56,33.46,18.75,22.22,25.69,28.25,27.08,28.82,30.11,28.82,29.74,28.62
2013-08-28,59.56,54.57,52.35,44.32,42.11,41.83,44.08,49.58,44.32,36.84,37.12,35.18,38.17,45.43,32.69,29.92,28.53,32.54,19.39,21.88,22.44,26.04,27.15,26.04,28.4,22.99,26.92,35.5
2013-08-29,59.8,52.7,50.0,42.91,40.54,39.53,42.24,46.96,41.55,34.8,35.14,33.45,36.1,42.91,31.08,27.7,27.36,29.6,19.93,20.27,22.64,24.91,23.65,26.35,26.35,26.35,27.08,30.69
2013-08-30,57.85,51.57,50.22,42.6,41.26,41.26,43.06,46.19,43.05,35.87,37.67,36.32,37.32,45.29,33.18,32.74,30.94,32.54,21.08,24.66,26.91,27.27,29.15,28.25,26.79,23.77,22.49,25.84
2013-09-03,56.85,54.79,53.77,47.6,45.21,43.49,45.59,48.63,46.23,40.07,38.01,37.67,40.44,45.89,36.3,34.25,32.53,35.29,19.18,23.29,26.03,27.21,26.71,27.74,27.21,26.37,26.1,27.57
2013-09-04,55.59,53.13,53.95,47.41,44.69,44.41,46.49,49.32,47.41,40.87,38.42,37.87,41.23,49.59,37.33,34.88,33.51,36.84,17.44,21.8,23.98,27.19,26.98,27.25,29.53,26.16,28.07,31.87
2013-09-05,51.32,49.34,49.34,43.71,42.05,41.06,43.26,48.34,46.03,38.41,37.09,36.09,38.65,45.36,33.77,32.78,32.12,35.46,17.88,21.85,23.84,29.08,26.82,27.15,31.56,26.16,30.14,35.82
2013-09-06,51.1,47.14,49.78,44.93,43.17,42.73,45.28,44.05,47.14,41.41,37.89,37.0,40.57,51.1,40.09,37.44,34.8,38.21,21.15,23.79,25.11,30.66,23.79,26.43,31.6,26.43,35.85,43.4
2013-09-09,55.26,50.44,50.44,44.74,42.54,40.35,42.99,46.49,46.05,39.91,37.28,36.4,38.32,49.12,36.84,36.4,32.89,35.98,18.42,23.68,26.32,25.23,30.7,28.07,28.97,25.88,25.7,32.24
2013-09-10,44.59,44.26,48.85,41.97,38.36,36.72,38.81,42.62,47.21,39.34,34.1,36.07,37.76,51.48,36.39,32.13,32.13,34.27,12.13,12.46,18.69,23.08,18.69,26.23,27.97,29.84,32.87,34.62
2013-09-11,43.98,39.79,42.41,37.7,35.34,31.94,33.52,34.03,40.31,33.51,32.2,30.37,32.12,48.43,33.51,27.75,27.23,27.37,10.99,12.04,13.61,16.76,18.85,20.68,22.63,21.47,23.46,31.84
2013-09-12,53.4,46.93,46.93,40.78,38.19,35.92,36.68,37.54,38.51,34.3,32.69,31.07,31.49,44.01,32.69,26.86,24.6,24.91,15.21,14.24,15.21,17.65,18.45,20.39,20.76,22.33,20.76,28.72
2013-09-13,53.45,48.71,47.84,40.95,38.36,36.21,37.33,41.38,40.95,34.91,33.19,31.03,33.18,44.4,28.88,25.0,23.28,24.42,10.34,12.07,14.22,16.59,18.97,21.12,23.04,23.28,23.96,31.34
2013-09-16,60.96,51.37,50.68,45.21,42.47,40.41,39.13,39.04,42.47,35.62,34.25,32.19,34.06,47.26,32.88,32.19,27.4,29.71,12.33,15.75,15.75,18.12,24.66,19.18,24.64,20.55,25.36,30.43
2013-09-17,63.01,52.74,52.74,46.58,44.52,41.78,39.86,41.1,42.47,36.99,33.56,32.88,33.33,43.84,32.19,28.77,27.4,28.99,15.07,15.07,16.44,17.39,18.49,18.49,21.74,26.71,25.36,28.99
2013-09-18,29.18,33.14,25.5,22.38,23.51,22.95,22.69,43.63,30.88,24.08,23.51,23.8,24.62,8.22,8.22,12.18,14.45,17.69,16.43,18.41,20.68,21.15,22.38,23.8,23.85,26.35,25.38,16.92
2013-09-19,33.2,32.0,25.6,23.2,24.4,25.2,22.92,37.2,29.2,27.2,26.8,25.6,23.44,10.0,14.4,20.0,18.8,19.27,24.8,23.2,23.6,22.92,28.4,26.0,25.52,22.8,22.4,17.19
2013-09-20,35.27,33.04,23.21,21.43,23.21,22.77,20.83,38.39,25.45,19.64,20.54,21.88,22.02,5.8,7.14,9.38,13.84,17.86,14.29,20.54,22.32,23.21,27.68,28.12,30.36,29.91,30.36,27.38
2013-09-23,39.45,37.61,32.57,28.44,26.15,25.69,27.94,35.78,30.73,24.31,23.85,22.48,25.49,9.17,10.09,13.76,17.43,18.14,15.14,17.43,21.1,21.08,22.48,25.69,26.47,27.06,26.96,26.47
2013-09-24,36.3,36.3,31.16,28.42,26.03,25.68,26.37,39.73,30.82,24.32,22.95,22.6,23.44,7.53,8.56,12.33,13.7,15.38,12.67,14.73,19.86,19.05,22.6,26.03,24.91,28.08,23.44,21.98
2013-09-25,36.89,36.61,29.78,27.87,25.41,25.96,26.82,36.07,27.87,23.22,22.13,22.4,23.32,7.92,9.56,12.3,14.75,16.33,16.67,15.57,21.04,21.28,21.31,26.78,25.07,33.06,29.15,23.32
2013-09-26,36.0,37.0,28.67,26.67,25.0,24.67,24.2,40.67,27.33,23.33,21.67,21.33,22.78,6.0,9.0,10.67,13.33,12.81,15.67,15.33,19.0,18.15,20.67,22.67,23.13,28.67,23.49,23.49
2013-09-27,46.9,46.02,37.17,32.74,31.42,30.97,33.49,43.36,30.97,27.43,27.43,26.55,29.72,11.5,12.83,16.37,21.24,22.17,17.26,19.91,27.88,26.89,26.99,30.97,29.72,34.07,30.19,24.53
2013-09-30,60.27,56.62,49.32,45.21,42.01,41.55,43.14,51.6,37.9,35.62,34.25,34.7,37.75,20.09,20.09,21.46,24.66,27.45,22.37,24.66,28.77,32.35,25.57,30.59,31.37,33.79,34.31,30.88
2013-10-01,53.38,50.0,41.89,38.18,35.14,35.81,38.77,42.91,31.42,27.03,28.04,26.69,28.26,15.88,13.18,18.92,19.26,20.29,14.86,20.61,21.96,22.46,25.68,27.03,27.17,25.0,27.17,30.43
2013-10-02,68.01,61.83,53.76,48.39,46.51,45.97,48.41,56.18,40.59,38.17,36.83,36.56,38.9,18.28,20.43,22.58,25.0,25.36,24.73,26.08,29.84,31.41,27.15,31.99,30.84,33.87,29.68,27.09
2013-10-03,75.16,69.28,60.46,55.88,53.59,51.31,52.8,58.5,47.71,43.14,39.87,40.52,42.31,29.08,33.01,32.68,33.66,36.01,33.01,33.33,33.66,37.06,30.39,34.31,33.92,33.99,34.62,31.12
2013-10-04,74.78,66.96,57.39,52.61,49.13,47.39,51.63,56.52,40.43,38.7,36.96,37.83,38.6,17.83,21.74,23.91,28.26,28.37,25.65,29.13,31.3,33.49,30.0,33.91,33.49,33.91,33.49,30.7
2013-10-07,80.52,80.09,72.73,68.83,64.5,62.34,61.75,74.46,60.17,54.98,52.38,48.05,49.77,41.99,39.83,38.96,41.13,43.78,41.56,41.13,41.13,44.24,39.39,39.83,41.94,34.2,40.09,40.55
2013-10-08,83.82,82.2,76.05,73.14,70.87,66.02,66.9,79.29,63.11,56.96,54.37,51.46,54.14,39.81,39.48,38.83,41.42,44.48,44.01,41.75,41.75,45.52,40.78,41.1,45.52,39.16,43.45,41.03
2013-10-09,81.65,77.52,72.61,68.22,66.15,63.31,62.81,67.18,57.11,51.94,50.39,47.03,49.04,43.41,39.28,39.53,41.34,44.35,41.09,41.86,41.34,45.18,43.93,41.09,45.18,35.66,40.5,40.77
2013-10-10,69.65,63.58,55.59,51.44,48.88,48.24,50.85,52.72,40.89,38.02,37.38,38.66,40.27,21.09,26.84,32.91,32.91,33.45,27.8,34.19,31.95,35.84,38.02,33.87,35.15,32.59,33.79,32.08
2013-10-11,64.68,59.57,54.04,48.51,45.96,45.11,45.45,55.74,41.28,38.72,37.45,38.72,38.64,18.72,27.23,31.49,32.77,31.36,33.62,31.91,31.91,32.73,32.34,31.06,30.91,31.91,26.36,23.64
2013-10-14,66.89,64.19,56.76,56.76,54.73,52.7,55.0,57.43,47.97,44.59,41.89,41.22,44.29,29.73,37.16,37.84,37.84,40.0,42.57,39.86,41.22,40.71,41.22,39.86,37.14,33.78,34.29,29.29
2013-10-15,89.19,82.43,79.73,78.38,74.32,72.3,70.0,64.86,52.7,52.7,51.35,49.32,48.57,33.78,41.89,41.22,44.59,45.71,50.0,45.27,45.27,46.43,43.92,46.62,41.43,40.54,38.57,30.0
2013-10-16,33.97,29.67,24.88,25.84,26.79,26.79,30.26,17.22,21.53,20.57,23.92,22.49,27.63,23.44,25.36,25.36,24.4,29.61,26.79,24.4,24.4,29.61,27.75,25.36,28.29,25.36,29.61,38.82
2013-10-17,30.48,12.38,16.67,16.67,20.0,19.52,20.26,2.38,4.76,7.14,12.38,12.38,16.99,22.38,25.71,25.71,24.29,26.14,29.05,25.71,24.76,27.45,26.19,25.24,24.84,24.29,23.53,17.65
2013-10-18,36.49,14.69,15.64,16.11,17.54,16.59,18.18,1.9,2.37,4.27,6.64,9.0,13.64,8.53,13.74,22.27,18.96,20.13,26.07,23.22,22.75,25.32,26.07,22.75,24.68,20.38,22.73,26.62
2013-10-21,38.21,18.87,19.34,20.75,21.7,20.75,22.58,5.66,7.08,8.02,13.68,11.79,16.77,15.09,22.64,24.06,19.81,23.87,26.42,23.58,20.75,23.87,26.42,21.7,23.23,16.51,19.35,27.1
2013-10-22,35.31,18.18,18.18,18.88,20.63,20.63,19.52,5.59,5.59,9.44,12.24,12.59,16.67,11.89,23.43,24.13,21.33,25.24,31.12,24.83,24.83,27.14,25.17,23.78,25.24,22.03,26.19,27.14
2013-10-23,43.21,20.22,18.84,19.39,22.44,21.61,20.52,2.77,4.16,6.65,9.97,12.19,16.79,9.7,20.78,24.65,21.88,24.63,32.69,29.09,26.32,28.73,29.92,26.59,26.12,22.99,21.64,18.28
2013-10-24,37.01,19.29,17.72,19.69,19.29,18.11,15.31,3.15,4.33,6.3,9.84,11.02,15.82,9.06,18.11,22.44,21.26,21.94,31.1,25.59,24.8,28.06,29.13,26.38,27.55,23.23,27.55,25.51
2013-10-25,38.77,18.5,18.5,19.82,18.94,18.06,15.2,1.76,3.96,7.05,9.69,10.57,14.62,10.13,16.3,23.35,22.03,22.81,28.63,26.43,25.99,28.65,32.6,29.96,28.65,23.79,23.39,18.13
2013-10-28,41.63,25.34,19.91,19.46,21.27,19.0,19.81,3.62,3.17,8.14,9.95,11.76,10.14,7.24,15.38,20.81,19.91,21.26,28.96,27.6,27.15,28.5,28.51,28.51,26.09,22.62,20.77,20.29
2013-10-29,40.2,20.61,16.89,18.92,19.26,18.92,20.22,4.73,3.38,9.46,10.81,11.82,11.91,8.11,17.23,20.27,20.61,22.38,31.42,29.05,28.38,31.05,26.01,25.34,26.71,23.99,23.1,27.8
2013-10-30,40.16,24.8,20.75,21.02,21.29,20.22,21.55,5.66,5.12,10.78,11.86,13.21,12.64,10.24,17.79,20.22,21.29,20.98,29.11,26.42,27.76,27.59,26.15,25.88,24.43,24.8,21.84,23.28
2013-10-31,39.8,24.67,20.39,18.09,20.39,20.39,21.4,5.26,4.61,8.55,12.17,12.83,12.98,9.21,12.83,18.42,20.39,20.35,25.99,26.64,28.29,28.42,28.95,28.62,27.02,24.67,21.75,23.86
2013-11-01,33.62,22.27,17.47,17.9,17.9,19.65,20.47,6.99,4.8,10.04,13.54,13.54,13.49,6.99,13.1,17.9,17.9,20.0,27.07,27.51,27.95,27.91,29.69,27.51,26.05,21.83,20.0,26.05
2013-11-04,33.33,18.92,11.26,13.06,13.06,13.96,14.49,5.86,3.6,6.31,7.21,9.46,9.18,4.5,9.91,13.06,14.41,14.01,21.17,20.27,22.52,20.77,23.42,24.32,23.19,24.32,19.32,20.29
2013-11-05,32.33,17.33,11.33,13.33,14.0,14.33,14.29,6.33,4.67,7.0,8.0,10.33,10.71,6.33,11.33,13.33,15.33,15.36,22.33,21.67,23.0,21.79,23.67,25.33,23.57,24.67,21.07,21.43
2013-11-06,29.18,14.32,10.34,11.94,12.73,11.41,12.5,4.24,3.71,6.63,7.43,8.49,9.66,5.84,10.34,14.85,14.06,15.06,22.02,24.14,21.49,21.31,26.26,22.28,22.73,18.57,18.47,26.7
2013-11-07,36.13,22.26,17.74,17.1,17.42,19.35,20.0,8.06,7.74,9.03,10.0,13.23,13.79,8.39,12.58,17.42,17.1,19.31,23.87,23.23,23.55,23.45,22.9,25.48,24.83,24.52,24.14,27.24
2013-11-08,28.33,14.16,10.3,11.59,11.16,10.73,10.09,3.43,3.86,6.01,5.58,7.73,7.8,6.44,9.87,9.87,13.73,14.22,22.32,18.45,21.46,19.72,21.46,22.32,21.1,23.18,20.64,21.1
2013-11-11,23.5,7.69,5.56,6.84,7.69,9.83,10.45,1.28,2.56,3.42,4.7,6.41,7.27,5.98,11.97,17.09,18.38,20.91,21.79,24.36,28.63,25.0,29.49,28.63,27.73,29.91,22.73,23.18
2013-11-12,24.92,9.27,6.71,7.35,8.95,8.63,10.88,2.24,2.88,3.83,6.07,6.07,6.8,5.75,10.22,15.02,15.02,16.67,21.73,25.24,25.24,24.49,30.35,27.16,26.87,21.09,20.41,29.93
2013-11-13,28.06,7.91,5.61,5.87,6.12,6.38,7.34,1.28,0.77,1.79,3.06,4.08,4.62,4.85,6.12,9.95,10.46,13.86,15.82,22.96,23.47,23.64,30.61,27.81,27.45,22.45,21.2,30.16
2013-11-14,18.3,5.68,3.15,3.79,4.1,4.42,4.38,1.26,0.32,0.95,2.52,3.47,4.04,3.47,5.05,6.62,8.2,9.76,19.24,21.77,23.66,23.57,23.97,26.18,24.24,26.81,24.92,29.63
2013-11-15,26.05,5.46,2.94,3.36,3.78,3.78,4.48,0.42,0.0,0.42,2.1,2.1,3.14,3.36,4.62,5.46,7.14,8.52,16.39,18.91,21.85,21.52,23.11,26.05,24.22,26.89,25.11,28.7
2013-11-18,49.33,26.0,14.0,12.0,14.0,14.67,15.49,2.0,0.0,2.67,2.67,7.33,7.75,3.33,7.33,10.67,10.0,11.97,22.0,24.0,23.33,24.65,30.0,24.67,26.76,22.0,23.24,30.28
2013-11-19,54.67,30.67,18.67,15.33,18.67,19.33,21.13,2.0,1.33,4.67,6.67,9.33,9.86,6.67,13.33,15.33,14.67,17.61,27.33,30.0,28.67,28.87,30.67,28.67,32.39,29.33,30.28,30.99
2013-11-20,3.57,3.85,3.85,4.12,5.22,5.22,8.49,9.34,7.69,8.52,10.44,12.36,18.08,10.99,12.64,16.76,17.03,21.03,23.63,21.15,21.43,25.09,24.45,22.25,28.78,25.27,30.26,34.32
2013-11-21,3.5,3.5,3.89,4.67,3.89,4.67,7.04,5.45,5.84,6.61,6.23,7.78,14.07,9.34,11.67,14.4,15.56,18.59,24.9,20.62,21.4,20.6,19.84,20.23,21.11,24.51,28.14,26.63
2013-11-22,8.26,5.22,4.78,6.09,5.65,5.65,8.62,3.04,3.04,5.22,4.35,5.65,6.9,6.09,10.0,10.87,13.04,16.67,25.65,20.87,19.13,18.97,19.13,16.09,17.24,18.26,22.41,26.44
2013-11-25,21.43,9.82,6.7,8.48,7.59,7.59,7.14,5.8,4.46,6.7,6.25,7.59,7.62,7.14,8.93,9.38,11.16,10.0,18.3,12.5,13.39,12.86,15.18,15.62,15.71,17.86,18.1,19.52
2013-11-26,29.33,13.33,8.67,12.33,11.67,10.67,9.25,6.0,4.0,8.0,7.33,8.0,8.19,9.0,12.67,12.33,12.33,9.96,24.0,16.0,15.0,13.17,16.33,14.33,14.59,16.33,11.39,10.32
2013-11-27,29.52,15.69,14.1,14.63,14.63,13.56,13.03,8.51,7.45,10.37,10.11,10.9,9.92,9.57,11.44,13.3,13.3,11.05,19.41,16.22,15.43,13.88,20.48,17.29,15.3,17.02,12.46,11.61
2013-11-29,31.17,20.35,19.05,19.05,16.45,16.02,16.13,9.09,8.23,13.85,12.55,13.85,11.98,11.26,15.58,16.02,15.15,12.9,25.54,18.61,18.61,15.21,20.78,19.91,16.59,21.21,13.36,9.22
2013-12-02,47.56,32.44,27.56,26.22,24.89,23.56,22.38,13.33,12.89,19.11,16.89,16.44,14.29,10.22,19.56,18.22,16.89,12.86,29.78,19.56,19.56,13.81,18.67,17.78,14.76,21.33,14.29,8.57
2013-12-03,50.33,40.13,37.17,33.22,32.57,31.58,30.99,20.72,21.38,24.67,24.34,23.03,21.83,20.72,24.34,23.68,22.37,20.07,30.59,27.63,25.0,20.42,23.03,21.38,18.66,21.05,15.85,14.08
2013-12-04,36.39,29.84,26.44,28.01,28.01,25.65,26.61,18.06,19.37,25.65,24.87,23.82,23.25,20.94,27.23,25.13,24.35,23.53,36.91,29.58,27.75,24.09,23.04,21.73,20.73,20.16,18.49,19.61
2013-12-05,48.09,40.45,37.26,35.99,35.03,33.76,33.67,23.89,24.52,28.66,28.98,26.43,26.53,21.34,27.39,26.43,25.16,25.51,37.26,32.8,30.25,25.85,26.43,24.2,22.79,20.38,17.69,19.39
2013-12-06,42.37,31.78,28.39,29.66,27.12,24.58,26.24,16.95,17.8,22.03,19.49,18.64,18.1,18.22,25.0,20.76,19.92,20.36,31.78,21.61,21.61,19.46,20.34,18.64,14.48,19.07,16.74,17.65
2013-12-09,44.73,37.13,33.76,34.18,33.76,32.49,30.94,25.74,23.63,26.16,27.85,27.43,25.56,19.41,24.89,26.16,25.32,23.32,28.69,28.27,25.32,23.32,27.43,25.74,19.73,16.46,12.11,13.45
2013-12-10,51.74,42.59,38.17,38.17,36.91,34.38,35.23,26.81,24.92,29.34,29.02,28.39,28.52,20.82,29.02,27.13,28.08,25.5,34.38,28.71,29.02,25.84,25.55,26.18,21.81,23.97,19.13,20.13
2013-12-11,66.75,54.91,49.62,46.35,44.08,41.56,42.63,32.24,30.23,33.75,33.75,33.0,32.98,23.17,35.01,31.99,31.23,29.22,40.05,32.49,31.23,27.88,27.71,27.96,23.86,25.94,20.64,21.98
2013-12-12,76.64,64.17,56.39,53.27,48.29,47.35,47.51,33.02,32.4,33.96,34.27,33.33,30.9,28.97,35.51,34.58,30.84,27.91,37.69,32.4,29.91,26.91,30.84,28.04,20.93,20.56,15.95,17.94
2013-12-13,80.08,65.15,56.85,53.94,51.45,48.96,49.56,29.46,27.39,32.78,34.85,35.27,33.19,23.24,36.1,37.34,34.02,30.97,40.66,36.93,33.2,30.09,32.78,29.88,26.11,26.97,17.7,18.58
2013-12-16,82.24,73.68,64.47,59.21,57.24,56.58,56.94,42.11,37.5,38.82,38.16,38.82,38.89,26.97,35.53,36.84,37.5,34.72,42.11,36.84,38.16,37.5,37.5,33.55,33.33,33.55,25.69,13.89
2013-12-17,88.16,78.29,73.68,67.76,63.82,60.53,61.81,42.11,38.16,38.16,37.5,38.16,38.19,32.24,35.53,36.18,36.84,33.33,36.18,34.87,36.18,31.25,32.24,31.58,30.56,33.55,25.0,13.89
2013-12-18,30.09,27.78,25.93,25.46,26.39,24.07,26.42,22.22,26.39,24.07,22.69,22.22,24.53,26.39,26.39,24.54,19.44,20.13,25.93,22.22,18.98,20.13,18.06,15.74,18.24,15.74,15.72,15.72
2013-12-19,25.81,19.82,21.66,22.12,22.58,21.66,22.5,17.05,20.74,19.35,19.35,19.82,23.12,21.2,25.81,25.35,20.28,20.63,26.27,22.58,20.28,21.25,23.5,18.89,19.37,16.59,16.87,16.25
2013-12-20,32.11,25.23,23.85,23.85,25.23,22.48,24.84,16.97,19.27,17.43,18.35,16.97,21.74,19.72,21.1,22.48,16.97,19.25,22.48,22.48,18.35,20.5,22.94,16.51,19.25,11.47,16.15,26.71
2013-12-23,26.48,17.35,17.81,16.89,15.98,14.61,15.43,14.61,9.59,10.05,12.79,10.5,14.2,10.05,11.87,13.24,11.42,14.2,22.37,19.18,14.61,16.67,17.81,13.24,17.28,10.5,11.73,15.43
2013-12-24,22.03,11.86,12.88,13.22,15.25,11.53,11.87,9.15,9.49,11.53,12.54,9.83,7.76,13.56,18.31,22.03,13.22,13.24,26.78,23.73,16.95,13.24,24.41,13.22,10.96,7.12,1.83,1.37
2013-12-26,31.54,19.23,19.23,17.69,18.85,14.23,13.86,8.85,10.38,9.62,11.15,8.08,11.88,13.85,12.31,18.08,13.46,15.35,21.15,21.92,15.38,15.35,28.08,14.23,15.84,8.46,11.39,15.35
2013-12-27,38.79,26.29,24.14,21.98,23.71,19.83,17.05,13.36,12.93,13.36,15.52,12.07,15.91,15.52,15.09,22.41,15.95,17.61,22.84,24.57,18.1,16.48,31.9,15.95,15.91,8.62,11.93,15.34
2013-12-30,41.41,32.6,31.28,29.07,26.87,24.23,22.54,18.06,18.5,20.26,20.26,16.3,15.02,15.42,19.82,22.03,15.86,13.62,25.99,24.67,18.06,14.08,24.23,17.18,15.96,9.25,9.39,12.68
2013-12-31,47.85,38.28,33.99,31.68,30.03,29.04,28.52,27.06,25.08,22.77,22.11,21.12,18.66,15.84,18.48,19.8,18.48,14.44,21.78,21.45,20.46,14.79,24.42,20.13,17.61,17.82,12.32,8.45
2014-01-02,45.48,37.42,34.52,31.94,31.29,29.35,29.9,28.06,27.1,26.77,26.13,23.23,24.74,23.23,24.52,23.87,22.58,20.62,27.74,24.19,20.32,17.53,23.87,19.35,18.21,15.48,13.75,15.81
2014-01-03,44.64,34.76,31.76,30.47,30.04,27.9,27.85,26.18,25.32,24.89,24.89,21.46,22.37,22.75,21.89,23.61,21.46,20.09,23.18,23.61,18.03,16.89,28.33,20.17,18.72,11.16,11.87,16.44
2014-01-06,49.12,43.42,36.4,34.21,34.21,30.7,30.99,30.26,26.75,27.19,25.44,23.68,23.0,21.49,22.81,23.25,19.3,18.31,26.32,25.44,16.67,15.49,25.44,17.54,15.96,11.4,12.68,15.96
2014-01-07,50.32,42.21,38.64,35.71,34.09,31.17,30.56,25.32,26.3,26.95,25.65,22.73,20.49,25.0,25.32,22.4,20.13,17.71,27.27,21.43,17.86,14.24,22.08,17.21,13.89,14.61,10.76,11.11
2014-01-08,54.52,45.99,42.12,38.24,37.73,35.14,35.36,31.78,29.2,29.2,29.46,25.32,24.86,25.06,23.51,25.06,20.16,20.17,21.19,25.06,18.09,16.02,28.68,20.16,15.75,10.59,11.05,15.47
2014-01-09,47.17,41.82,40.25,36.79,34.59,31.45,31.54,31.76,29.25,30.19,28.93,25.79,23.15,25.47,24.21,24.21,20.75,18.46,22.96,21.38,18.55,15.1,24.21,20.13,14.77,14.47,11.07,12.42
2014-01-10,38.49,32.22,33.47,29.29,28.87,24.27,25.89,21.34,24.69,23.43,25.52,20.5,17.86,24.27,20.5,23.01,18.41,16.52,17.57,21.34,16.74,12.5,28.45,19.67,13.84,10.04,10.27,12.5
2014-01-13,59.17,49.58,45.0,41.25,39.17,36.25,36.73,34.58,34.17,30.42,31.67,27.5,26.11,28.33,22.92,24.58,20.83,19.91,17.92,22.92,18.75,15.93,27.5,22.5,15.93,12.5,11.5,12.83
2014-01-14,45.48,34.27,30.84,27.41,28.35,23.99,24.17,19.0,19.0,18.69,21.18,17.45,14.9,16.82,17.45,21.18,14.64,15.23,17.13,22.43,15.58,14.9,27.73,16.51,15.23,10.9,11.92,19.21
2014-01-15,46.77,38.06,31.09,28.36,25.87,23.88,24.07,21.89,18.91,19.4,19.9,16.42,14.55,13.93,14.93,14.68,10.95,10.85,17.91,17.41,13.68,11.38,18.66,14.68,12.43,13.93,12.96,13.76
2014-01-16,57.54,46.77,40.0,36.0,34.15,31.08,30.82,31.38,23.38,23.08,24.0,21.23,19.34,14.46,15.08,16.92,12.92,13.11,19.08,21.85,17.23,13.44,24.31,18.77,14.75,13.85,13.11,13.77
2014-01-17,59.02,44.26,36.48,33.61,31.15,29.51,27.95,18.85,16.8,18.44,18.85,18.03,16.59,15.16,17.21,15.16,13.93,14.41,19.67,18.03,18.85,13.97,18.85,19.67,15.28,20.08,14.41,15.28
2014-01-21,56.21,41.83,36.6,33.33,32.03,29.41,29.66,27.45,19.61,21.57,20.92,18.3,19.31,14.38,17.65,16.99,14.38,15.86,20.92,21.57,16.34,16.55,26.8,16.99,15.86,16.34,16.55,22.07
2014-01-22,36.63,33.96,25.94,25.13,25.13,23.53,24.2,27.27,21.39,20.59,19.52,17.65,22.42,9.09,11.23,14.17,13.9,18.15,23.8,20.32,18.18,19.93,20.05,16.04,18.51,15.78,20.28,25.62
2014-01-23,50.95,42.59,35.36,29.28,30.42,29.28,27.8,33.46,27.38,24.71,23.57,19.39,20.98,10.65,10.27,14.07,12.17,15.12,22.05,19.39,16.35,16.1,22.43,14.83,16.1,11.41,16.59,19.02
2014-01-24,77.45,65.96,61.28,54.47,51.49,49.36,48.6,48.09,42.98,40.0,38.72,37.02,37.43,36.6,34.89,31.91,28.94,31.84,34.04,27.66,26.81,27.93,25.11,24.26,23.46,23.4,23.46,17.32
2014-01-27,74.24,69.43,59.39,53.71,48.47,46.72,47.44,52.4,42.79,37.55,38.43,35.37,36.74,37.55,32.31,28.38,28.38,29.3,27.07,24.45,25.76,25.12,21.83,25.33,24.19,28.38,24.19,20.93
2014-01-28,68.3,58.17,49.67,45.75,41.5,41.5,43.9,43.46,36.6,35.62,32.68,31.37,32.75,33.33,30.07,25.16,24.51,24.04,27.78,20.59,21.57,18.12,19.61,19.93,19.16,23.86,18.47,14.29
2014-01-29,78.65,71.35,65.36,59.9,57.03,52.34,53.74,54.17,46.88,43.49,43.49,43.23,44.6,43.75,40.36,38.28,36.98,38.5,38.54,35.94,33.33,35.18,30.73,32.29,26.87,29.95,22.71,16.07
2014-01-30,81.85,73.89,66.88,61.46,58.92,53.82,56.27,56.37,45.22,42.68,42.68,42.68,44.75,36.62,37.58,35.99,34.71,37.63,39.17,35.99,33.44,37.63,30.57,32.17,30.85,30.89,26.78,28.14
2014-01-31,86.02,83.47,78.81,74.15,69.07,65.25,64.41,72.46,61.02,58.47,51.27,48.73,50.9,50.42,48.73,45.34,44.07,42.34,52.12,44.92,42.8,38.74,34.32,36.86,33.78,36.44,26.58,18.02
2014-02-03,88.74,87.88,85.28,84.42,80.52,76.19,75.0,80.52,75.32,67.53,63.64,61.04,62.04,61.9,57.14,49.78,49.35,51.39,57.14,49.78,48.48,53.24,42.86,44.16,47.22,42.86,44.91,40.74
2014-02-04,85.26,83.01,79.49,76.92,71.79,67.31,69.18,70.19,64.1,60.26,55.77,53.53,55.48,57.37,51.6,47.76,46.47,50.34,51.28,48.72,47.76,48.63,41.03,42.31,46.23,43.27,43.84,40.41
2014-02-05,85.2,82.65,80.1,76.79,72.19,68.62,70.3,69.64,64.8,59.18,55.61,53.06,56.13,57.4,50.26,47.96,46.17,50.95,49.23,47.96,46.94,48.77,41.58,43.37,47.68,44.39,45.23,43.6
2014-02-06,79.19,72.98,65.22,60.25,58.07,56.52,58.61,57.76,50.93,48.14,45.34,43.79,46.03,42.86,43.17,40.99,40.99,42.72,46.27,39.75,38.82,41.06,32.3,35.4,35.43,34.78,34.11,32.12
2014-02-07,70.66,60.33,56.2,52.89,49.17,48.76,51.98,47.52,41.74,42.15,39.26,39.67,40.09,42.56,40.08,36.78,37.19,37.89,37.6,33.47,34.71,33.48,26.03,30.99,29.96,34.3,26.43,18.06
2014-02-10,73.25,64.61,60.91,57.61,53.91,52.26,53.28,51.85,44.86,43.62,41.56,40.33,42.36,43.21,41.56,39.09,38.68,39.74,41.56,37.04,34.16,35.81,30.04,31.28,31.88,32.92,29.69,31.44
2014-02-11,73.23,64.62,58.46,56.62,51.69,50.15,52.29,49.85,44.0,43.08,38.77,39.69,40.85,38.15,40.0,37.85,36.0,34.31,41.54,34.46,33.85,31.37,24.92,30.15,26.47,33.23,26.14,20.92
2014-02-12,68.3,58.97,54.55,49.88,46.19,45.95,45.95,44.23,38.08,36.36,36.12,37.1,37.6,26.04,33.66,29.73,32.19,29.5,34.4,28.75,31.7,28.46,25.31,30.47,26.11,33.42,25.33,20.37
2014-02-13,70.52,64.13,55.32,52.28,47.72,47.72,47.57,46.81,37.99,38.6,36.78,37.69,38.83,19.76,31.91,31.91,33.13,31.07,39.21,34.04,33.43,31.07,30.09,31.61,30.1,32.83,23.95,19.42
2014-02-14,68.02,57.09,51.01,47.37,44.53,42.91,43.1,43.72,35.22,34.01,34.01,35.22,35.34,15.38,23.48,23.89,26.72,24.14,34.82,29.15,30.36,28.45,24.29,30.36,25.43,32.79,25.86,22.84
2014-02-18,77.92,68.83,59.09,57.14,51.95,50.65,53.42,48.7,36.36,37.66,36.36,37.66,38.36,16.88,24.03,24.03,31.82,27.4,33.77,32.47,33.12,30.82,25.97,31.17,27.4,37.01,30.82,17.12
2014-02-19,63.77,57.36,51.32,49.43,48.3,46.04,45.41,39.62,40.75,39.62,41.13,41.51,40.1,40.38,37.36,38.87,38.87,40.1,36.23,37.36,34.72,38.16,37.36,37.36,38.16,34.34,34.78,25.12
2014-02-20,62.87,56.12,48.52,45.15,43.88,43.46,41.44,38.4,35.02,35.02,37.13,34.6,35.91,21.94,29.11,32.91,29.11,33.15,32.91,33.76,30.38,33.7,37.13,35.02,34.81,20.68,27.62,25.97
2014-02-21,66.38,59.39,51.53,48.47,45.85,44.54,44.97,39.74,37.99,36.68,37.99,36.24,37.04,34.93,32.31,34.06,31.0,32.28,28.38,29.26,27.95,32.28,35.37,33.62,34.92,23.14,31.22,31.75
2014-02-24,65.05,53.4,44.01,42.39,41.1,40.78,43.45,35.92,34.63,33.01,32.04,30.1,33.45,26.86,25.89,27.51,27.18,28.28,27.83,27.83,27.83,27.93,30.1,27.18,27.93,23.3,22.76,26.9
2014-02-25,65.46,53.35,44.33,42.53,40.46,39.69,41.37,35.31,33.76,31.7,31.7,29.64,30.96,27.32,24.48,25.77,25.0,26.85,22.94,25.52,25.77,24.11,29.64,26.8,25.48,23.71,20.82,21.92
2014-02-26,69.18,54.4,45.28,43.4,41.82,41.19,42.81,35.53,35.22,33.96,33.02,32.08,33.11,28.93,28.3,28.3,28.93,29.77,28.93,31.76,31.45,33.44,33.65,31.45,30.1,24.84,23.08,28.09
2014-02-27,63.6,51.05,42.26,39.33,37.66,37.66,40.0,33.05,32.22,30.13,30.13,28.87,32.0,23.85,23.01,24.69,25.94,29.33,25.1,26.36,29.71,32.44,29.29,31.8,32.89,30.13,30.67,32.0
2014-02-28,66.96,53.04,45.65,43.91,41.74,39.57,41.2,35.65,33.91,32.17,33.04,30.43,32.41,26.52,28.7,28.26,26.96,28.7,30.0,30.0,30.0,31.02,30.43,29.57,26.85,26.96,24.54,25.46
2014-03-03,78.73,71.75,62.86,58.41,56.19,53.65,55.93,55.56,47.94,44.76,43.17,42.54,44.41,37.78,36.83,37.78,36.51,40.0,36.83,37.46,35.56,38.31,35.24,34.6,34.58,32.06,31.53,34.58
2014-03-04,68.18,54.55,47.73,45.71,44.44,43.69,45.01,37.12,34.09,32.58,33.59,34.34,35.85,28.79,27.78,31.57,32.58,32.08,27.27,32.58,32.83,33.96,36.11,34.85,32.35,31.57,27.76,27.22
2014-03-05,69.02,56.13,51.23,45.71,44.79,43.87,45.42,37.12,36.81,33.44,34.05,34.66,36.6,32.52,27.91,31.9,31.29,31.7,19.33,29.45,29.75,32.03,35.89,31.6,32.35,23.93,27.12,31.7
2014-03-06,67.76,55.92,49.8,46.12,44.49,45.31,46.96,41.22,37.55,35.51,37.14,36.33,38.26,29.8,28.16,32.24,32.65,33.48,28.57,32.65,33.06,35.65,36.33,34.69,36.09,32.24,28.7,31.74
2014-03-07,70.9,61.89,56.56,52.87,50.82,49.18,52.61,50.41,43.03,39.34,40.16,38.52,41.74,37.7,34.43,37.7,34.84,37.83,31.56,37.3,34.02,36.09,43.44,36.89,36.96,25.82,27.39,33.04
2014-03-10,64.63,60.98,55.79,52.44,50.3,48.17,50.49,56.1,45.73,43.6,42.38,41.16,42.72,34.15,37.2,39.94,35.06,35.92,37.5,39.63,32.93,34.63,42.38,31.1,33.33,14.63,21.68,36.25
2014-03-11,67.15,62.77,58.39,54.74,52.8,51.34,54.01,54.01,47.45,44.28,42.82,42.82,45.22,45.01,40.15,41.85,42.09,42.12,38.69,39.9,37.47,39.79,42.58,39.17,37.73,34.55,30.49,28.68
2014-03-12,63.96,57.66,54.95,50.45,48.05,46.55,46.96,51.05,44.74,41.74,41.44,40.84,41.53,40.24,38.74,40.24,37.24,35.46,30.93,37.84,32.73,31.63,42.34,32.43,32.59,21.32,19.49,25.88
2014-03-13,80.8,74.8,71.6,67.2,65.6,60.8,61.28,62.0,53.6,50.8,46.4,44.4,46.81,49.2,42.4,42.0,43.2,45.11,42.8,42.4,39.2,41.7,44.0,35.6,39.15,28.0,29.36,34.47
2014-03-14,89.21,83.82,80.08,78.42,76.76,,,68.46,65.15,56.02,56.02,,,51.45,46.47,43.98,,,47.3,43.57,,,43.15,,,,,
2014-03-17,79.35,78.06,72.26,67.74,65.81,65.16,63.95,61.94,57.42,54.19,48.39,50.32,48.98,52.9,45.16,43.23,47.1,47.62,42.58,40.65,45.16,43.54,41.94,47.74,40.14,53.55,41.5,23.13
2014-03-18,53.33,50.67,47.67,46.33,44.0,41.33,44.64,44.67,41.0,40.67,39.33,39.0,40.62,35.33,37.67,35.33,34.67,40.18,38.67,35.33,32.33,38.39,32.0,30.33,33.93,28.33,34.38,40.62
2014-03-19,60.26,58.42,52.11,50.0,50.0,49.47,50.52,50.26,44.74,44.21,45.79,43.68,47.39,41.32,40.26,43.16,42.63,47.39,40.0,47.37,41.32,44.95,50.79,41.58,44.6,33.68,37.63,40.77
2014-03-20,62.96,60.74,53.33,50.74,48.89,47.04,50.47,50.74,44.44,42.22,41.85,42.59,44.81,35.93,38.15,35.56,35.93,42.45,40.0,32.22,32.96,42.45,29.26,34.07,39.62,35.56,42.92,53.3
2014-03-21,63.49,63.07,54.77,53.53,,,,51.87,45.23,45.23,,,,43.15,43.57,,,,45.64,,,,,,,,,
2014-03-24,60.0,56.17,51.49,49.36,47.66,46.81,49.32,46.81,41.7,42.13,42.13,41.7,45.7,39.15,40.85,40.0,38.3,41.63,46.38,40.43,36.6,41.63,33.19,35.32,38.91,32.77,41.18,47.06
2014-03-25,58.79,52.4,43.45,45.37,43.13,42.81,46.26,42.17,36.74,37.7,37.7,37.06,40.82,30.99,37.06,33.55,35.14,39.12,43.45,37.7,34.82,39.46,26.84,33.23,37.07,36.42,39.8,42.18
2014-03-26,57.76,54.45,47.84,47.58,48.6,47.84,51.08,48.6,40.2,41.48,44.78,44.53,48.65,36.39,39.69,43.0,43.51,45.68,48.09,49.62,47.33,51.62,43.51,42.75,48.38,39.95,45.68,48.65
2014-03-27,54.18,49.85,42.72,44.27,44.27,45.51,48.36,45.82,37.15,38.39,41.49,42.72,46.38,31.58,37.46,39.01,39.94,43.09,44.89,44.58,43.96,46.71,39.63,41.49,47.37,40.25,46.71,49.01
2014-03-28,54.32,49.79,42.39,44.44,,,,44.03,36.63,37.86,,,,30.86,36.63,,,,45.27,,,,,,,,,
2014-03-31,58.23,53.59,48.52,47.68,44.3,44.73,47.75,47.26,39.66,39.24,39.24,38.82,43.69,30.8,34.18,34.6,35.02,40.54,39.66,35.02,36.29,40.99,30.38,32.91,39.64,35.02,43.24,49.1
2014-04-01,44.51,46.39,42.01,42.32,39.18,37.62,41.47,45.14,39.5,38.24,36.36,36.05,39.8,29.78,33.54,31.66,32.6,36.79,34.17,30.09,33.23,36.12,25.71,31.03,33.78,34.8,38.46,37.79
2014-04-02,46.63,47.38,42.14,43.14,41.4,39.65,43.35,46.38,39.4,39.9,38.9,37.16,41.49,27.43,35.66,34.91,33.67,39.63,40.9,37.41,35.41,40.96,31.92,31.42,38.56,28.18,40.96,51.6
2014-04-03,46.22,46.53,42.6,43.5,41.69,40.18,42.44,45.92,40.18,40.18,38.67,38.07,41.48,31.72,36.86,36.25,35.35,38.26,40.79,37.16,35.65,38.59,29.91,30.51,34.08,30.51,31.83,36.66
2014-04-04,51.0,50.6,44.58,47.79,45.38,46.99,48.72,53.01,42.97,45.78,43.37,43.78,46.58,33.33,43.78,42.17,40.96,42.74,49.4,42.57,40.56,43.59,30.92,33.33,36.75,35.34,39.32,37.61
2014-04-07,65.86,64.26,58.63,57.43,53.82,52.61,56.6,60.64,51.0,49.4,45.38,44.98,46.38,39.76,42.57,41.77,42.17,45.53,46.18,42.17,40.56,43.4,38.55,36.14,40.43,33.73,40.85,51.06
2014-04-08,63.86,62.35,57.83,55.12,53.01,51.51,54.31,57.23,50.6,48.49,43.67,43.67,46.33,43.67,43.98,42.17,42.17,45.05,46.69,40.36,38.25,42.81,36.14,33.43,39.94,32.53,41.53,50.48
2014-04-09,52.88,53.61,50.0,47.84,45.67,44.95,46.94,54.81,45.43,44.47,42.31,41.83,45.66,31.97,41.11,40.14,39.42,42.09,46.39,40.14,37.98,42.09,34.13,33.17,38.27,33.17,38.27,41.07
2014-04-10,70.41,70.71,66.86,64.2,60.65,57.86,60.88,65.38,55.62,54.73,49.41,47.77,49.53,43.2,46.15,42.31,43.92,47.32,51.78,44.67,43.62,44.79,39.05,35.31,40.69,34.72,41.96,44.16
2014-04-11,84.25,79.92,76.38,74.02,70.87,67.19,67.23,67.72,64.17,57.87,56.69,49.41,52.52,52.36,49.61,44.88,45.45,49.16,51.97,44.88,43.87,46.22,39.76,35.57,41.18,34.78,42.86,46.22
2014-04-14,71.52,75.32,69.62,67.09,65.19,61.78,63.76,68.35,60.76,58.86,57.59,54.78,57.05,54.43,51.9,45.57,47.13,49.66,53.8,46.84,45.22,49.66,41.77,36.94,40.94,32.48,42.28,47.65
2014-04-15,61.15,66.24,62.42,59.87,57.32,56.69,58.39,68.15,57.96,57.32,56.05,53.5,55.03,47.13,49.04,44.59,45.22,48.32,53.5,46.5,45.22,47.65,41.4,36.94,39.6,32.48,40.94,44.97
2014-04-16,59.82,57.59,51.79,50.0,46.88,48.21,49.7,45.98,45.54,43.3,42.86,40.18,48.5,49.55,41.52,39.29,39.73,47.31,34.38,33.93,33.04,44.91,37.05,36.16,48.5,35.27,54.49,68.86
2014-04-17,56.89,50.22,49.78,45.78,45.33,44.89,48.21,39.11,41.33,38.67,37.33,38.22,44.05,46.67,37.78,36.0,37.78,46.43,30.67,32.89,32.0,41.07,38.67,36.44,46.43,34.22,45.83,63.1
2014-04-21,50.88,46.02,46.02,43.81,42.04,41.59,46.75,38.94,40.27,37.61,36.73,37.61,43.79,43.36,35.4,34.51,35.84,44.38,30.97,30.09,31.42,40.83,34.96,33.63,42.6,34.51,47.34,63.31
2014-04-22,54.25,47.71,44.77,44.12,41.5,40.52,44.35,36.27,35.95,36.27,34.97,37.58,41.3,34.31,32.68,34.31,36.27,43.48,33.66,31.37,34.64,42.17,34.64,36.93,43.04,38.89,46.52,53.04
2014-04-23,63.05,54.26,47.8,45.99,42.49,41.71,46.42,37.47,35.66,33.85,33.42,35.23,39.59,29.46,30.23,30.05,32.12,41.3,29.46,26.68,30.05,41.3,29.53,34.46,40.27,37.31,49.15,60.07
2014-04-24,59.49,58.03,51.46,50.0,48.72,46.52,51.16,50.73,45.26,42.34,43.22,43.59,46.51,41.97,38.32,38.83,38.83,45.12,36.86,35.53,34.43,43.72,36.63,36.63,41.86,34.8,43.72,57.67
2014-04-25,57.79,59.02,52.05,50.0,48.56,47.74,51.34,53.28,46.72,45.08,44.03,44.44,49.2,42.21,39.34,39.51,42.8,48.66,38.52,36.21,39.09,45.99,36.63,41.98,47.59,39.92,52.41,56.68
2014-04-28,50.84,48.32,44.96,42.02,42.02,43.28,46.43,46.64,42.44,38.24,39.5,41.18,45.09,40.76,34.87,35.29,36.13,40.62,32.35,31.93,33.19,39.29,32.35,37.82,40.62,40.76,45.54,51.79
2014-04-29,51.42,48.26,42.27,41.32,39.43,41.96,45.97,46.37,38.17,36.91,36.91,39.12,44.3,34.38,32.49,30.6,35.65,39.6,33.12,30.6,34.7,39.6,30.28,38.49,43.29,46.06,50.34,56.38
2014-04-30,49.5,47.99,42.96,42.21,40.3,40.81,45.19,46.98,40.2,37.94,38.29,38.04,44.92,37.69,33.92,32.24,34.51,40.37,32.66,30.98,33.0,39.84,29.97,35.77,43.32,39.55,49.2,70.59
2014-05-01,45.87,47.09,40.67,39.14,38.96,39.57,43.65,50.15,40.98,38.23,39.57,39.57,44.63,34.56,32.42,31.9,34.36,39.41,32.42,33.44,34.36,39.74,34.05,38.65,42.35,39.88,47.56,54.72
2014-05-02,41.87,43.5,39.02,35.37,36.73,37.14,41.56,49.19,40.65,36.99,37.96,38.37,44.59,34.15,30.49,29.8,33.47,38.96,28.46,31.43,33.47,38.96,34.29,39.18,45.89,42.04,49.35,61.04
2014-05-05,40.42,47.92,43.75,42.5,40.42,40.0,44.89,49.17,42.5,39.58,39.58,39.58,44.44,34.17,32.92,33.33,35.0,42.22,27.92,30.0,34.17,41.33,30.0,37.5,45.33,39.58,48.44,59.11
2014-05-06,39.32,47.06,44.89,44.89,42.11,42.11,45.87,50.15,43.65,42.72,41.18,42.11,44.88,40.87,39.32,36.84,38.39,42.57,37.46,33.44,35.6,41.91,27.24,34.67,40.92,39.32,44.88,51.82
2014-05-07,40.64,45.32,42.61,41.87,39.66,38.42,43.04,49.01,41.63,40.64,39.41,38.67,44.36,35.96,34.48,34.48,34.73,41.47,30.05,31.28,33.0,40.42,32.27,33.5,42.78,33.74,44.88,58.27
2014-05-08,43.58,46.57,44.18,43.58,41.79,40.3,43.17,50.15,41.49,41.19,40.0,40.0,44.44,36.12,37.01,36.42,36.42,42.22,34.63,34.33,35.52,41.27,30.15,32.84,40.0,34.93,44.76,51.75
2014-05-09,32.94,42.06,40.48,40.48,37.3,37.7,41.35,50.0,40.87,40.08,37.7,38.1,42.62,32.54,35.32,33.73,34.52,40.51,35.32,34.92,35.71,41.35,28.97,32.54,40.08,34.92,44.3,51.48
2014-05-12,30.16,38.89,37.7,36.51,36.51,35.71,38.24,47.22,39.68,37.3,36.11,36.9,40.76,28.97,31.35,32.94,34.92,39.08,28.57,31.75,33.73,39.92,36.11,36.9,40.76,36.9,43.7,49.58
2014-05-13,30.36,37.8,38.1,36.61,36.9,36.31,39.12,48.81,42.86,38.99,37.5,38.69,43.22,36.31,33.93,34.82,36.31,41.01,27.08,30.36,34.23,40.69,33.63,37.2,41.96,38.69,45.74,52.68
2014-05-14,20.19,30.64,28.27,29.22,28.74,31.12,34.51,45.13,37.77,36.58,35.87,37.29,40.3,24.7,30.88,29.93,33.25,38.29,33.73,30.64,32.54,40.05,28.27,32.3,39.04,37.77,44.33,49.87
2014-05-15,38.3,43.27,41.23,40.06,38.6,37.24,40.81,48.25,40.35,40.06,38.3,39.0,43.3,30.7,37.72,35.09,35.19,39.88,39.47,32.16,33.14,41.12,28.95,30.79,39.25,33.14,44.24,58.88
2014-05-16,27.63,33.85,30.74,30.35,31.13,30.47,34.85,42.02,38.13,35.8,36.19,36.72,39.42,30.74,29.96,32.68,33.2,37.76,26.07,29.96,31.25,37.34,33.07,31.64,39.0,32.81,42.74,49.79
2014-05-19,35.0,35.0,34.38,31.87,31.25,30.19,33.77,44.38,37.5,36.25,35.62,36.48,39.74,25.62,28.75,33.13,34.59,38.41,28.12,30.63,30.19,39.74,30.0,29.56,38.41,31.45,44.37,60.26
2014-05-20,35.85,35.85,33.33,33.33,32.7,32.08,36.42,45.28,33.96,37.74,37.11,37.74,40.4,23.27,35.22,35.22,35.85,39.74,39.62,35.22,35.85,42.38,30.82,30.19,38.41,32.08,43.71,58.28
2014-05-21,36.15,37.18,34.36,30.51,32.9,36.76,36.82,39.23,36.67,31.54,34.19,37.79,37.16,32.05,23.85,30.08,35.22,34.46,17.44,25.19,33.68,34.46,38.05,43.7,38.51,52.19,37.16,13.18
2014-05-22,33.94,34.66,29.6,25.99,30.8,34.78,34.86,42.6,34.66,32.13,34.78,37.68,36.24,19.86,23.1,29.35,31.88,32.57,27.44,28.99,34.78,34.4,38.04,42.75,38.07,39.13,35.32,14.22
2014-05-23,30.36,29.96,24.7,23.48,28.05,30.89,28.42,31.98,31.17,29.55,33.33,35.77,34.21,21.05,24.7,29.67,34.96,33.68,28.74,30.08,38.21,35.26,38.21,43.9,38.95,42.68,36.32,9.47
2014-05-27,30.31,29.69,27.19,23.12,25.0,26.88,23.92,30.63,25.62,23.12,26.25,28.12,26.25,11.56,14.38,22.5,27.19,25.25,20.31,28.12,32.81,32.56,36.56,40.94,34.88,42.5,25.91,7.31
2014-05-28,25.12,27.86,24.13,22.14,23.19,24.94,23.28,30.85,25.87,24.13,25.19,27.43,26.98,13.43,16.17,20.95,26.43,26.19,20.9,26.68,32.17,33.07,33.67,39.65,35.98,43.39,31.75,13.49
2014-05-29,17.82,22.66,20.54,19.64,20.3,22.73,22.19,28.7,22.96,24.17,24.24,26.97,24.76,14.5,17.82,21.52,27.88,25.08,27.49,26.36,33.94,30.87,27.58,39.39,29.26,48.79,26.69,6.11
2014-05-30,15.66,17.67,19.28,16.87,17.74,20.97,20.51,29.32,24.1,22.89,23.39,25.0,24.79,15.66,13.25,19.35,24.6,24.36,15.26,22.18,31.85,28.21,33.06,41.13,34.19,45.16,28.63,9.83
2014-06-02,14.81,19.34,16.46,15.64,18.52,18.52,17.98,25.51,23.87,22.63,23.87,25.1,24.56,20.58,17.28,19.75,24.69,23.68,16.05,20.99,29.63,24.12,28.81,37.04,27.63,39.92,26.32,9.65
2014-06-03,18.96,22.32,17.74,19.88,20.8,21.71,20.85,34.25,23.24,24.16,25.69,27.83,27.04,9.17,14.98,19.57,23.55,20.85,28.13,29.05,33.94,31.27,28.75,37.0,27.69,39.76,24.76,11.07
2014-06-04,22.38,26.28,20.44,20.68,21.41,23.6,22.28,32.6,24.82,25.55,24.82,27.74,25.39,11.44,14.6,18.98,23.84,19.69,22.87,23.11,30.41,22.54,23.6,34.79,24.09,41.61,20.98,5.44
2014-06-05,18.88,19.76,14.75,14.75,15.63,18.58,15.36,23.6,15.34,15.04,17.11,20.35,16.3,7.37,8.85,11.5,17.7,13.17,14.45,17.4,28.61,18.5,26.25,37.17,23.2,41.3,19.12,3.45
2014-06-06,19.61,16.86,10.98,10.59,10.59,12.55,9.17,14.51,8.24,7.45,8.24,13.33,10.83,3.92,5.49,6.67,11.37,7.5,12.16,13.33,21.96,12.5,21.18,29.02,18.75,40.0,15.83,3.33
2014-06-09,27.84,22.35,16.08,16.08,16.86,18.04,15.35,21.18,13.33,13.33,15.29,20.39,12.03,5.88,7.84,9.8,17.65,8.3,14.9,20.0,27.45,16.18,27.06,33.33,17.84,39.61,12.45,1.24
2014-06-10,30.88,23.53,14.71,13.82,12.35,15.29,13.4,17.94,8.53,7.94,9.41,13.53,9.97,4.41,4.41,5.59,10.29,6.54,12.65,15.29,24.12,14.64,22.65,30.88,19.31,37.65,17.76,4.05
2014-06-11,43.66,37.09,26.53,19.48,21.13,23.24,20.65,27.0,14.55,11.74,14.32,18.08,12.69,6.57,5.4,7.51,10.8,6.97,7.98,13.62,22.54,11.94,27.93,31.69,20.15,37.32,15.42,4.48
2014-06-12,48.55,46.24,37.28,32.66,32.37,32.75,30.77,40.75,27.17,23.12,25.43,28.99,24.92,9.83,10.12,12.14,21.45,16.0,14.16,21.68,27.25,18.77,30.06,33.91,22.15,39.42,18.15,5.23
2014-06-13,53.08,47.31,33.46,30.0,28.85,30.5,27.46,36.92,16.15,17.69,20.0,23.94,18.85,5.0,6.15,9.62,12.74,9.02,17.69,22.31,27.41,20.08,28.46,31.27,20.9,38.61,17.62,6.97
2014-06-16,58.64,51.85,41.98,37.65,36.42,37.89,31.37,46.3,26.54,24.69,24.07,27.95,20.26,12.96,14.2,14.81,17.39,11.76,12.96,19.14,24.84,13.73,27.78,29.19,15.03,30.43,12.42,5.23
2014-06-17,40.37,37.27,31.06,28.57,24.84,25.47,22.22,32.92,19.25,18.01,18.01,18.01,15.03,11.8,11.8,11.8,11.18,9.8,11.8,15.53,18.01,12.42,24.84,24.84,12.42,27.95,12.42,6.54
2014-06-18,29.77,16.79,13.49,11.96,15.31,9.95,12.37,7.89,5.6,5.09,7.14,5.36,6.69,5.09,5.6,11.99,6.89,10.03,12.72,21.68,10.97,14.05,34.44,13.01,16.05,4.08,6.69,23.08
2014-06-19,32.14,22.86,18.93,15.71,17.56,11.47,12.67,15.71,7.86,6.79,9.32,5.73,6.33,5.36,5.36,8.96,6.09,7.24,8.21,19.35,9.68,12.22,31.9,12.9,14.48,5.73,8.14,13.12
2014-06-20,34.4,23.6,18.8,17.6,18.88,13.25,13.47,17.2,8.0,8.0,10.04,6.43,7.25,4.4,6.4,9.24,7.23,8.29,18.0,22.49,12.45,13.99,30.52,13.25,14.51,6.02,8.81,13.99
2014-06-23,31.69,24.28,14.81,14.4,15.23,11.93,10.48,16.05,7.41,10.7,11.52,7.82,7.42,3.7,7.0,9.88,5.35,5.68,22.22,24.28,10.7,9.61,26.34,11.11,8.73,4.12,3.49,11.79
2014-06-24,43.21,34.57,29.01,26.23,26.23,20.06,18.69,24.38,13.89,14.81,16.67,11.11,9.84,6.48,8.02,13.89,8.02,7.21,13.89,22.53,12.96,10.16,33.95,13.27,12.79,4.63,4.26,7.87
2014-06-25,37.1,30.96,23.34,19.66,19.21,14.04,13.32,21.87,10.57,11.55,13.05,8.37,7.83,3.69,7.37,7.88,5.42,5.48,12.53,17.0,10.34,7.57,25.37,12.56,8.62,3.94,2.87,8.09
2014-06-26,40.3,32.24,27.76,25.97,24.55,19.46,17.46,21.79,14.33,16.72,16.77,11.38,9.84,7.76,9.25,14.37,8.08,7.3,16.72,19.16,10.78,8.89,24.25,12.87,8.57,3.89,3.17,8.89
2014-06-27,39.68,30.95,26.19,23.41,23.51,16.33,16.88,19.84,9.13,11.9,14.74,9.96,8.02,3.97,8.73,11.95,6.37,6.33,14.29,21.12,11.55,9.28,31.08,13.15,9.7,3.59,2.53,10.13
2014-06-30,39.02,31.3,22.36,23.17,21.95,17.07,15.15,20.33,13.01,13.41,15.45,10.57,8.23,6.1,8.54,10.98,8.13,6.49,12.2,15.85,10.16,8.23,26.02,10.98,8.66,3.25,3.03,5.19
2014-07-01,35.95,28.1,18.43,18.43,18.73,12.69,9.97,15.11,9.37,11.18,10.88,7.85,5.79,3.63,8.46,8.76,6.95,4.82,16.92,16.62,10.27,7.4,21.15,9.37,5.14,3.32,2.25,3.54
2014-07-02,36.06,28.61,19.71,18.27,19.23,12.74,11.0,16.35,11.3,11.06,12.5,7.45,6.39,6.01,8.89,9.62,6.49,4.86,13.22,17.07,8.17,7.42,25.48,8.89,6.39,2.88,2.56,6.65
2014-07-03,32.07,26.24,19.53,18.08,18.95,12.24,9.91,16.62,12.54,11.95,13.99,8.16,6.81,8.16,9.91,11.37,6.41,5.26,15.74,17.78,7.87,7.12,24.2,7.29,5.57,2.62,2.79,6.81
2014-07-07,45.74,40.31,28.29,25.58,28.29,19.77,18.85,27.52,14.73,17.83,21.32,9.69,9.84,5.43,11.24,13.95,5.43,4.92,22.87,24.42,8.91,6.97,30.23,7.36,7.38,3.88,5.74,12.7
2014-07-08,59.3,47.38,38.66,36.92,35.76,28.49,24.62,27.91,18.31,20.64,22.97,12.79,10.77,8.14,13.66,17.44,7.27,6.15,22.97,25.58,9.59,6.77,31.1,8.43,7.69,4.36,4.92,8.92
2014-07-09,61.72,50.12,39.91,35.5,35.27,27.84,24.32,26.91,14.39,15.31,18.79,10.21,8.6,5.8,8.35,11.14,5.34,4.91,17.4,23.67,9.28,6.39,30.39,9.74,7.13,5.57,4.18,5.16
2014-07-10,70.57,60.0,52.86,47.43,45.71,40.4,39.21,41.71,32.0,30.86,32.29,26.07,20.06,14.57,18.86,24.0,12.32,7.9,23.71,29.14,14.33,9.12,35.71,12.89,8.51,5.73,4.86,5.78
2014-07-11,63.88,53.99,47.53,44.49,41.83,36.26,32.79,41.44,30.8,30.8,30.04,22.9,17.81,14.07,18.63,20.53,9.54,6.48,23.19,27.0,11.07,7.29,31.56,9.92,7.29,5.34,4.86,6.07
2014-07-14,57.93,50.0,40.24,37.2,37.8,28.83,27.74,39.63,24.39,25.0,26.83,17.79,14.84,13.41,16.46,19.51,9.2,7.74,18.9,29.27,8.59,7.74,36.59,11.04,8.39,4.29,1.94,7.1
2014-07-15,53.37,50.31,43.56,41.1,41.1,32.52,30.32,47.85,33.74,30.06,35.58,24.54,21.29,20.25,22.09,26.99,12.88,10.97,25.77,33.74,12.88,9.68,37.42,11.66,9.03,4.91,2.58,7.74
2014-07-16,31.6,22.51,23.38,25.54,18.18,15.15,16.67,17.32,14.72,20.78,10.82,8.23,12.07,13.42,27.27,9.09,7.79,12.07,37.23,10.39,8.66,11.49,3.03,1.73,5.75,6.93,10.34,21.26
2014-07-17,52.59,47.41,42.24,44.4,35.34,33.19,35.43,37.5,35.78,37.93,29.74,25.0,26.86,27.16,34.91,23.71,16.38,18.86,40.09,19.83,14.22,17.71,7.33,6.47,11.43,7.76,11.43,22.29
2014-07-18,45.06,37.77,33.05,32.62,27.9,24.03,25.0,23.18,23.18,24.46,16.31,12.88,14.77,15.45,27.9,12.02,8.58,10.8,36.91,14.59,8.58,10.23,5.58,1.72,2.84,6.01,7.95,12.5
2014-07-21,52.14,45.73,41.03,41.45,32.48,30.34,33.33,37.18,32.48,35.47,20.94,19.23,22.6,19.66,31.2,11.97,10.68,14.12,37.61,10.68,9.4,12.43,3.42,2.56,6.78,7.69,11.86,22.6
2014-07-22,44.79,38.8,34.38,32.18,28.08,23.66,22.41,28.39,24.92,26.18,17.03,13.25,15.77,13.56,25.24,9.78,7.57,8.71,34.07,11.04,7.89,10.37,5.68,2.52,3.32,6.31,8.71,12.03
2014-07-23,42.64,37.66,31.42,31.67,26.75,22.75,22.48,30.67,27.68,28.93,19.0,15.5,19.54,15.96,27.18,11.5,8.75,13.36,35.91,13.0,9.25,13.03,5.75,3.5,7.17,6.75,11.07,23.45
2014-07-24,41.9,39.08,34.86,36.27,30.04,26.86,25.33,37.68,34.86,38.73,27.56,21.91,22.67,22.54,35.56,19.43,13.78,16.0,42.96,18.02,11.66,13.33,4.95,3.53,4.0,7.42,11.11,12.44
2014-07-25,49.41,44.66,42.29,43.87,36.11,31.75,34.69,38.74,39.92,41.9,33.33,26.98,27.55,38.34,41.9,26.19,19.05,22.96,44.66,18.65,12.3,16.33,5.56,3.97,8.16,7.94,15.31,35.2
2014-07-28,45.12,42.68,37.8,37.4,32.93,29.67,31.03,35.77,34.96,37.8,30.89,23.98,23.71,27.64,38.62,24.8,17.07,16.81,44.72,20.33,13.41,13.79,5.28,4.88,4.74,7.72,9.48,21.12
2014-07-29,48.17,46.34,41.16,41.16,37.8,32.32,34.95,44.51,37.8,39.63,32.93,27.13,27.83,28.05,38.72,24.39,16.77,18.12,46.04,20.43,14.33,13.92,5.79,4.27,5.18,8.23,10.03,21.36
2014-07-30,48.06,46.84,42.23,43.69,37.96,33.33,35.05,45.15,38.83,41.02,34.79,29.68,30.41,37.38,41.02,27.25,21.41,20.1,47.33,20.44,15.09,14.95,6.81,5.35,6.7,9.25,11.34,22.42
2014-07-31,72.57,70.5,63.13,63.13,53.25,50.59,51.1,59.88,53.39,53.39,47.04,44.97,43.57,45.72,50.74,39.94,33.73,34.17,61.36,36.09,29.29,26.96,10.65,12.13,13.17,15.38,17.55,24.14
2014-08-01,80.0,76.47,72.94,70.59,61.81,55.12,57.92,66.67,58.04,56.47,49.21,46.85,48.75,49.8,51.37,41.73,35.43,36.25,57.65,37.4,29.13,31.25,14.17,15.35,16.67,11.81,19.17,33.75
2014-08-04,71.08,65.46,61.85,60.24,52.61,50.6,52.14,57.03,51.0,50.6,44.18,41.77,42.31,46.18,48.59,38.55,33.73,33.33,52.21,29.32,22.89,23.08,9.24,10.04,12.82,15.66,16.67,24.79
2014-08-05,79.4,74.63,68.36,67.16,61.79,58.21,60.32,63.28,56.42,57.91,49.25,46.87,48.57,47.76,51.64,45.67,42.69,41.9,65.37,45.67,37.31,36.19,16.12,15.22,14.29,16.72,16.51,18.41
2014-08-06,77.14,74.05,68.1,66.19,60.71,57.38,58.99,64.05,57.38,55.24,49.76,46.9,49.11,48.57,50.24,45.0,42.38,40.51,57.86,41.9,35.48,34.18,16.19,16.9,15.7,20.48,18.99,19.24
2014-08-07,80.64,75.14,69.36,67.34,61.27,59.54,61.66,61.56,56.65,56.07,50.0,47.4,50.0,49.42,52.31,46.24,43.93,45.09,62.14,44.51,39.02,40.18,16.76,17.63,21.17,21.39,25.77,34.05
2014-08-08,76.92,71.54,65.77,62.69,58.08,54.62,56.33,58.46,52.69,52.31,47.31,45.0,46.12,45.38,49.23,43.85,36.54,36.73,58.46,40.77,31.15,32.65,10.77,13.08,13.06,15.0,17.96,28.57
2014-08-11,66.67,63.98,58.62,59.77,51.72,49.81,50.61,57.09,50.57,52.11,43.3,41.76,41.3,44.83,49.81,39.46,35.25,31.98,56.7,35.25,31.03,27.13,6.51,9.2,9.72,17.62,18.62,20.24
2014-08-12,67.24,63.79,58.91,58.62,50.29,49.14,50.15,55.46,48.28,50.0,42.24,39.66,40.12,44.54,48.28,39.08,33.91,31.0,54.31,31.9,28.45,25.84,6.61,9.48,10.64,18.1,18.54,21.88
2014-08-13,55.96,52.06,46.33,45.87,41.51,38.53,38.83,47.94,39.45,43.12,36.47,33.49,32.77,24.31,40.37,27.29,23.17,23.54,51.15,27.06,23.17,21.84,6.42,6.65,9.71,13.3,13.59,21.6
2014-08-14,46.61,46.33,42.09,41.53,36.44,32.29,31.83,43.22,36.72,37.85,31.07,28.61,27.93,21.75,35.59,20.06,19.83,18.32,42.66,20.9,18.98,14.71,5.65,7.93,8.71,15.86,13.51,13.81
2014-08-15,61.28,54.89,50.0,48.87,41.35,38.87,39.2,52.26,39.85,40.98,31.2,29.81,29.6,16.92,35.71,15.04,12.83,15.6,46.62,15.79,14.72,14.0,2.26,4.53,6.4,16.23,15.6,22.8
2014-08-18,49.4,45.78,40.96,43.37,34.34,30.3,31.21,37.35,32.53,38.55,26.51,23.03,24.2,25.9,37.35,18.07,13.94,17.2,43.37,12.65,11.52,13.38,2.41,4.85,6.37,15.76,15.92,21.66
2014-08-19,33.33,37.58,35.76,35.76,29.7,26.06,26.11,50.91,44.85,42.42,32.73,30.91,27.39,29.09,38.18,21.21,16.97,17.2,43.64,12.12,9.7,10.83,2.42,4.85,5.73,15.15,13.38,16.56
2014-08-20,48.02,43.81,43.32,33.42,31.27,30.77,30.97,36.39,40.59,26.49,23.33,22.58,24.84,42.57,15.35,13.65,15.38,18.06,3.47,4.96,7.44,10.32,15.38,15.38,18.39,22.08,20.0,13.55
2014-08-21,48.08,40.42,41.81,27.18,29.02,29.02,27.63,34.49,39.02,23.69,20.63,20.98,21.49,44.6,9.76,11.89,14.69,16.23,2.44,3.15,5.24,7.89,18.18,19.58,18.42,22.03,20.18,14.04
2014-08-22,49.22,44.92,43.36,30.86,30.2,30.2,28.64,39.84,41.41,27.34,24.71,22.35,24.62,40.62,12.11,10.2,13.73,15.58,3.52,3.92,5.88,9.55,14.51,16.08,16.58,21.96,20.6,14.07
2014-08-25,44.98,41.37,38.55,32.93,28.92,28.51,28.94,34.14,36.55,26.51,23.69,21.69,20.85,41.37,16.87,14.46,13.65,12.34,5.62,6.43,8.03,7.23,14.86,16.47,16.6,21.29,17.87,12.34
2014-08-26,40.66,39.46,38.25,31.93,29.22,28.61,28.43,36.75,37.05,28.92,24.1,23.19,22.68,37.35,16.27,14.16,14.16,12.14,6.93,8.43,10.24,9.27,16.27,19.28,17.57,22.29,18.85,13.74
2014-08-27,40.53,40.05,38.37,30.94,29.09,28.12,27.74,37.17,36.93,28.06,23.8,23.08,23.16,37.65,13.43,12.98,13.94,12.72,6.47,7.21,9.86,8.4,17.07,19.95,18.07,23.56,19.59,15.27
2014-08-28,44.31,39.94,39.94,32.07,29.82,29.82,29.72,33.82,36.44,28.28,25.73,23.68,23.84,41.11,18.37,16.67,16.37,14.55,7.0,9.36,11.4,8.98,20.76,21.93,18.27,23.39,17.03,10.22
2014-08-29,47.67,42.25,41.47,34.88,32.3,32.3,33.33,34.5,38.37,30.23,28.4,25.29,27.16,45.74,22.87,19.07,21.01,21.4,7.75,9.34,12.45,12.76,21.01,22.96,22.22,24.12,22.63,24.28
2014-09-02,46.15,44.67,44.67,37.57,35.8,35.5,37.11,40.24,40.53,33.43,31.07,30.77,30.5,43.49,26.33,23.08,24.56,23.9,10.65,11.83,16.27,13.84,21.6,24.56,23.58,29.29,22.33,16.67
2014-09-03,40.33,41.51,41.75,35.38,32.55,33.02,32.83,40.57,40.09,31.6,29.72,29.01,28.82,41.04,23.82,20.75,22.17,21.55,10.38,10.38,14.15,12.53,18.4,22.64,19.55,28.77,22.31,16.79
2014-09-04,46.29,44.57,42.0,38.0,36.0,35.14,35.76,40.57,39.43,31.43,31.43,29.71,29.39,41.14,24.0,21.14,22.57,21.82,10.57,11.71,16.0,13.64,21.14,24.86,22.42,28.57,21.82,16.97
2014-09-05,39.92,39.54,41.44,34.22,33.08,30.8,30.65,35.36,40.68,31.18,30.42,28.14,27.82,48.67,25.1,21.67,20.91,21.37,8.37,9.51,11.41,10.48,20.53,21.29,16.94,22.81,17.34,16.53
2014-09-08,50.38,48.86,51.14,43.18,40.15,39.02,38.8,46.59,46.59,37.88,35.98,36.36,35.2,53.03,32.2,28.03,29.17,26.0,7.2,10.23,14.39,11.6,21.59,26.52,20.8,27.27,21.2,13.6
2014-09-09,61.08,58.52,57.39,50.0,46.02,44.6,45.05,57.95,54.26,44.6,39.2,39.49,39.64,53.69,36.93,28.98,30.4,27.93,13.07,11.36,16.19,16.22,17.05,24.15,21.32,28.41,23.42,20.72
2014-09-10,57.37,55.56,55.78,48.07,43.99,42.4,43.65,57.82,52.83,43.54,39.0,39.23,39.57,51.02,33.79,27.44,28.34,26.14,12.93,11.79,16.78,16.07,17.23,24.26,21.34,29.02,23.5,21.82
2014-09-11,48.04,51.4,52.51,44.69,42.18,40.62,40.06,54.19,52.79,41.9,39.39,39.5,38.87,53.35,34.36,30.17,31.09,26.11,8.38,11.73,17.09,12.46,22.63,26.61,21.07,29.41,20.47,13.95
2014-09-12,61.71,58.36,59.85,52.42,48.33,46.64,47.04,59.11,55.39,45.72,42.38,42.54,41.9,55.39,39.78,34.94,33.21,31.62,8.18,12.27,19.03,17.0,23.05,27.24,24.11,30.6,24.51,23.72
2014-09-15,60.71,63.1,61.9,57.14,54.17,51.5,53.46,63.69,58.33,51.79,44.64,43.71,45.91,57.74,43.45,40.48,40.12,37.74,21.43,25.0,28.74,27.67,32.74,29.94,29.56,30.54,28.93,23.9
2014-09-16,35.33,39.52,40.72,34.13,34.13,34.13,33.96,55.09,52.69,41.92,40.12,40.12,39.62,49.1,25.15,28.74,29.94,27.04,7.78,10.18,16.77,17.61,25.15,27.54,25.16,30.54,27.04,22.64
2014-09-17,45.8,48.32,39.92,34.45,34.03,34.03,37.02,48.32,31.51,27.73,28.57,27.31,32.6,5.46,7.14,13.03,16.81,20.99,19.75,21.43,23.53,25.97,24.37,25.21,27.07,28.15,30.39,27.07
2014-09-18,43.1,43.1,34.31,29.29,32.22,30.13,33.52,45.19,27.2,20.5,24.69,24.69,28.57,3.77,5.02,12.97,12.97,17.03,15.9,25.52,22.18,25.27,35.98,25.52,27.47,16.32,21.98,27.47
2014-09-19,43.75,43.33,35.0,30.0,31.67,30.0,34.43,45.42,27.92,20.83,22.92,23.33,28.96,4.17,5.42,10.0,12.08,18.03,16.67,21.67,20.42,25.68,28.75,22.92,28.42,16.67,25.14,37.16
2014-09-22,56.43,59.34,48.96,45.64,43.57,40.25,44.02,59.34,42.32,38.59,37.34,34.85,38.59,11.2,11.62,24.48,22.41,26.09,22.82,27.8,25.73,31.52,37.34,30.29,33.7,23.24,31.52,37.5
2014-09-23,61.04,63.8,53.07,49.08,48.16,46.93,47.2,60.43,46.32,41.41,41.72,41.1,42.4,18.4,19.02,30.67,28.22,34.0,25.77,31.6,30.67,36.4,42.64,35.89,38.4,30.98,35.6,38.4
2014-09-24,50.0,51.94,42.96,39.32,38.69,39.17,40.57,51.7,35.68,33.25,34.55,32.6,35.85,7.77,10.92,20.44,22.14,25.47,26.21,27.98,27.49,31.76,32.12,32.36,34.28,31.63,33.65,29.56
2014-09-25,70.1,68.73,61.17,57.04,55.17,53.45,54.74,64.6,51.2,48.11,46.55,46.55,46.12,25.09,31.62,34.83,32.41,36.64,34.36,34.83,33.45,37.93,38.62,36.9,37.93,33.45,37.93,37.5
2014-09-26,60.23,66.41,52.9,49.42,47.67,45.74,46.53,63.71,46.33,42.86,43.8,43.02,43.56,8.49,14.29,26.36,26.36,31.19,31.27,31.78,31.4,37.13,37.98,37.21,39.11,32.95,37.62,38.12
2014-09-29,71.43,72.22,61.11,56.75,53.57,52.38,53.78,65.48,48.41,44.84,44.84,44.84,47.48,23.81,30.56,33.73,33.33,36.97,35.71,37.7,34.52,38.66,38.1,37.3,39.5,31.75,36.55,38.66
2014-09-30,70.24,72.92,60.71,55.36,52.68,51.79,53.0,67.26,48.21,45.24,45.83,45.54,48.26,21.13,27.38,31.55,32.44,35.33,36.01,38.39,34.82,39.75,38.69,37.5,40.06,32.74,38.17,39.75
2014-10-01,76.3,74.64,65.64,59.24,55.11,53.68,57.54,67.06,50.71,45.5,46.32,46.32,49.5,27.25,30.57,32.07,33.49,38.19,33.18,35.87,34.68,40.45,38.95,37.77,41.96,33.73,40.95,45.73
2014-10-02,74.35,72.33,60.81,55.91,52.02,51.45,53.52,61.38,46.69,42.65,43.93,44.51,44.95,26.8,29.97,31.5,32.95,36.09,33.14,35.84,34.1,40.67,38.73,37.28,40.67,33.53,38.84,41.28
2014-10-03,58.24,55.94,44.44,43.68,42.31,40.0,42.68,53.64,36.78,36.02,36.54,35.77,36.59,16.86,22.61,25.38,25.38,30.89,31.03,34.62,33.46,37.4,37.69,33.08,34.55,26.54,28.05,34.55
2014-10-06,70.47,66.14,58.27,55.12,51.97,50.39,53.14,59.45,46.06,43.31,42.91,42.13,45.19,24.02,27.56,32.28,31.5,35.15,32.68,37.01,34.25,38.91,38.98,34.25,37.24,26.77,34.31,41.42
2014-10-07,77.49,77.19,66.67,61.99,60.53,58.77,62.42,69.88,54.97,49.42,49.42,48.83,51.55,33.92,38.89,42.4,41.52,45.03,39.77,43.27,41.52,45.34,45.61,42.11,43.48,35.38,38.82,42.55
2014-10-08,69.93,64.8,55.71,52.91,51.05,49.42,51.98,58.04,41.72,40.79,41.03,38.46,41.83,14.92,22.14,27.27,26.81,29.7,32.87,37.06,33.8,38.12,39.63,33.33,37.38,24.94,32.43,40.59
2014-10-09,83.9,81.64,74.58,66.95,64.69,62.15,64.37,71.47,59.32,51.98,50.85,49.44,52.4,42.94,38.98,43.5,42.09,44.91,35.59,42.37,41.24,43.41,46.33,42.66,43.11,34.75,37.72,41.92
2014-10-10,93.98,88.72,86.09,82.33,81.2,77.07,76.49,77.82,67.67,60.9,59.02,56.02,59.36,50.38,49.62,49.62,49.25,52.19,51.5,52.26,49.25,53.39,46.99,45.11,51.79,41.73,49.8,57.37
2014-10-13,95.13,94.76,89.51,88.76,88.39,86.89,86.17,91.76,88.39,83.9,80.9,76.78,76.28,66.67,65.17,59.93,58.05,62.45,61.8,59.93,54.68,58.5,57.68,52.06,56.92,46.44,52.57,61.66
2014-10-14,92.98,91.01,88.2,86.8,85.39,82.87,81.6,89.61,84.27,78.93,76.4,70.79,72.7,60.67,58.99,57.3,55.62,58.16,56.74,57.87,52.81,56.97,62.36,53.37,56.97,46.07,51.34,55.49
2014-10-15,94.84,94.84,92.38,90.81,89.91,89.46,88.63,93.05,89.69,89.24,88.79,84.98,84.36,80.27,76.68,77.58,71.08,73.22,71.97,75.56,66.37,68.01,75.56,57.4,60.19,47.31,54.03,62.32
2014-10-16,93.65,93.92,89.5,88.67,88.12,87.81,86.22,92.54,88.95,86.46,82.32,79.5,79.47,70.72,67.96,66.3,60.11,66.57,63.26,63.81,58.45,63.93,61.33,55.68,58.94,52.91,58.36,69.21
2014-10-17,93.01,91.91,87.87,87.5,86.4,84.5,81.64,90.81,86.03,81.25,79.04,74.17,74.22,63.6,63.24,60.29,57.56,60.55,62.87,60.29,54.98,58.98,57.35,52.4,57.03,46.86,53.52,60.94
2014-10-20,82.94,82.35,80.0,78.82,75.29,72.78,73.29,77.06,70.59,64.71,64.12,60.95,64.6,59.41,54.12,52.94,52.07,54.04,54.71,53.53,50.89,54.04,55.29,50.89,54.66,40.83,50.31,62.73
2014-10-21,72.19,71.6,65.68,58.58,59.76,59.76,61.49,68.05,56.8,54.44,55.03,49.7,53.42,34.32,42.01,44.38,44.38,48.45,47.93,48.52,47.93,50.31,53.85,50.3,51.55,39.64,44.72,48.45
2014-10-22,82.17,69.4,66.99,66.51,63.29,62.56,62.31,50.36,51.33,51.57,52.17,51.93,56.07,55.9,53.98,52.17,51.45,56.39,59.28,53.14,52.17,57.01,44.2,47.34,56.7,49.28,60.75,64.17
2014-10-23,79.93,68.37,65.31,64.63,59.39,59.04,58.72,46.26,45.92,49.66,49.15,49.49,54.47,48.64,50.68,50.17,51.19,54.47,60.54,51.88,52.56,54.47,39.59,46.08,51.06,48.81,52.77,50.21
2014-10-24,75.57,67.18,62.6,61.45,57.09,57.09,57.56,40.84,45.42,48.09,47.89,48.28,53.17,50.38,49.62,49.43,50.57,54.63,54.58,50.96,49.81,52.68,39.46,44.83,49.76,42.91,51.22,56.1
2014-10-27,73.73,36.08,37.25,39.61,41.18,42.75,46.06,0.39,6.67,19.22,24.31,26.67,34.44,43.92,47.45,45.49,47.84,50.62,53.73,47.45,48.63,53.11,38.43,43.53,46.89,45.88,48.13,50.62
2014-10-28,82.06,75.0,66.18,62.35,59.71,57.06,61.06,56.76,45.29,46.18,46.76,48.24,50.16,31.76,39.71,40.0,41.47,42.99,45.29,43.53,42.65,43.61,37.65,40.59,41.74,41.76,41.43,38.32
2014-10-29,75.88,63.0,56.21,56.21,52.11,52.58,54.84,35.13,37.24,40.75,41.78,42.25,44.42,42.15,45.67,43.43,44.84,46.9,51.05,43.66,43.66,46.4,33.1,39.2,43.42,42.96,45.91,45.16
2014-10-30,72.08,49.57,43.87,46.72,45.14,45.71,49.24,24.22,29.06,34.47,33.43,35.71,38.97,33.62,42.74,40.86,42.29,44.71,52.42,43.71,45.43,46.53,33.43,39.71,43.5,44.0,47.13,46.53
2014-10-31,56.33,60.41,55.1,53.06,53.06,53.47,,58.78,52.65,48.98,51.02,50.61,,48.57,45.31,47.76,48.16,,42.45,50.2,49.8,,55.92,52.24,,49.39,,
2014-11-03,73.54,60.31,54.47,54.47,50.97,51.36,53.72,37.74,35.41,40.08,40.86,39.69,44.21,29.96,41.63,41.63,43.97,47.52,49.81,47.86,45.53,47.93,39.3,41.63,45.87,38.52,44.63,47.11
2014-11-04,71.1,57.23,52.6,52.31,50.87,49.13,53.07,34.97,33.24,37.57,39.31,39.6,43.56,30.35,43.35,43.06,44.22,48.16,50.58,48.84,46.24,49.08,40.46,41.91,46.32,38.73,45.4,47.85
2014-11-05,64.75,51.61,45.39,46.31,45.16,45.62,47.92,31.57,30.18,35.25,36.87,36.41,40.1,25.81,37.56,39.4,40.78,43.52,47.7,45.62,44.24,47.43,41.01,42.17,41.56,38.48,43.03,41.56
2014-11-06,65.92,50.56,44.97,45.53,43.3,43.02,43.49,26.82,26.26,32.12,32.68,34.08,35.5,23.74,37.99,34.64,36.03,38.46,47.21,40.5,41.34,42.01,27.37,32.96,33.43,38.27,35.8,32.84
2014-11-07,57.62,46.47,42.01,43.12,42.01,40.52,42.52,27.51,28.25,33.46,33.46,34.57,38.19,31.97,39.03,37.55,37.17,40.16,44.24,42.01,39.78,42.52,34.2,33.09,38.58,34.2,35.83,41.34
2014-11-10,49.26,41.48,39.26,40.0,38.15,37.04,39.06,32.59,29.26,33.33,33.33,35.56,36.33,21.11,36.3,34.81,36.3,34.77,43.33,38.89,37.78,39.06,30.0,32.59,34.38,35.19,34.77,36.33
2014-11-11,60.28,49.72,43.61,44.44,41.94,41.11,43.11,35.56,31.39,34.72,33.89,35.56,38.12,20.56,36.39,32.5,34.72,35.48,43.61,37.22,36.67,39.0,24.72,30.56,34.9,35.0,39.0,39.3
2014-11-12,58.54,52.99,47.45,46.12,43.9,43.02,45.9,43.46,38.36,39.91,37.69,39.69,41.69,27.94,40.8,37.47,37.92,39.58,44.79,37.47,37.69,40.75,26.39,31.49,35.83,36.14,39.58,40.05
2014-11-13,56.83,52.73,47.54,46.17,43.99,43.01,46.38,47.27,39.89,40.71,39.62,40.82,43.77,24.32,39.62,36.34,37.53,41.45,45.36,39.07,38.36,43.48,28.42,32.33,38.26,36.99,43.19,44.64
2014-11-14,47.27,47.64,42.91,43.64,42.18,41.24,42.47,46.55,41.45,40.0,40.73,41.61,42.47,28.73,39.27,39.27,39.05,37.84,41.45,37.09,37.96,39.38,33.45,33.58,35.14,36.13,36.29,35.91
2014-11-17,48.84,50.58,48.26,50.0,48.26,46.78,48.47,50.0,45.93,43.02,41.28,42.69,43.56,34.3,38.95,38.95,39.18,41.1,43.6,39.53,38.6,41.1,33.72,32.16,37.42,31.58,39.26,41.1
2014-11-18,36.84,40.35,37.43,39.77,39.18,39.77,39.88,47.95,42.69,41.52,41.52,40.94,41.72,26.9,37.43,38.01,39.18,38.04,45.03,40.35,39.18,40.49,34.5,32.75,37.42,32.16,36.81,36.81
2014-11-19,48.45,44.39,44.87,42.96,41.63,41.63,43.52,39.86,42.0,39.62,39.0,40.91,41.67,44.15,37.47,38.04,39.23,41.67,32.7,31.1,33.97,38.58,33.01,37.8,38.27,38.76,38.89,31.48
2014-11-20,44.44,39.06,39.73,37.71,39.86,40.88,40.76,35.35,41.08,38.72,39.53,40.2,39.5,45.45,37.37,39.19,39.19,40.34,30.64,31.08,33.45,36.55,39.53,39.53,38.66,37.84,38.24,29.41
2014-11-21,32.83,30.19,32.08,29.06,34.85,36.36,37.98,31.32,41.13,39.62,40.53,41.29,41.83,49.43,40.0,42.42,41.29,43.27,32.08,32.2,33.71,38.94,39.77,39.39,41.83,37.88,40.38,39.42
2014-11-24,28.68,27.52,30.23,29.07,27.91,28.68,30.74,27.91,32.56,31.4,32.56,34.5,36.07,42.64,32.95,34.88,36.05,37.3,24.42,29.84,32.17,36.07,37.98,39.15,38.52,37.21,35.25,31.97
2014-11-25,25.0,26.16,27.91,26.45,25.87,27.03,28.92,27.03,31.1,29.94,30.52,31.69,33.54,38.37,31.69,30.81,34.88,34.15,25.29,28.78,32.85,35.38,33.72,39.53,37.23,42.73,37.23,24.92
2014-11-26,20.42,21.11,23.9,22.04,23.26,23.72,23.83,25.99,29.47,27.84,29.3,29.3,31.2,30.86,27.84,29.3,31.4,32.43,25.75,28.6,32.79,35.38,32.56,36.51,37.84,38.14,37.1,34.4
2014-11-28,34.72,32.83,33.96,31.7,32.2,32.58,34.4,30.94,34.34,32.83,32.95,34.47,34.8,40.0,33.58,34.85,36.74,36.8,27.17,31.44,34.47,37.6,39.39,39.77,39.6,39.02,34.4,26.8
2014-12-01,42.69,43.85,43.46,43.08,43.08,43.46,44.08,42.69,43.46,41.92,43.08,45.38,46.94,47.31,43.46,43.46,45.38,48.16,33.46,40.38,41.15,43.67,45.77,45.38,46.53,44.23,42.86,34.29
2014-12-02,25.71,26.86,29.43,27.14,28.86,31.71,33.33,25.71,30.57,31.43,32.57,35.43,36.06,40.0,36.57,35.43,38.86,38.48,31.71,33.14,38.0,37.27,34.86,41.14,36.97,43.43,36.67,27.88
2014-12-03,22.78,26.42,31.44,28.93,29.38,30.52,32.37,31.21,37.59,35.08,34.62,36.22,37.2,45.33,37.81,37.13,38.04,38.89,28.02,30.07,33.71,34.78,35.54,38.5,34.06,38.27,32.61,28.99
2014-12-04,19.34,20.99,23.2,24.59,26.52,27.35,28.36,26.8,31.49,32.04,32.87,35.08,35.38,40.33,37.85,36.19,38.12,38.3,33.7,32.6,35.91,36.55,33.7,37.29,33.33,38.12,31.87,27.49
2014-12-05,9.56,12.13,13.97,14.71,16.91,19.85,20.62,20.96,27.57,29.41,31.62,32.72,33.46,34.93,31.99,34.56,36.03,35.02,29.04,33.82,37.13,36.96,41.18,42.65,39.3,38.6,31.52,27.63
2014-12-08,28.57,34.43,39.56,39.56,39.19,39.19,40.15,46.15,45.05,44.69,43.59,44.32,45.95,50.92,44.69,45.05,46.89,45.95,39.19,41.76,41.39,42.47,43.22,44.32,40.93,40.66,37.84,33.59
2014-12-09,37.36,43.41,46.15,43.68,42.86,43.13,44.64,50.27,49.18,46.15,45.05,45.88,47.83,53.02,44.78,45.05,46.7,46.38,33.52,39.84,39.84,40.0,43.96,44.23,40.87,41.21,37.39,33.33
2014-12-10,73.9,72.15,71.05,68.2,66.45,64.47,65.28,66.45,64.69,58.11,58.11,55.04,55.56,58.77,53.51,50.66,50.88,53.01,48.25,50.22,49.34,49.07,49.78,50.0,47.45,45.83,43.06,35.42
2014-12-11,78.65,78.65,77.3,75.41,74.59,71.54,71.35,70.81,72.16,67.3,64.86,63.14,65.9,68.11,61.62,57.3,54.47,54.73,55.41,52.97,50.95,53.58,52.97,51.22,54.15,47.15,47.85,42.41
2014-12-12,87.41,81.65,79.86,79.14,78.06,74.73,73.66,66.55,68.71,62.59,63.31,61.73,64.5,67.99,61.51,57.91,57.04,58.02,55.76,54.68,52.71,54.58,58.63,54.15,56.87,53.07,51.15,43.51
2014-12-15,89.66,82.76,82.76,82.18,81.61,79.19,76.97,66.09,68.39,62.07,62.64,60.69,63.03,67.24,59.2,56.9,55.49,58.18,54.02,52.87,52.6,54.55,56.9,54.91,54.55,48.55,48.48,43.64
2014-12-16,95.95,95.38,92.49,90.17,89.02,89.02,87.88,78.61,80.35,74.57,74.57,70.52,71.52,78.61,71.68,68.79,63.01,63.03,61.85,59.54,57.8,57.58,60.69,58.38,57.58,54.34,49.7,40.61
2014-12-17,62.35,65.18,63.16,59.92,56.68,55.06,56.61,64.78,59.92,52.63,52.23,51.01,55.56,49.39,46.96,46.96,45.34,52.38,44.13,46.56,41.7,51.32,45.75,42.91,51.85,35.63,43.92,58.73
2014-12-18,66.13,65.73,64.52,62.5,57.66,55.65,56.32,63.31,58.87,53.63,52.82,50.4,54.74,52.42,50.0,48.39,45.56,52.11,46.77,47.58,40.32,48.42,44.76,38.71,42.11,31.85,40.0,50.53
2014-12-19,55.82,55.82,54.22,53.82,51.81,51.81,53.93,53.82,51.81,49.4,50.2,48.59,53.93,51.81,49.4,47.39,46.59,52.36,46.18,46.99,43.78,50.79,44.58,43.78,46.07,38.55,41.88,46.07
2014-12-22,55.6,58.0,54.0,53.6,51.2,50.8,53.65,58.0,51.2,49.2,49.6,47.2,51.56,48.0,47.2,44.4,43.6,50.0,46.0,46.0,39.6,46.35,44.0,37.6,40.62,32.8,39.58,47.92
2014-12-23,46.45,46.45,47.04,47.34,45.86,43.2,46.36,47.34,45.27,45.56,44.38,43.79,48.28,44.97,42.6,42.01,42.31,47.13,41.12,42.31,37.87,44.06,43.2,37.28,41.0,32.25,39.46,47.89
2014-12-24,51.52,53.63,51.05,49.65,50.23,46.95,50.6,53.86,49.65,47.07,46.95,44.84,50.0,45.43,40.75,42.72,41.55,46.69,38.64,42.72,36.85,44.88,44.84,38.03,42.47,30.28,39.16,47.89
2014-12-26,55.43,53.93,50.94,48.69,48.12,45.49,47.14,52.43,46.82,44.57,46.24,45.86,45.71,36.7,39.33,43.23,39.47,44.29,42.32,44.74,36.84,44.29,43.23,36.84,43.33,25.56,40.0,47.62
2014-12-29,55.17,57.47,51.34,49.43,48.28,48.28,50.2,56.7,47.13,44.83,46.74,45.98,48.58,40.23,37.93,41.38,40.23,42.11,39.08,42.53,39.08,41.3,42.53,39.85,40.89,31.42,37.65,39.68
2014-12-30,58.79,61.38,55.04,52.74,51.87,49.86,51.83,58.21,50.72,48.7,50.43,49.57,53.05,44.38,43.23,45.53,42.07,44.51,42.65,45.24,39.77,42.68,42.36,37.18,41.46,26.22,38.72,46.04
2014-12-31,74.94,74.71,72.87,68.97,66.13,64.29,66.67,68.51,63.22,59.31,56.45,54.15,57.91,56.55,53.33,52.07,51.15,55.23,52.64,53.23,48.85,50.36,45.39,44.93,46.23,34.79,41.85,47.69
2015-01-02,70.04,69.66,66.29,61.8,62.78,60.15,62.7,62.92,58.43,53.56,53.38,53.01,56.35,53.18,50.56,50.75,50.75,53.97,50.56,51.88,50.0,51.19,46.62,46.99,50.79,44.36,45.24,44.44
2015-01-05,79.85,78.71,74.52,71.48,69.96,68.44,70.97,72.62,63.12,62.36,61.22,57.79,62.5,55.89,53.99,54.75,52.85,56.85,57.03,56.65,53.99,59.27,55.13,51.33,55.65,42.21,50.81,55.65
2015-01-06,84.75,85.03,81.36,79.94,77.4,72.6,75.45,78.25,71.19,68.36,65.82,63.56,65.57,59.04,59.04,57.06,54.52,58.68,62.71,57.06,55.65,59.28,53.39,51.13,55.99,44.63,51.5,57.19
2015-01-07,82.66,79.73,76.35,74.77,70.95,68.24,70.41,72.52,63.74,61.49,60.14,56.53,60.38,56.31,53.83,53.38,51.13,55.13,55.18,54.95,53.15,57.04,51.8,49.77,55.13,42.34,49.4,56.8
2015-01-08,77.32,75.41,71.58,68.03,65.85,65.03,65.9,67.49,61.2,58.74,56.83,54.37,57.23,55.46,51.91,51.91,50.0,52.89,53.28,53.83,51.09,52.31,49.45,46.45,49.13,36.34,44.22,43.64
2015-01-09,78.18,78.18,73.82,72.0,69.82,67.64,68.08,73.09,64.0,61.09,61.82,59.27,61.15,53.45,53.82,54.18,52.0,56.15,59.64,57.09,54.91,57.69,55.27,51.27,55.77,44.73,50.0,51.15
2015-01-12,82.25,81.88,79.35,77.9,77.54,74.64,75.19,78.26,72.83,69.93,68.84,65.94,69.47,61.23,61.23,59.42,57.61,60.69,61.59,61.96,55.8,58.78,58.7,52.9,57.63,46.38,53.05,59.16
2015-01-13,86.41,84.24,83.42,81.25,79.89,78.8,77.36,78.26,75.54,73.1,72.28,67.39,70.49,67.39,67.66,64.95,60.33,64.76,66.03,65.76,58.7,61.6,63.04,54.62,58.45,47.55,53.87,60.17
2015-01-14,89.59,87.64,84.82,84.6,82.86,80.91,78.95,84.38,78.96,77.01,75.27,69.85,73.23,68.11,68.55,66.16,60.52,65.68,66.59,66.38,59.0,63.84,62.69,54.66,59.5,47.51,55.61,66.36
2015-01-15,89.84,88.5,86.9,86.36,86.1,82.84,82.44,86.63,85.03,82.62,81.28,78.55,78.75,77.01,75.67,77.01,68.63,73.65,72.99,74.33,66.76,70.25,68.72,58.45,64.02,54.16,63.74,76.2
2015-01-16,87.19,84.7,83.99,81.49,80.43,78.57,77.74,79.72,76.87,75.44,74.73,68.93,72.83,70.46,70.11,69.4,61.43,69.43,66.55,67.97,61.07,66.04,68.68,56.43,62.64,48.21,60.0,75.85
2015-01-20,79.89,81.61,81.61,82.76,82.18,80.46,80.12,81.61,78.74,75.86,75.86,72.41,75.3,70.11,69.54,70.69,64.37,71.69,68.39,68.39,63.22,69.28,68.97,62.64,67.47,54.02,64.46,71.08
2015-01-21,74.36,71.56,70.16,70.16,67.99,67.06,66.17,63.64,62.7,63.17,59.11,58.64,61.38,62.94,62.7,57.94,58.18,62.57,64.34,58.41,59.35,61.08,47.9,53.04,58.68,66.12,62.57,52.99
2015-01-22,71.95,68.32,68.32,66.01,62.91,62.25,61.07,57.43,57.76,55.12,55.3,54.97,58.2,58.09,55.12,53.97,54.3,56.56,51.49,53.64,54.97,56.15,47.02,50.66,56.56,56.29,54.51,45.9
2015-01-23,74.07,71.85,69.26,68.15,66.17,64.68,61.5,61.11,60.0,57.78,56.51,55.02,58.22,58.15,55.19,54.65,53.53,55.87,51.85,54.28,54.28,53.99,47.21,49.44,54.93,49.44,50.23,46.01
2015-01-26,67.42,62.5,58.71,57.2,54.55,54.55,56.4,49.24,48.86,48.11,48.86,50.76,53.6,52.65,48.48,47.73,49.24,49.2,42.42,46.21,47.73,48.4,42.8,47.35,46.8,49.62,47.6,40.8
2015-01-27,75.71,70.0,67.43,63.43,63.43,61.14,64.65,55.43,53.71,51.43,51.71,52.57,55.89,55.43,51.14,50.57,52.0,55.89,49.43,47.71,52.0,53.17,43.14,48.86,51.06,54.29,50.45,41.69
2015-01-28,88.15,84.28,81.55,78.13,75.57,75.11,75.9,69.7,66.74,64.69,60.27,59.82,61.69,61.96,59.45,57.53,56.16,59.28,58.31,57.76,56.85,60.24,52.05,52.74,55.66,60.5,56.39,48.67
2015-01-29,85.83,80.28,76.11,73.61,70.47,69.36,70.59,60.28,60.83,57.22,55.99,55.71,59.41,60.28,55.83,53.48,54.6,58.24,54.72,54.87,55.71,57.94,47.35,51.53,54.71,60.17,57.35,48.82
2015-01-30,92.22,90.0,88.52,85.56,84.39,81.78,81.18,75.93,72.59,70.37,66.54,66.17,68.63,71.11,64.81,60.22,59.48,62.35,61.48,59.48,59.11,61.96,55.39,55.39,60.78,65.43,66.27,61.96
2015-02-02,87.97,84.59,82.33,80.08,77.44,74.81,76.89,70.68,68.05,66.17,65.41,64.29,65.34,67.29,63.16,59.02,59.02,60.96,62.41,56.77,57.14,60.56,51.88,53.38,57.37,60.53,57.37,51.0
2015-02-03,75.42,70.67,69.83,67.32,66.2,66.48,68.93,62.85,61.45,60.34,57.54,58.38,60.06,58.66,55.59,53.91,55.87,58.28,56.98,54.75,56.42,59.17,49.72,53.63,56.51,65.92,56.51,44.38
2015-02-04,79.73,76.84,75.72,74.61,71.27,70.38,72.64,68.6,66.59,65.03,63.92,63.7,65.57,66.59,63.03,59.02,59.24,61.79,63.03,56.79,57.02,61.32,52.34,54.34,57.78,60.58,60.14,58.02
2015-02-05,72.16,66.22,65.14,63.78,62.97,64.59,66.0,60.81,59.46,60.27,57.57,58.65,61.14,59.19,56.49,55.14,57.3,59.14,59.46,55.41,56.76,60.0,50.27,54.59,57.71,65.68,60.29,52.0
2015-02-06,73.38,69.42,69.78,68.71,66.55,66.55,67.68,66.55,65.47,63.31,63.31,62.59,65.02,65.47,61.87,59.35,58.99,60.84,60.79,57.55,57.55,60.46,56.12,56.83,59.32,58.63,56.65,53.23
2015-02-09,73.12,72.04,71.68,71.33,70.61,69.53,69.81,67.38,68.1,65.95,64.52,64.87,68.3,67.74,65.95,60.57,63.08,65.66,62.37,60.22,62.37,63.02,57.71,59.86,59.62,65.59,62.26,51.32
2015-02-10,67.47,66.94,67.47,67.2,64.78,65.05,65.16,63.98,62.9,61.56,61.56,60.48,63.46,58.6,59.95,56.72,57.53,60.34,60.48,57.8,58.6,59.21,54.3,56.72,58.07,61.56,57.22,49.86
2015-02-11,66.31,66.95,67.81,66.74,65.45,65.24,65.84,64.38,64.16,61.37,60.94,60.09,63.35,60.94,60.3,56.44,57.94,59.73,59.87,56.01,56.22,58.14,52.15,55.79,58.14,61.59,57.92,50.0
2015-02-12,41.01,50.26,52.12,53.17,51.85,54.38,57.14,61.64,56.08,55.82,52.91,52.79,54.62,53.97,52.65,48.41,50.13,52.38,55.56,50.0,50.4,53.78,45.24,49.87,54.34,58.36,54.34,46.5
2015-02-13,28.87,45.77,49.65,51.41,49.3,51.94,55.22,65.14,58.8,57.75,57.75,55.48,56.34,54.93,53.87,48.94,50.18,51.49,56.34,50.7,49.82,52.24,44.01,48.41,50.75,55.12,51.49,44.4
2015-02-17,22.29,35.43,41.71,48.0,49.14,49.71,54.49,64.0,59.43,58.29,58.86,59.43,59.88,60.57,56.57,53.71,54.86,55.69,56.0,54.29,54.29,55.09,49.71,56.57,56.89,60.0,54.49,43.11
2015-02-18,53.7,57.64,57.18,56.02,55.45,54.99,56.68,59.26,59.03,53.24,54.52,53.36,57.57,58.56,52.31,54.52,51.28,55.79,43.06,52.2,48.72,53.71,58.0,49.88,56.97,41.3,46.59,53.41
2015-02-19,49.67,54.58,55.56,53.59,55.08,55.08,56.68,59.15,56.86,52.61,54.43,54.1,56.68,55.23,49.02,52.79,52.13,55.47,46.08,54.75,52.13,55.47,57.7,51.15,57.89,46.23,51.01,52.63
2015-02-20,48.35,47.62,48.72,47.62,50.0,49.63,50.93,51.28,49.45,47.62,50.37,50.37,55.09,51.28,46.89,50.74,50.37,54.17,43.22,51.84,48.53,51.39,56.25,48.9,56.02,39.34,46.3,51.39
2015-02-23,46.07,46.82,44.57,45.69,47.19,47.94,49.8,49.06,48.69,47.19,50.19,51.31,54.15,52.43,46.07,49.81,49.44,52.57,39.33,49.44,49.06,50.59,54.31,49.44,52.96,40.45,45.06,43.08
2015-02-24,36.16,41.24,40.4,38.14,40.68,41.81,44.78,47.74,45.2,43.79,48.02,48.87,52.24,48.87,43.5,47.46,46.61,48.36,39.55,46.61,45.76,46.27,49.44,46.61,48.06,38.42,41.79,42.99
2015-02-25,33.78,42.57,41.89,41.22,44.02,44.24,47.86,54.05,50.23,47.3,50.79,50.79,53.57,51.13,45.27,49.21,48.76,51.9,40.54,50.79,47.86,51.43,55.3,48.76,53.81,39.5,45.71,49.52
2015-02-26,25.55,35.99,37.64,36.81,39.94,40.22,43.31,53.02,49.18,48.08,49.86,50.41,52.62,50.55,48.08,49.04,49.04,49.42,43.96,50.14,47.66,48.26,50.69,46.56,49.13,38.84,41.86,43.6
2015-02-27,23.08,32.6,35.16,35.53,37.87,38.24,41.47,51.28,47.25,46.89,48.53,49.26,51.16,48.72,47.25,48.53,49.26,49.61,44.32,50.0,49.26,48.84,51.47,47.43,51.16,43.38,43.41,43.8
2015-03-02,18.22,33.09,36.06,38.29,40.15,39.03,42.13,54.28,50.93,48.7,50.19,49.44,52.36,48.7,46.47,48.33,47.21,50.39,42.75,50.56,45.72,48.43,50.93,45.72,50.79,34.94,43.7,48.82
2015-03-03,22.65,38.95,44.2,44.75,46.41,46.69,49.42,56.08,56.35,51.38,52.21,51.66,54.97,55.8,48.9,51.1,48.9,52.05,43.92,51.93,48.34,51.17,55.52,50.0,54.39,38.95,45.91,50.0
2015-03-04,21.59,39.43,44.71,46.04,47.14,48.24,51.05,59.47,58.59,52.86,53.52,52.86,55.71,56.39,50.0,51.1,49.78,52.68,45.81,51.98,50.66,52.45,52.86,50.66,54.31,44.93,48.48,48.95
2015-03-05,15.51,33.96,40.11,41.71,42.25,43.32,45.48,56.68,56.68,52.67,51.87,51.87,55.65,57.22,50.27,50.0,48.93,51.98,46.26,50.8,48.4,51.13,50.27,48.4,52.82,45.19,48.87,47.74
2015-03-06,23.49,45.55,50.89,51.96,52.31,51.96,55.64,65.12,64.41,60.85,59.79,56.94,59.02,60.85,56.23,55.87,54.09,57.52,52.67,55.16,53.74,56.02,55.52,50.89,54.51,43.77,48.5,49.25
2015-03-09,18.79,42.2,50.0,49.65,48.23,45.39,48.13,65.25,63.83,61.35,59.93,50.35,53.36,59.22,55.67,53.55,47.87,50.0,53.55,51.06,37.23,43.28,51.06,27.3,34.7,7.09,17.54,47.39
2015-03-10,35.9,54.26,58.78,58.51,58.51,56.38,58.82,69.15,68.62,64.1,63.83,58.24,62.18,64.1,59.31,57.71,50.53,52.94,54.79,55.59,48.67,52.38,59.57,45.48,47.9,23.14,36.97,49.3
2015-03-11,43.31,56.26,60.51,60.51,59.66,64.12,64.88,67.09,67.73,63.48,62.85,67.52,69.8,62.42,59.87,56.9,67.73,69.13,56.48,55.41,71.55,70.02,56.9,81.95,78.08,92.99,83.45,45.64
2015-03-12,29.32,42.15,47.64,48.43,48.43,46.72,49.58,59.95,56.28,55.24,54.97,49.61,50.69,56.02,52.62,51.05,48.29,50.97,53.14,51.31,45.93,46.26,51.05,38.06,41.83,19.42,29.92,42.66
2015-03-13,34.84,48.43,55.05,54.36,54.7,,,64.11,64.11,59.23,59.58,,,60.28,56.79,53.66,,,54.01,51.92,,,51.92,,,,,
2015-03-16,41.01,49.44,55.06,57.3,57.3,55.37,58.58,58.99,58.99,57.87,60.11,58.19,59.17,64.04,59.55,56.74,54.8,57.4,55.06,55.06,51.98,53.85,53.93,51.98,52.66,43.5,46.75,49.7
2015-03-17,28.25,37.85,46.89,50.85,50.28,53.67,55.62,59.32,58.19,57.63,58.76,60.45,61.54,61.58,57.06,54.24,57.63,59.17,55.37,55.93,57.63,57.4,60.45,65.54,60.95,68.36,57.4,36.09
2015-03-18,41.61,51.95,50.57,51.03,47.7,48.62,52.65,62.3,55.4,52.87,49.31,49.31,55.59,49.43,48.51,42.4,45.16,52.35,49.43,38.94,40.55,49.71,24.65,35.02,44.41,44.7,60.29,65.29
2015-03-19,33.98,45.31,46.6,50.16,50.32,50.32,54.0,61.49,55.02,54.69,54.55,53.9,56.8,51.13,51.78,50.97,50.97,55.2,56.63,52.6,50.65,56.0,43.83,46.43,53.2,42.21,53.2,60.0
2015-03-20,23.91,34.78,37.68,43.48,,,,57.61,53.62,54.71,,,,50.72,53.26,,,,61.96,,,,,,,,,
2015-03-23,22.22,33.7,35.19,39.63,40.37,41.85,45.7,57.04,50.74,52.96,52.22,52.22,56.64,48.89,51.85,51.11,50.74,56.64,61.85,54.07,53.33,57.03,41.85,45.19,51.17,43.33,50.39,57.03
2015-03-24,15.64,30.45,34.08,35.2,34.64,35.47,39.53,54.47,50.84,51.96,47.21,48.6,53.39,52.51,52.23,43.85,45.81,48.38,57.54,39.94,39.94,45.13,18.72,29.61,39.23,45.25,52.21,61.95
2015-03-25,26.28,37.42,40.76,44.77,46.65,47.99,50.59,56.57,55.46,54.12,56.25,54.91,58.82,54.57,55.23,55.8,54.46,58.82,61.69,60.04,57.14,60.71,56.03,51.79,55.53,49.78,52.71,54.59
2015-03-26,30.98,40.22,40.22,45.38,43.6,44.96,49.71,54.08,50.54,52.17,52.04,51.23,56.03,51.09,53.8,50.95,51.77,57.18,61.68,53.95,53.68,58.05,39.51,44.96,53.16,50.41,55.46,59.48
2015-03-27,24.28,34.42,36.96,38.04,,,,52.54,48.91,48.55,,,,50.0,49.64,,,,52.9,,,,,,,,,
2015-03-30,21.32,33.82,33.46,38.97,38.97,38.24,42.8,49.26,44.49,48.16,48.16,46.69,51.36,41.18,46.69,46.69,46.69,50.19,51.47,52.57,48.16,52.92,45.22,43.01,51.75,38.97,52.14,64.2
2015-03-31,24.59,37.98,40.16,46.99,45.9,46.45,50.58,53.55,50.82,51.64,50.55,51.09,54.91,50.82,51.37,50.55,48.63,53.47,56.01,54.37,51.37,56.36,46.17,43.99,52.6,40.71,52.6,64.74
2015-04-01,21.35,32.9,36.6,41.61,40.31,42.27,45.16,50.11,47.71,49.02,48.8,49.24,53.0,48.37,49.89,48.37,48.58,51.84,52.72,51.2,51.2,53.46,41.83,46.41,51.61,50.98,53.46,52.76
2015-04-02,14.55,24.6,30.42,34.92,35.71,36.24,39.39,48.15,44.18,47.35,45.24,46.03,49.72,43.65,47.62,47.09,47.62,50.84,53.17,51.32,47.62,53.07,41.27,43.12,49.72,41.01,51.4,62.01
2015-04-06,12.28,26.32,31.23,38.25,37.54,37.54,40.59,49.12,48.07,50.18,46.32,47.72,48.34,50.53,50.88,47.02,48.42,51.29,55.79,48.07,47.37,50.55,39.65,41.05,43.54,41.05,45.02,45.39
2015-04-07,14.47,28.16,32.89,39.21,39.74,39.47,41.83,50.26,47.89,50.53,47.63,46.84,48.2,50.53,50.53,47.63,47.89,50.69,55.79,48.68,47.37,50.69,43.16,41.05,44.04,37.37,44.04,45.43
2015-04-08,12.18,20.8,23.74,29.2,31.93,32.21,34.59,39.92,40.55,43.7,42.86,42.95,47.01,42.65,45.8,44.12,45.47,48.34,49.79,45.59,45.68,46.78,43.28,40.84,44.35,37.89,44.35,45.9
2015-04-09,7.51,12.44,13.73,16.06,18.13,19.79,23.9,32.64,34.2,37.05,36.79,38.54,41.48,38.08,42.49,40.93,41.15,43.41,46.11,39.9,37.5,43.13,33.94,32.29,38.19,31.51,41.21,45.6
2015-04-10,8.62,10.34,10.34,13.79,13.79,14.58,15.75,22.07,22.76,29.66,29.66,31.25,35.16,24.48,37.59,36.21,35.07,35.53,42.41,37.24,35.42,37.73,28.97,30.21,32.97,31.25,35.53,37.73
2015-04-13,24.44,28.89,28.89,28.89,30.56,31.28,33.92,33.33,39.44,40.56,40.56,41.9,43.27,44.44,46.11,42.78,41.9,46.2,48.33,42.22,41.9,43.86,40.56,35.2,39.77,32.96,39.77,42.11
2015-04-14,14.53,13.97,18.44,20.67,18.99,20.11,22.22,21.79,21.23,26.82,30.73,33.52,36.84,30.17,38.55,38.55,38.55,41.52,45.25,39.66,39.66,41.52,32.4,34.08,38.6,35.2,40.94,42.69
2015-04-15,21.88,24.22,26.56,25.78,27.73,31.25,36.36,28.91,36.72,33.59,32.42,35.16,41.92,43.75,32.81,32.81,35.55,44.95,25.39,25.39,30.86,41.41,26.56,36.72,46.97,44.14,60.1,67.68
2015-04-16,18.29,17.12,21.79,22.96,25.29,27.63,33.17,21.4,31.52,31.13,32.3,33.07,39.2,43.97,35.41,35.8,36.96,46.23,29.96,30.35,33.85,42.21,32.68,36.58,44.22,39.3,49.25,62.81
2015-04-17,24.81,29.07,31.78,29.84,31.78,33.33,39.0,31.01,39.92,36.82,36.82,37.98,45.0,48.45,36.05,36.82,38.76,47.0,24.81,30.62,34.11,43.0,39.92,40.7,50.5,41.09,53.5,63.0
2015-04-20,16.99,17.37,23.17,23.55,26.25,27.8,34.83,23.17,37.07,33.98,34.75,35.52,42.29,48.26,35.52,35.91,37.07,46.27,25.87,27.8,30.89,41.29,32.82,37.07,47.26,39.38,53.73,68.16
2015-04-21,17.43,18.29,22.86,23.43,24.29,27.43,32.23,24.86,36.57,34.57,34.0,34.86,39.19,48.29,36.86,34.29,36.57,43.59,26.86,25.71,29.71,39.56,28.0,33.71,40.66,40.0,46.89,57.88
2015-04-22,18.74,16.7,22.12,20.99,22.45,24.72,29.11,22.8,33.63,31.38,31.52,31.29,36.89,45.82,34.54,33.79,34.24,42.07,25.06,25.4,27.66,38.33,27.89,32.2,40.06,36.73,44.67,57.93
2015-04-23,17.57,17.89,21.41,20.77,21.54,23.79,26.88,23.64,32.59,30.03,32.15,32.48,36.36,45.69,34.19,33.76,34.41,41.9,24.6,24.76,29.58,39.92,29.58,36.01,44.66,40.19,49.01,57.31
2015-04-24,15.05,16.13,20.79,19.35,19.49,21.66,23.98,23.66,32.97,30.82,32.13,33.21,37.1,45.52,34.77,32.85,34.66,40.72,26.16,25.27,29.96,39.37,28.88,36.46,42.53,40.79,47.06,55.2
2015-04-27,29.3,29.3,31.14,28.94,29.3,30.04,33.98,33.33,35.9,34.8,34.8,35.9,39.0,42.86,34.07,33.7,36.26,40.54,26.01,28.21,32.6,39.0,33.7,39.19,43.24,42.86,48.65,52.9
2015-04-28,17.68,20.17,25.69,24.86,22.93,24.59,29.74,28.73,32.04,31.22,30.66,32.32,35.28,37.57,32.6,30.11,33.98,39.94,30.11,27.9,31.77,39.07,26.24,35.36,42.57,43.65,48.98,52.77
2015-04-29,25.33,27.53,30.4,28.63,28.76,29.65,34.03,31.28,35.68,35.24,35.18,35.84,40.09,45.59,35.9,35.84,37.39,42.42,27.09,28.98,31.86,40.09,33.19,36.5,44.52,38.05,50.35,63.4
2015-04-30,37.9,36.56,37.1,34.68,35.14,35.14,38.46,32.53,37.1,35.22,36.76,37.03,40.74,45.16,36.29,37.84,38.92,43.02,27.42,33.24,34.05,40.74,39.46,40.81,45.58,38.11,49.86,58.69
2015-05-01,18.28,22.22,25.45,24.73,23.83,24.19,27.76,28.67,31.54,29.03,29.6,29.6,33.46,38.35,31.18,28.52,31.05,38.4,17.92,21.66,28.16,37.64,26.35,33.57,40.68,38.27,49.81,58.94
2015-05-04,20.36,22.91,25.82,24.0,24.0,24.73,30.38,33.45,36.0,32.73,30.55,32.73,36.92,38.18,32.0,28.36,32.36,38.08,24.73,21.82,28.36,37.69,22.55,28.73,37.31,37.82,46.92,55.0
2015-05-05,31.08,35.95,38.38,37.3,35.95,36.76,40.29,41.89,42.7,41.08,40.81,41.62,45.71,46.76,42.7,41.08,43.24,47.43,32.97,34.32,39.46,44.29,34.59,41.35,46.29,45.68,49.71,53.14
2015-05-06,48.6,48.81,48.38,46.65,44.71,45.57,49.54,45.14,45.57,44.06,42.55,44.06,47.72,47.95,44.06,42.55,44.28,48.63,34.34,35.64,40.17,46.58,36.07,42.33,49.54,46.0,53.88,64.38
2015-05-07,44.88,46.46,45.67,44.09,41.73,41.99,45.15,44.88,43.04,41.73,40.16,41.47,45.71,45.14,40.94,38.32,41.21,45.43,34.12,30.45,37.27,44.04,27.82,38.58,45.15,45.93,51.52,56.79
2015-05-08,17.83,21.33,25.87,25.87,26.57,28.67,32.1,32.52,36.36,35.31,33.92,36.01,39.85,40.91,35.31,34.27,37.76,42.8,28.67,28.67,34.27,42.07,32.52,39.86,43.91,43.71,49.82,52.4
2015-05-11,29.17,36.46,38.89,37.85,36.46,37.5,40.88,44.44,43.75,41.67,40.62,41.67,46.35,49.65,42.01,41.32,42.01,45.62,32.64,35.76,36.81,43.07,38.89,39.58,45.62,40.62,48.54,55.47
2015-05-12,26.82,29.43,33.85,34.9,34.9,34.38,38.08,38.28,42.45,39.32,38.54,40.1,44.11,49.48,42.19,40.36,41.93,45.21,32.55,31.51,35.68,42.74,33.07,37.24,44.38,41.15,50.14,59.18
2015-05-13,19.13,25.78,29.11,30.35,31.19,31.87,35.53,38.05,39.5,37.84,38.46,40.0,44.3,45.74,39.92,40.12,41.46,44.96,32.22,34.93,36.67,43.86,37.63,37.92,45.61,39.38,48.46,59.43
2015-05-14,10.77,15.38,16.15,15.64,17.44,19.59,24.73,30.51,34.1,32.05,33.33,34.79,38.59,40.0,35.9,36.15,37.11,41.58,25.9,27.95,31.7,40.49,33.33,34.28,42.93,36.86,48.1,62.77
2015-05-15,12.29,18.09,17.06,17.41,18.09,20.96,24.64,34.13,34.13,34.13,33.45,35.74,38.77,35.49,36.18,33.45,37.46,40.22,32.76,28.67,32.65,38.77,25.6,32.99,39.86,42.27,46.01,50.36
2015-05-18,21.98,24.73,25.27,25.27,21.98,23.76,25.43,24.18,27.47,25.27,28.57,32.6,36.99,37.36,34.07,35.71,37.57,41.04,28.02,31.32,32.04,39.31,34.07,34.25,40.46,35.91,44.51,52.02
2015-05-19,20.99,24.31,24.86,24.86,20.99,22.65,25.43,26.52,29.28,27.07,28.73,32.04,36.99,37.57,34.25,34.25,34.81,38.15,27.62,28.73,30.39,37.57,25.97,30.39,38.73,35.91,43.93,52.02
2015-05-20,31.39,35.87,32.51,30.49,33.78,37.39,35.71,45.07,38.57,35.2,36.94,40.77,36.0,27.35,27.13,31.76,36.94,32.0,26.68,29.73,38.29,30.86,39.19,46.4,33.14,50.45,30.29,3.43
2015-05-21,26.9,28.8,25.0,23.1,26.75,31.21,23.05,37.97,31.33,29.11,33.44,34.71,29.69,19.3,20.89,27.39,30.57,24.22,25.0,28.66,34.71,25.0,37.26,44.27,26.56,43.63,18.75,1.95
2015-05-22,24.47,26.24,24.11,22.34,25.71,30.36,23.21,39.01,34.04,30.5,34.64,36.79,32.59,26.24,23.05,28.21,31.07,28.12,21.99,28.57,33.93,27.23,38.57,44.64,32.59,44.64,23.21,3.12
2015-05-26,38.9,43.01,37.53,35.34,37.26,38.9,35.84,44.66,38.08,36.16,37.53,39.18,34.68,28.77,29.32,30.96,38.63,28.9,29.32,34.52,39.45,30.06,37.53,46.58,27.46,54.52,21.1,1.45
2015-05-27,33.84,34.28,31.66,31.0,31.36,32.68,30.48,37.12,32.1,32.53,32.46,36.18,31.18,22.49,25.55,27.19,33.77,27.02,30.13,29.82,37.72,24.71,30.7,44.52,24.71,53.95,19.4,0.69
2015-05-28,29.79,32.45,29.52,28.72,29.68,31.02,29.3,41.22,32.18,32.71,33.16,36.1,32.68,19.41,23.67,26.74,32.09,26.76,30.59,35.03,37.97,26.48,37.43,44.65,25.07,48.4,18.59,1.69
2015-05-29,31.21,34.75,31.21,30.14,31.43,32.5,31.2,41.84,34.75,34.75,35.0,37.5,32.71,24.11,26.24,29.29,34.64,29.32,29.79,33.93,38.57,25.94,37.86,45.0,25.19,49.29,18.8,1.5
2015-06-01,32.37,39.21,35.61,32.37,34.17,35.61,36.12,45.32,38.85,35.61,38.13,39.21,35.74,30.94,27.34,33.81,37.77,28.9,23.38,35.61,39.93,29.28,44.24,47.12,28.52,47.84,19.01,2.28
2015-06-02,36.63,43.05,38.24,36.36,38.24,38.5,37.85,46.52,38.77,36.1,39.04,41.44,38.14,27.81,29.14,35.83,40.37,31.64,32.09,39.3,42.78,33.62,45.45,48.4,29.38,48.13,20.34,3.67
2015-06-03,28.63,35.9,33.97,30.77,31.62,35.47,30.93,43.38,36.97,34.83,35.47,36.97,31.38,27.35,26.71,27.35,35.9,25.96,26.5,28.42,39.96,24.15,34.19,44.87,25.96,53.85,20.09,2.03
2015-06-04,41.82,44.42,41.3,41.04,40.26,41.3,39.18,45.97,40.26,37.66,40.78,42.6,38.63,31.17,33.25,38.18,43.12,30.96,33.77,41.04,44.94,30.68,46.49,48.57,29.32,48.31,18.36,2.47
2015-06-05,31.83,39.1,38.06,37.37,36.68,37.37,36.5,43.94,37.02,37.02,37.72,39.79,37.23,23.88,29.41,32.87,39.1,28.1,36.33,38.41,43.25,31.39,39.1,46.37,29.56,51.56,22.63,3.28
2015-06-08,48.45,51.89,50.17,46.05,45.7,48.45,46.21,52.92,45.02,44.67,44.33,46.39,42.96,40.55,38.49,41.24,45.7,38.27,38.49,40.89,46.05,34.3,42.61,48.45,34.3,56.01,27.44,3.61
2015-06-09,39.43,45.88,42.01,41.49,40.98,42.53,40.38,52.58,43.3,40.98,40.46,44.07,41.19,29.12,31.96,37.63,42.53,34.15,32.47,38.92,45.36,33.88,43.3,48.2,35.5,56.19,28.73,5.69
2015-06-10,19.34,28.6,26.95,26.13,29.22,31.96,28.42,42.39,37.04,33.74,35.6,39.79,35.14,27.78,25.93,33.74,38.97,29.72,25.31,32.51,39.38,28.42,42.18,47.42,30.8,50.1,21.91,3.47
2015-06-11,16.5,23.6,20.81,19.8,21.32,26.53,22.58,38.83,33.25,28.93,31.47,35.2,31.99,21.32,20.56,25.13,33.93,25.54,20.3,26.14,36.48,27.15,36.04,44.39,30.65,49.49,24.73,5.11
2015-06-12,41.55,42.23,38.85,35.47,36.82,38.78,35.48,46.28,38.85,33.11,36.49,41.16,35.84,23.65,20.95,28.04,37.07,26.52,20.61,31.08,38.1,27.96,43.24,46.26,31.54,48.3,20.43,4.3
2015-06-15,71.74,66.3,61.96,58.7,57.07,56.28,56.0,57.07,50.54,45.11,42.39,45.9,44.57,39.13,37.5,41.3,43.17,37.71,33.15,40.22,44.81,35.43,45.65,49.18,34.86,51.37,25.71,5.71
2015-06-16,66.12,60.11,54.64,53.55,50.82,50.82,49.14,49.73,46.45,40.98,40.98,43.72,40.0,34.43,36.07,37.16,42.08,32.57,33.33,36.61,43.72,31.43,39.89,46.99,33.71,50.82,25.14,5.14
2015-06-17,46.77,42.21,42.59,42.21,44.87,38.02,40.98,36.88,39.54,39.54,41.83,34.6,35.12,36.5,34.22,42.59,33.08,34.63,34.22,45.63,28.52,31.22,59.32,28.14,27.8,4.56,8.29,18.05
2015-06-18,35.61,35.23,31.44,31.44,35.98,32.2,33.01,32.2,28.79,30.68,37.5,27.27,30.1,25.38,30.3,37.5,25.38,29.13,34.47,43.18,25.76,27.18,50.38,23.11,22.82,4.55,8.25,16.5
2015-06-19,39.25,39.25,39.62,39.25,42.26,38.11,40.1,41.51,39.25,40.75,43.4,36.98,37.2,31.32,34.34,42.64,32.83,35.27,40.38,48.68,30.94,34.3,57.36,27.55,28.99,5.28,9.66,24.64
2015-06-22,28.95,29.7,25.56,26.32,31.2,25.94,27.88,23.68,26.32,28.2,33.46,25.56,28.85,21.8,28.2,34.96,24.44,28.85,32.33,39.85,25.19,26.92,45.49,22.18,23.08,7.14,11.06,23.08
2015-06-23,21.73,20.06,17.83,18.11,23.68,17.83,17.38,21.73,20.61,20.61,28.97,22.01,24.11,16.43,20.89,31.48,21.17,23.05,29.81,37.88,22.84,25.53,45.96,20.33,22.34,4.74,9.93,29.79
2015-06-24,33.26,31.72,28.63,28.85,35.4,30.75,32.68,27.09,29.52,32.38,38.72,29.65,33.24,30.18,34.36,41.81,28.98,33.24,36.12,46.02,27.88,32.12,51.33,26.55,30.17,5.75,12.29,35.2
2015-06-25,37.81,34.38,31.25,33.75,38.68,33.65,35.0,34.69,31.87,36.56,42.14,30.5,33.08,27.19,35.62,42.77,27.04,31.54,43.44,48.74,26.73,31.15,48.11,22.33,26.54,4.72,11.15,36.92
2015-06-26,40.7,36.49,34.74,34.04,39.22,34.28,35.24,33.68,33.68,35.09,41.34,30.04,32.6,31.23,34.04,42.05,26.5,30.84,35.09,46.29,25.44,28.19,51.24,24.73,25.55,5.3,9.69,28.63
2015-06-29,81.65,76.98,74.1,70.86,69.78,64.75,67.42,64.39,61.87,57.91,59.71,53.96,56.06,57.19,53.6,56.83,50.0,48.86,52.88,58.99,45.32,43.18,64.03,39.21,38.26,8.27,15.15,31.82
2015-06-30,81.57,76.96,73.44,71.54,70.46,66.4,68.29,65.04,60.98,57.99,59.89,55.28,57.71,55.56,53.93,57.18,52.57,52.57,56.91,61.52,51.49,49.43,65.04,44.99,43.43,16.26,20.86,32.29
2015-07-01,73.22,67.6,63.5,61.12,61.82,55.1,55.94,55.94,49.89,49.03,52.28,47.29,47.49,48.81,48.16,50.98,42.95,41.32,46.22,54.45,37.74,37.67,54.45,30.15,28.31,7.81,10.73,24.43
2015-07-02,78.95,74.74,72.63,69.21,69.84,64.02,65.74,61.32,60.26,57.89,59.26,53.44,55.71,58.16,55.53,58.47,51.59,50.7,56.05,60.58,48.15,45.96,64.81,41.27,40.11,12.17,18.11,34.54
2015-07-06,76.87,71.89,69.75,67.62,69.4,65.12,66.54,61.57,60.5,59.79,60.5,54.09,56.77,57.65,56.23,59.07,50.89,53.01,59.79,61.21,51.25,51.13,64.77,42.35,45.11,11.74,21.8,40.6
2015-07-07,72.49,66.67,62.7,61.11,62.96,57.67,60.06,56.88,53.44,52.65,55.29,51.06,52.51,50.26,50.79,53.97,48.41,50.0,52.12,58.73,47.09,47.77,64.29,39.68,39.66,8.73,15.64,37.43
2015-07-08,86.47,83.72,82.45,81.4,80.97,74.63,75.67,75.26,72.73,70.4,70.82,64.69,65.85,69.77,67.65,66.6,58.77,60.71,66.6,69.34,56.66,59.38,72.94,51.59,54.46,20.72,31.03,44.2
2015-07-09,83.03,83.03,83.03,82.52,80.98,75.58,77.24,78.92,76.61,74.81,73.52,67.35,70.73,71.72,70.44,67.1,59.38,62.33,69.41,69.67,57.07,61.25,65.3,48.84,56.64,21.85,43.36,61.79
2015-07-10,71.58,66.1,63.01,61.3,62.33,59.25,61.37,57.88,56.16,56.51,57.19,53.42,55.6,56.51,56.51,56.16,50.68,52.35,60.27,60.27,51.03,51.99,60.27,41.78,42.6,11.3,22.74,41.52
2015-07-13,43.2,47.28,46.26,47.28,47.96,44.22,46.43,49.32,43.88,47.28,48.98,43.88,46.07,43.54,47.96,49.66,43.54,43.57,53.06,52.72,41.5,42.14,55.1,31.63,33.21,9.52,12.14,35.71
2015-07-14,23.98,31.63,32.4,38.27,41.58,35.97,37.0,47.19,42.86,45.92,46.68,42.6,44.77,39.29,46.17,47.96,42.86,43.7,53.32,53.32,41.84,42.9,56.12,32.65,34.05,9.44,13.4,35.92
2015-07-15,30.55,35.23,36.25,38.9,41.34,36.73,37.55,43.79,41.55,45.01,45.42,42.65,42.7,39.51,45.01,45.82,41.84,40.99,50.51,49.9,39.39,39.06,49.9,30.2,30.69,11.22,13.3,31.12
2015-07-16,15.58,18.59,15.08,17.59,22.61,18.18,18.88,24.12,19.35,27.89,33.67,27.27,27.13,14.32,29.15,40.7,27.78,26.33,42.71,44.97,31.82,29.52,47.74,26.52,23.94,8.33,10.37,22.61
2015-07-17,18.73,20.07,17.06,18.39,23.08,18.52,20.57,20.07,20.07,26.76,32.44,25.59,26.95,21.4,29.43,41.47,28.28,28.01,37.46,42.47,28.96,28.37,47.83,26.94,25.18,8.08,10.99,26.95
2015-07-20,18.82,22.04,21.51,22.04,22.58,18.92,18.64,24.73,20.43,24.19,34.41,27.03,24.86,20.43,27.96,38.17,27.57,25.99,36.02,43.01,28.65,27.68,47.31,20.54,20.34,8.11,10.17,22.6
2015-07-21,14.59,16.22,14.59,15.68,18.38,16.22,16.38,23.78,20.0,23.78,29.19,24.86,25.42,19.46,25.41,36.22,26.49,28.25,34.59,41.08,29.19,28.25,46.49,23.78,25.42,9.19,14.69,30.51
2015-07-22,26.91,24.07,26.26,28.67,25.05,25.93,29.64,25.82,31.29,39.17,28.57,28.35,34.35,35.23,42.89,28.57,26.81,36.57,46.83,22.86,24.18,33.8,9.01,13.63,22.99,31.21,41.0,49.86
2015-07-23,30.03,28.17,28.48,33.75,29.6,29.6,34.22,27.86,36.22,43.34,35.2,31.15,35.74,42.41,48.61,35.51,30.84,38.4,50.46,28.04,26.17,33.84,10.28,12.77,20.91,22.74,39.16,50.19
2015-07-24,45.83,40.62,45.14,46.53,43.01,41.61,43.04,36.81,45.83,48.61,44.06,40.91,45.22,54.17,50.69,42.66,37.76,46.09,51.04,31.12,26.92,38.7,12.94,13.99,29.13,21.33,41.3,58.26
2015-07-27,60.14,57.65,56.58,58.72,50.53,49.11,50.94,52.31,50.89,52.67,46.26,43.77,47.19,54.09,53.74,41.64,39.5,42.32,59.07,35.59,30.25,36.7,11.39,15.3,22.1,25.27,34.08,44.19
2015-07-28,35.39,33.24,35.39,35.66,32.17,30.83,33.9,32.98,36.46,39.41,34.32,32.17,34.46,44.5,47.72,32.44,28.95,32.2,50.4,25.2,25.2,28.25,8.04,12.6,17.8,24.13,29.94,37.57
2015-07-29,25.27,26.12,28.05,31.05,26.67,25.81,28.96,28.69,31.48,36.83,31.4,29.68,33.03,38.54,43.68,32.69,29.46,34.16,50.75,28.39,27.31,33.71,10.54,14.84,20.81,24.52,33.03,43.21
2015-07-30,20.37,25.59,26.11,27.94,24.67,23.88,24.86,30.29,31.07,36.55,30.18,28.61,32.32,33.68,42.56,28.08,28.08,31.22,51.7,24.41,26.77,32.04,8.66,14.96,19.34,30.18,33.98,36.74
2015-07-31,23.69,26.48,26.48,28.92,27.02,24.91,27.68,29.97,31.71,36.59,30.53,29.12,32.84,36.93,42.51,29.47,28.77,32.1,49.48,25.96,25.26,35.06,11.23,15.79,20.66,24.21,33.95,42.8
2015-08-03,26.41,27.11,31.34,32.75,28.87,25.35,30.48,32.75,36.62,40.14,32.39,29.23,32.34,40.85,44.72,31.34,27.11,31.97,48.59,25.0,21.83,27.51,10.56,13.03,17.1,20.07,28.25,37.55
2015-08-04,36.13,36.13,36.13,40.05,33.77,31.94,35.91,33.51,36.65,40.84,34.03,30.89,33.7,41.88,45.81,31.94,28.8,32.32,49.74,26.44,22.25,27.9,10.99,13.35,17.13,19.11,27.35,38.95
2015-08-05,28.87,30.33,32.85,36.19,31.17,31.38,33.33,34.1,35.56,41.63,34.52,32.64,35.1,34.94,46.23,33.26,31.17,33.33,51.46,29.71,27.62,30.91,10.46,14.64,18.32,23.43,29.58,36.2
2015-08-06,48.09,46.82,45.29,46.82,40.97,37.66,41.02,42.24,41.48,45.55,37.66,35.62,39.14,43.51,47.07,37.91,31.55,35.39,50.13,29.77,25.7,30.29,13.49,14.5,20.38,18.58,27.35,38.87
2015-08-07,47.12,43.73,44.41,45.76,40.0,37.97,40.0,38.64,41.69,46.44,37.29,34.58,38.57,48.47,48.47,37.29,31.53,33.93,50.17,26.78,22.37,26.79,9.49,11.86,15.0,16.95,26.07,37.86
2015-08-10,30.98,29.63,34.01,37.71,32.66,29.97,32.16,34.01,37.04,41.08,33.33,33.33,34.98,45.79,47.81,35.69,31.99,32.86,48.82,26.26,25.59,28.62,6.73,12.46,20.14,22.56,29.33,38.52
2015-08-11,49.75,50.25,52.02,51.26,46.21,44.7,47.21,50.76,49.24,50.51,42.93,42.93,44.83,52.78,51.01,42.17,39.65,42.18,52.27,31.06,31.57,33.16,10.61,18.69,24.67,30.81,34.75,39.26
2015-08-12,53.02,49.19,48.99,50.6,45.16,43.23,45.44,41.94,44.56,47.58,40.73,40.61,42.04,49.19,50.81,42.34,40.4,41.19,56.25,35.69,32.73,33.97,10.08,18.59,21.66,30.51,32.27,35.88
2015-08-13,55.47,49.0,47.01,48.26,43.28,41.75,42.89,37.81,39.8,45.02,37.06,37.25,38.68,43.28,48.26,39.8,38.25,38.68,54.23,31.84,30.0,33.68,8.71,15.0,20.53,30.5,34.47,37.63
2015-08-14,57.62,52.65,51.99,52.32,47.35,46.0,47.02,46.36,45.36,48.01,43.38,42.67,43.16,43.05,49.34,41.72,40.33,40.0,56.62,37.09,32.67,35.44,11.59,17.33,20.0,27.0,30.18,35.09
2015-08-17,42.02,44.68,45.21,47.34,42.02,42.25,41.34,46.81,48.4,48.94,40.96,40.64,42.46,46.81,48.4,40.43,38.5,39.11,54.79,33.51,29.95,31.84,9.57,13.37,19.55,26.74,34.08,39.11
2015-08-18,56.68,48.66,51.34,54.01,49.73,47.59,48.6,36.36,45.99,47.06,42.25,41.71,43.02,52.94,51.87,44.39,42.78,44.69,56.68,37.43,34.76,38.55,13.9,18.18,23.46,27.27,32.96,35.75
2015-08-19,59.13,59.35,59.35,53.26,51.31,50.66,50.55,56.74,58.04,49.13,46.72,46.72,48.35,60.0,41.09,39.08,41.92,40.66,13.48,20.52,27.73,28.57,31.44,37.99,36.54,39.96,36.54,17.03
2015-08-20,81.9,78.22,76.07,71.17,68.21,66.36,63.91,70.25,68.4,59.82,57.41,56.79,58.65,67.48,50.61,50.93,52.16,54.14,24.85,29.94,38.27,41.35,40.43,46.91,43.98,46.6,43.61,29.7
2015-08-21,94.85,92.1,91.41,89.0,86.51,85.12,80.26,86.94,85.57,75.26,67.13,65.4,65.67,80.41,61.86,57.79,56.75,58.8,43.99,44.29,47.75,50.21,41.52,49.48,48.07,51.56,45.92,33.91
2015-08-24,98.94,98.94,97.89,97.89,97.54,96.83,95.56,93.66,95.07,94.72,93.66,92.25,91.11,93.31,91.55,90.14,85.56,85.93,79.23,78.87,74.3,72.59,79.58,72.54,66.3,61.62,59.26,55.93
2015-08-25,98.94,98.41,97.88,97.88,97.08,96.29,96.09,93.1,95.23,93.9,93.1,92.04,91.06,95.76,92.31,89.92,88.06,87.43,75.33,75.07,71.62,72.07,73.74,68.97,68.44,68.7,69.27,63.97
2015-08-26,97.88,95.97,97.03,96.19,95.32,94.68,93.06,91.95,93.01,91.95,91.06,90.43,88.37,95.76,92.16,88.09,84.68,85.91,69.92,68.09,65.74,66.67,66.17,64.68,65.1,68.09,65.32,55.93
2015-08-27,98.45,97.16,97.42,97.16,96.1,96.1,94.26,92.76,93.02,91.21,90.13,89.87,87.7,93.8,87.34,81.56,80.26,80.05,61.5,63.12,63.38,65.03,66.75,66.49,64.75,72.99,62.3,45.36
2015-08-28,98.28,96.21,95.86,94.83,94.79,94.44,91.97,90.0,90.69,88.28,86.46,84.03,83.94,91.38,78.97,76.39,76.04,74.45,60.34,63.54,62.85,63.87,69.79,67.36,63.5,69.44,61.31,43.8
2015-08-31,98.26,97.91,96.17,96.52,95.47,94.77,93.01,93.03,91.29,89.55,88.85,89.2,87.87,91.64,85.37,83.97,81.53,83.82,68.29,65.85,67.94,70.59,64.11,70.38,71.32,76.31,75.0,63.6
2015-09-01,98.45,98.19,97.93,96.63,96.63,96.37,95.9,93.52,94.04,92.49,91.97,91.19,90.71,93.78,89.12,88.08,87.82,87.7,75.39,73.32,76.68,77.32,68.91,75.65,77.6,81.09,81.69,71.86
2015-09-02,96.48,94.0,93.58,91.93,91.1,91.51,90.61,90.68,90.06,87.78,86.34,84.68,85.37,88.2,82.19,79.3,78.88,80.35,64.8,61.9,66.46,69.21,62.73,70.39,70.52,78.47,76.42,64.63
2015-09-03,95.72,92.44,91.18,90.18,89.92,89.17,87.8,88.41,88.66,86.4,83.63,82.37,83.29,87.15,81.36,78.59,78.59,80.37,64.74,62.22,66.25,70.56,63.22,69.52,70.82,74.81,77.19,71.35
2015-09-04,96.64,96.31,95.3,94.63,94.63,94.3,93.64,92.62,92.95,92.28,92.28,91.61,90.11,93.96,90.94,89.6,88.59,89.75,76.51,78.86,80.2,81.63,76.51,78.52,82.33,80.54,80.92,75.62
2015-09-08,91.48,89.47,88.97,89.22,87.97,87.72,86.32,85.46,89.72,86.47,84.46,83.71,83.16,90.73,84.21,81.2,80.45,82.11,67.67,69.17,72.18,72.89,68.92,74.69,73.95,77.69,77.63,66.05
2015-09-09,94.4,92.6,91.0,90.2,90.0,89.98,88.63,89.2,90.4,89.0,88.8,87.37,86.53,91.2,86.6,84.0,82.97,85.05,71.2,74.2,75.35,76.21,75.2,77.15,79.37,77.35,78.32,69.05
2015-09-10,93.1,90.89,89.16,89.41,88.92,88.86,87.5,85.96,88.92,86.21,83.5,82.43,82.55,88.92,82.76,79.8,79.21,80.99,69.95,69.21,70.79,71.88,66.5,71.53,71.35,73.76,74.74,67.97
2015-09-11,90.82,87.54,87.54,86.89,86.23,84.49,82.29,83.28,86.56,81.97,80.33,79.54,77.78,86.56,78.69,78.03,76.57,78.12,64.92,63.93,66.67,67.36,61.97,68.65,65.28,73.27,69.79,59.72
2015-09-14,86.32,87.37,87.37,86.84,86.84,85.71,85.08,86.32,86.84,86.32,82.63,80.42,79.01,84.21,81.58,77.89,76.19,78.45,71.05,68.95,70.9,72.38,68.95,72.49,72.93,76.19,73.48,63.54
2015-09-15,95.24,91.01,88.36,88.89,86.77,86.77,85.64,72.49,75.66,70.9,68.78,67.72,70.72,78.31,68.78,65.08,62.43,64.64,59.79,57.14,58.2,59.67,52.91,60.32,61.88,65.61,60.22,49.72
2015-09-16,71.96,74.17,70.48,68.27,68.27,65.68,66.2,78.6,67.16,64.21,61.99,56.83,62.91,56.46,53.14,56.46,52.4,58.69,47.23,58.3,50.92,58.69,65.68,51.66,61.5,36.16,47.42,65.26
2015-09-17,90.44,88.97,82.35,78.31,76.1,74.26,76.17,82.35,72.43,69.85,67.28,65.44,68.69,62.13,57.72,59.56,56.62,61.21,54.78,62.87,56.99,62.62,69.12,56.62,64.49,44.85,52.8,60.75
2015-09-18,91.94,90.48,87.55,81.68,79.49,78.39,79.07,83.52,76.92,71.79,71.43,69.96,71.16,63.37,61.54,62.27,59.71,67.44,60.81,64.1,62.64,69.77,69.23,60.07,71.16,53.48,66.51,72.09
2015-09-21,75.55,75.91,71.17,69.71,69.71,67.15,67.59,75.55,67.15,64.6,63.5,60.22,64.35,59.12,55.84,57.3,55.47,60.65,53.28,60.95,55.11,60.19,65.33,54.01,62.96,44.89,52.78,60.65
2015-09-22,91.35,90.0,88.11,84.59,83.24,79.46,80.2,86.49,78.65,74.86,74.05,70.81,72.01,63.24,62.43,65.14,60.27,67.58,59.19,65.95,61.62,68.6,74.59,60.0,70.31,44.86,63.82,73.72
2015-09-23,89.53,88.25,84.62,80.34,79.61,76.61,76.61,82.91,75.85,70.73,71.46,68.03,70.16,63.25,61.32,63.3,59.23,65.32,59.62,64.81,59.66,65.59,71.89,57.08,67.2,41.42,58.33,68.55
2015-09-24,88.48,87.88,86.06,84.85,82.62,78.96,77.78,83.33,75.45,72.12,71.34,68.6,69.26,61.52,63.03,63.72,60.06,66.3,65.45,65.24,61.59,65.56,68.6,56.71,65.93,44.51,60.74,66.3
2015-09-25,87.07,88.1,86.39,85.71,85.62,79.79,80.08,86.05,78.23,75.85,73.63,71.58,72.88,61.56,62.93,65.07,60.96,68.22,65.31,68.49,64.04,69.49,74.32,60.62,69.07,47.26,65.68,77.54
2015-09-28,94.08,93.38,89.2,89.55,89.55,89.2,87.18,88.5,86.06,82.58,81.88,78.05,81.32,68.64,66.55,69.69,66.9,68.5,66.9,71.78,64.11,67.03,76.66,65.16,67.4,56.1,64.1,72.16
2015-09-29,93.96,92.13,88.98,88.71,88.71,86.61,85.64,88.45,84.78,78.48,76.64,75.85,79.56,65.88,65.62,66.67,63.78,67.13,64.83,66.14,62.47,65.47,73.75,62.47,66.02,57.48,64.92,69.61
2015-09-30,91.19,89.94,88.26,85.95,84.84,83.58,83.85,86.58,79.87,74.0,72.42,69.26,74.34,62.26,60.59,62.11,58.53,62.39,60.17,64.21,59.16,65.27,73.47,57.47,66.37,48.21,64.82,82.74
2015-10-01,90.54,89.51,86.96,84.65,83.03,79.43,80.27,83.38,72.12,69.31,68.38,65.3,67.57,59.08,57.29,59.13,57.33,60.81,59.08,61.44,58.35,62.97,63.24,54.76,61.08,51.67,58.38,66.22
2015-10-02,89.76,88.05,84.3,80.2,78.01,76.29,77.26,80.89,67.92,63.48,60.82,58.42,62.09,54.95,51.54,54.3,53.61,57.76,51.54,59.11,54.98,59.57,61.17,52.92,56.68,44.67,51.99,57.76
2015-10-05,87.93,86.21,79.31,75.52,74.14,70.34,73.09,76.21,62.76,61.03,58.97,54.83,58.18,48.97,49.31,52.76,49.66,53.82,50.69,55.86,52.76,57.82,57.24,51.03,57.09,35.52,47.64,57.82
2015-10-06,87.18,85.9,80.51,77.44,75.9,71.54,74.32,77.69,64.1,62.31,62.05,58.46,63.78,50.77,51.28,53.33,51.79,56.49,52.82,57.18,55.13,60.54,58.72,54.1,59.19,43.85,54.86,67.3
2015-10-07,85.45,84.02,77.05,73.98,71.93,68.85,70.63,75.0,62.5,57.17,58.81,54.92,58.1,47.54,48.16,51.02,49.39,52.48,49.8,55.12,53.07,54.86,61.07,53.28,56.8,34.84,44.92,51.62
2015-10-08,76.81,74.06,67.08,63.09,63.09,61.6,64.3,66.08,55.86,52.37,52.87,52.37,56.69,44.39,46.38,48.63,48.38,51.44,48.63,53.12,50.37,54.07,54.36,48.63,55.12,34.91,48.56,59.06
2015-10-09,75.08,70.1,63.79,59.47,59.8,58.8,62.59,60.8,52.16,50.5,51.16,50.83,53.5,34.22,44.85,48.17,48.17,50.7,50.5,53.82,50.83,54.9,52.49,48.5,54.2,35.22,49.3,60.14
2015-10-12,70.53,66.89,61.59,57.95,57.95,55.96,58.33,61.26,50.33,47.02,47.35,47.35,49.31,31.46,36.42,44.37,42.38,45.49,40.07,46.69,45.03,47.22,51.66,45.7,48.61,31.46,41.32,46.88
2015-10-13,72.7,72.7,68.98,66.25,66.25,64.02,65.89,68.24,59.8,58.06,58.81,55.58,57.81,48.64,50.37,50.62,51.36,53.91,55.58,56.33,52.61,55.73,59.55,52.85,56.25,44.42,48.96,48.18
2015-10-14,72.48,71.88,67.52,65.35,64.55,62.5,64.79,65.15,56.04,56.04,55.25,52.78,55.83,43.37,48.71,49.7,50.79,53.75,54.26,55.45,51.79,56.25,60.2,51.19,57.29,38.69,51.46,65.0
2015-10-15,66.34,65.85,56.83,56.34,56.83,55.39,57.47,60.24,45.12,45.12,45.61,46.57,49.48,20.98,36.1,43.41,43.87,46.13,42.68,49.51,47.79,48.45,52.93,47.3,48.97,33.09,41.75,44.33
2015-10-16,56.49,53.9,47.73,45.45,49.03,48.69,51.89,53.9,40.91,41.88,44.81,45.42,48.8,17.86,35.06,43.83,44.44,47.42,43.51,50.32,48.37,50.86,56.17,47.39,50.17,30.39,41.92,48.45
2015-10-19,67.71,55.73,48.96,50.52,49.48,48.17,51.37,43.23,28.65,32.29,38.54,38.74,39.34,14.06,22.92,35.94,38.22,38.25,40.1,45.83,45.03,45.9,50.0,45.03,44.26,33.51,36.61,34.43
2015-10-20,58.12,59.16,53.93,54.45,52.88,51.31,56.28,57.07,48.17,45.03,46.07,45.55,50.27,24.61,37.7,42.93,43.46,46.99,49.21,49.21,48.17,48.63,51.31,47.12,48.09,34.55,42.08,44.26
2015-10-21,67.52,63.06,59.02,60.93,56.29,57.14,60.0,49.04,50.96,52.23,51.17,51.81,57.87,55.84,57.11,51.39,52.24,59.73,63.69,50.75,51.39,61.07,34.12,45.42,60.0,51.6,70.93,81.6
2015-10-22,51.65,39.94,41.14,43.84,42.9,43.81,42.86,23.72,32.73,41.14,41.39,42.3,41.39,43.84,48.35,45.92,47.73,46.89,52.55,47.43,44.71,47.25,32.63,37.46,37.0,38.37,38.83,31.5
2015-10-23,60.61,50.17,49.83,50.84,48.14,48.47,50.63,30.98,39.06,44.44,45.08,46.44,48.95,48.15,49.16,47.8,50.17,53.14,53.2,48.47,47.46,51.88,33.9,41.36,47.7,42.71,49.79,51.46
2015-10-26,53.45,37.24,37.59,40.0,39.31,40.69,43.12,13.45,24.83,32.76,32.41,35.17,37.32,42.07,48.28,45.17,45.52,46.38,54.83,44.83,46.21,46.74,28.62,37.59,39.49,44.48,44.93,39.86
2015-10-27,49.35,32.73,34.29,35.06,37.4,38.7,39.62,12.99,23.64,30.13,31.43,34.81,35.79,41.56,46.23,45.45,46.49,46.72,52.73,44.94,48.31,46.72,35.58,43.64,41.53,51.17,43.72,32.79
2015-10-28,51.04,45.64,43.36,45.85,43.75,45.0,45.73,34.23,36.72,40.66,41.67,44.17,43.11,42.74,47.1,45.42,46.46,45.73,52.28,44.79,47.92,44.64,33.96,43.33,39.61,50.42,40.48,26.04
2015-10-29,55.19,53.92,48.61,49.62,48.09,49.62,50.8,50.13,42.03,45.06,44.78,48.6,49.73,34.18,42.53,41.22,45.8,45.72,53.42,45.04,51.15,47.86,34.61,45.8,44.39,55.73,46.52,31.02
2015-10-30,64.03,65.83,64.03,62.95,60.07,39.93,,65.47,59.71,57.55,56.47,27.34,,51.8,53.6,53.6,7.91,,56.83,57.91,2.52,,55.04,0.0,,0.0,,
2015-11-02,57.0,48.12,46.08,47.78,45.05,45.73,46.76,26.62,31.06,37.2,37.88,38.23,41.01,39.59,45.39,43.0,45.05,46.76,49.83,44.71,45.05,46.04,35.49,40.96,39.93,47.1,43.88,36.33
2015-11-03,55.08,49.49,47.46,50.51,46.95,48.48,51.34,31.98,34.52,42.39,40.86,43.15,45.99,41.37,47.21,44.67,46.7,49.47,52.79,46.45,47.21,50.53,28.43,41.62,48.13,52.03,55.08,53.48
2015-11-04,62.07,54.36,53.75,53.96,51.93,52.74,55.77,41.18,41.78,46.45,45.44,46.86,50.64,47.06,49.29,48.68,49.49,51.92,53.96,51.32,52.13,55.13,41.78,46.65,53.63,52.54,55.98,57.69
2015-11-05,56.05,49.38,45.43,47.65,45.68,47.65,48.57,32.59,33.58,39.26,39.26,40.74,43.9,35.31,44.94,44.2,46.17,48.31,51.11,47.16,46.91,48.83,35.56,42.72,45.19,46.91,48.83,44.16
2015-11-06,55.26,46.05,42.11,44.41,44.08,44.74,45.33,27.3,29.28,35.53,36.18,36.18,40.14,33.55,44.41,43.42,44.41,44.98,50.33,44.41,45.07,47.06,31.91,40.46,40.83,46.71,45.67,35.64
2015-11-09,70.16,64.59,62.95,62.3,59.34,59.02,62.2,56.72,53.44,54.43,51.15,51.48,53.26,52.79,53.44,48.85,51.15,53.61,58.03,49.18,51.8,54.64,39.67,48.85,51.2,58.03,54.3,42.96
2015-11-10,62.9,57.99,55.04,55.77,52.33,52.83,55.93,47.67,43.73,47.67,44.96,46.93,49.23,43.73,48.89,45.45,48.16,50.52,54.55,45.45,49.39,51.55,35.63,45.21,45.62,50.12,49.23,39.95
2015-11-11,66.67,65.1,61.37,60.78,57.84,58.55,60.21,56.86,52.75,53.73,48.04,49.9,52.37,49.61,50.59,46.86,49.71,51.75,55.1,47.25,50.1,52.78,39.8,45.19,47.42,46.76,49.69,44.12
2015-11-12,76.81,74.64,72.46,71.5,68.6,68.45,68.11,64.98,59.42,60.14,58.45,58.25,59.44,55.07,57.0,51.93,53.4,55.1,62.8,52.9,54.61,56.63,44.69,53.16,55.36,63.83,56.38,41.84
2015-11-13,85.85,81.99,79.1,79.42,78.46,76.38,75.17,70.1,68.17,65.92,65.27,64.08,68.03,60.13,63.67,59.16,59.87,62.24,66.24,62.06,59.55,61.9,55.63,56.63,59.86,58.9,58.84,59.18
2015-11-16,82.99,78.35,76.8,74.23,71.65,69.95,71.35,58.25,57.73,58.25,56.19,56.99,56.76,60.31,59.79,53.09,54.92,55.14,63.92,53.61,54.4,56.22,43.3,51.3,50.27,58.03,55.68,44.86
2015-11-17,84.97,82.9,80.83,80.83,76.17,75.13,74.05,69.95,66.32,64.77,62.69,62.18,62.16,60.62,59.59,52.85,54.92,55.14,62.18,52.85,53.37,54.59,44.04,49.74,47.57,51.3,49.73,39.46
2015-11-18,62.95,62.95,62.95,58.53,57.51,56.66,57.67,55.58,59.37,52.63,54.33,53.7,56.88,62.95,53.05,54.33,52.43,56.08,39.16,47.36,46.51,49.74,53.91,50.74,51.59,42.49,42.86,41.01
2015-11-19,61.61,62.5,63.39,60.42,60.18,59.58,59.78,58.33,61.61,56.85,58.08,56.89,59.42,62.2,56.25,57.78,55.69,58.33,47.02,55.09,53.59,53.99,56.89,52.99,56.52,45.81,46.74,43.12
2015-11-20,52.0,52.0,53.0,51.0,53.69,53.36,54.55,51.0,53.0,49.67,51.34,52.35,55.37,58.33,48.33,52.35,53.36,55.79,39.67,50.34,50.34,51.24,55.03,52.68,54.96,48.99,46.28,42.15
2015-11-23,51.19,48.81,48.81,47.1,47.78,48.46,49.82,42.66,46.42,41.3,47.1,48.46,49.82,55.97,41.64,47.78,49.15,48.39,33.45,43.0,44.37,43.37,50.17,50.51,47.67,44.37,40.5,33.33
2015-11-24,50.13,48.84,48.59,48.59,49.61,50.13,51.62,46.02,48.33,47.56,50.13,51.67,53.24,57.07,49.61,51.67,52.19,52.7,39.07,48.84,50.13,48.65,51.41,51.41,50.81,45.76,41.35,34.59
2015-11-25,44.65,43.0,42.8,39.71,41.53,42.56,43.82,35.8,40.74,38.27,41.94,43.8,43.17,52.67,40.12,45.45,45.66,45.55,32.51,40.7,40.5,40.56,46.28,47.93,45.12,42.56,38.83,30.8
2015-11-27,50.84,49.16,48.48,47.14,46.78,47.8,49.11,43.77,44.78,42.09,45.42,47.46,49.47,54.88,43.77,47.46,47.12,47.69,34.68,41.36,41.69,42.7,48.14,46.44,46.62,41.69,40.93,39.5
2015-11-30,57.09,53.04,54.73,52.36,51.69,52.7,53.38,43.24,47.64,45.95,47.3,46.96,48.75,53.72,47.64,48.99,48.65,48.4,39.53,46.62,46.28,44.48,49.32,49.66,44.84,47.64,36.3,22.78
2015-12-01,48.74,45.48,48.49,46.23,45.48,45.98,45.77,39.2,44.22,42.71,43.72,44.47,44.18,51.76,43.22,45.48,46.23,45.77,33.17,41.21,39.95,39.68,46.73,43.47,38.89,39.95,32.8,25.13
2015-12-02,57.43,54.82,55.62,53.21,52.21,52.01,53.7,48.39,50.8,46.79,47.59,47.19,49.05,56.02,47.19,49.0,48.59,48.84,35.94,43.98,43.78,43.55,49.2,47.59,45.03,41.37,34.88,29.81
2015-12-03,75.06,67.48,66.75,62.35,62.1,62.35,64.27,55.99,58.19,54.03,53.79,54.52,56.81,61.61,53.06,53.55,53.3,55.01,45.23,52.57,53.06,52.19,53.06,54.52,54.24,49.14,46.53,35.48
2015-12-04,44.3,44.63,46.58,45.28,46.91,48.86,48.29,43.97,48.53,46.58,45.6,46.58,47.6,56.03,46.25,48.21,48.86,48.97,33.55,43.32,44.63,43.49,49.19,49.19,43.84,44.3,33.9,25.0
2015-12-07,54.55,54.22,55.52,53.57,53.25,53.57,54.08,57.14,56.82,53.25,51.95,50.97,50.68,58.77,50.97,50.65,51.3,50.34,38.31,44.48,47.4,45.24,50.0,50.0,41.84,44.48,34.35,21.77
2015-12-08,68.61,67.88,68.86,64.96,63.26,62.04,63.27,63.5,63.75,58.39,57.18,55.47,55.87,62.29,54.99,53.28,52.8,54.85,43.07,47.93,50.36,50.51,51.09,52.07,49.74,47.45,44.64,35.46
2015-12-09,78.83,77.67,76.31,73.98,72.82,70.23,70.0,69.51,69.71,64.66,64.08,61.87,64.08,65.63,59.61,57.67,56.03,56.73,52.04,53.98,53.11,54.9,56.31,55.45,56.12,51.36,46.73,37.96
2015-12-10,83.01,78.71,77.03,74.64,73.92,70.43,70.45,66.51,67.22,61.72,61.48,60.1,61.11,65.79,57.89,55.5,54.33,55.05,48.8,51.44,51.92,54.04,54.31,55.29,54.55,55.77,47.22,35.1
2015-12-11,95.54,93.63,90.45,89.81,89.17,89.1,88.55,86.94,85.99,82.17,81.53,78.85,80.81,80.25,76.11,78.03,71.79,79.8,68.79,71.97,68.27,75.42,76.43,66.67,80.47,59.29,79.46,87.21
2015-12-14,94.9,91.33,88.78,89.8,88.78,88.21,86.1,78.57,80.1,75.0,75.0,71.28,73.26,78.57,72.45,68.88,64.62,66.31,62.76,61.22,61.03,61.5,61.73,61.03,62.03,62.05,57.75,47.06
2015-12-15,94.36,88.72,87.18,85.64,85.13,83.59,82.35,67.69,71.28,67.69,66.67,64.62,66.84,70.77,65.64,63.08,60.51,62.03,57.95,59.49,56.92,57.22,61.03,58.97,56.15,51.28,49.73,39.57
2015-12-16,61.79,64.29,61.79,61.07,58.21,56.43,58.37,63.21,58.57,55.36,55.36,53.21,58.82,51.79,53.93,52.5,47.86,55.66,57.14,55.0,46.79,56.11,47.14,44.64,53.85,33.57,44.34,64.25
2015-12-17,70.82,71.89,67.62,67.62,66.19,63.35,65.32,68.33,63.35,63.7,59.43,55.52,62.61,56.23,56.58,56.58,52.31,60.36,63.7,59.79,51.6,62.16,50.18,47.33,60.81,36.3,62.61,82.88
2015-12-18,75.53,76.6,73.05,73.4,71.99,69.86,71.75,79.43,69.15,69.86,66.31,64.89,69.06,62.06,65.25,59.93,58.16,64.57,67.02,63.12,58.51,68.61,53.55,53.19,65.92,48.23,66.82,79.37
2015-12-21,65.72,65.72,65.37,65.02,60.07,58.3,61.61,63.25,61.48,58.66,55.48,54.06,58.93,55.48,54.77,53.0,51.24,58.04,57.24,54.06,49.82,58.04,45.23,46.64,56.7,40.28,59.82,74.55
2015-12-22,57.59,62.04,56.02,57.07,54.45,53.93,56.25,61.26,52.62,52.09,52.88,50.52,55.92,46.86,49.21,49.48,47.91,54.61,53.66,53.93,46.6,54.93,45.55,41.62,52.96,33.77,46.38,68.42
2015-12-23,55.69,62.73,56.94,56.73,55.51,55.09,57.77,63.98,55.9,54.04,55.3,53.22,58.29,47.0,48.65,50.52,49.48,56.22,53.0,55.93,49.27,58.29,51.56,47.61,58.55,36.59,52.59,72.8
2015-12-24,63.24,69.41,65.59,64.41,61.83,60.06,61.07,68.24,62.06,60.59,59.47,56.8,61.79,54.12,54.71,55.33,52.66,58.21,60.0,60.06,52.66,60.0,49.41,47.63,58.21,37.57,54.64,71.79
2015-12-28,63.51,66.22,62.5,61.82,62.5,59.8,62.41,64.86,57.43,55.07,56.08,54.73,59.22,48.65,50.68,52.7,50.68,56.38,53.38,55.41,51.69,56.38,50.0,46.96,52.13,32.77,45.74,55.32
2015-12-29,61.22,65.31,60.71,59.95,58.16,56.63,61.13,65.31,57.65,54.85,54.85,53.06,57.37,48.47,50.51,50.26,48.72,51.47,53.57,53.83,47.45,53.08,45.66,41.33,46.92,29.34,43.16,55.5
2015-12-30,67.96,71.63,67.14,66.12,64.34,62.09,66.45,69.8,62.86,60.41,57.79,56.15,60.22,52.86,53.67,53.07,52.66,58.06,59.59,56.97,52.87,58.92,47.13,44.67,54.19,33.81,50.32,65.38
2015-12-31,71.57,72.57,69.08,68.08,65.41,64.16,67.89,70.07,62.84,62.34,59.4,57.39,61.32,53.62,56.61,54.39,54.64,58.68,64.34,59.4,56.14,59.47,47.87,47.12,55.26,40.85,52.63,61.84
2016-01-04,85.95,85.62,81.94,79.93,77.26,74.25,77.46,79.26,69.9,68.23,67.89,64.55,66.9,58.19,58.19,57.53,56.52,61.27,64.55,59.87,57.53,63.03,55.52,53.51,59.51,42.81,56.34,71.83
2016-01-05,83.08,83.83,79.6,79.1,75.62,71.39,73.82,79.6,72.39,69.15,66.92,63.18,65.71,58.21,59.2,56.72,53.98,58.9,65.42,58.21,55.97,60.47,50.0,45.52,55.5,37.81,51.57,63.09
2016-01-06,88.67,87.48,85.49,83.7,82.31,78.13,79.08,81.11,75.55,72.76,70.18,67.4,71.34,62.43,63.42,61.43,58.45,62.34,67.99,61.83,58.85,63.6,57.65,54.27,59.83,43.14,55.23,67.15
2016-01-07,96.13,93.7,90.8,90.8,90.31,88.86,87.28,91.04,87.41,86.44,84.5,80.39,82.19,78.69,79.42,75.79,69.98,73.54,77.97,75.54,67.31,72.26,67.31,60.53,65.14,55.21,64.63,76.59
2016-01-08,97.1,97.1,93.87,93.87,92.9,92.26,91.53,92.26,89.68,88.71,87.42,84.84,86.44,81.94,84.19,81.61,74.84,78.64,83.55,80.0,70.65,73.56,67.1,59.35,64.75,54.19,64.75,76.95
2016-01-11,94.21,90.68,88.75,89.07,87.78,85.85,83.5,86.82,83.6,81.99,79.74,75.56,77.1,73.63,73.95,70.74,66.24,71.72,74.92,71.38,63.99,68.69,61.41,56.27,62.29,50.8,61.62,74.75
2016-01-12,91.57,89.4,87.95,86.27,85.06,82.65,82.07,84.58,81.69,81.69,79.28,74.22,75.25,73.49,74.22,70.84,65.54,69.44,75.66,71.33,63.86,67.17,61.69,55.66,60.61,49.88,57.32,66.16
2016-01-13,94.62,93.08,90.38,90.0,89.81,88.82,88.48,89.62,88.46,88.65,86.73,83.82,84.44,81.35,81.15,80.96,77.84,80.4,80.96,79.62,74.57,79.19,79.04,67.44,71.52,58.77,68.89,78.99
2016-01-14,93.36,91.47,88.39,89.1,88.63,87.86,86.0,87.2,84.83,84.6,82.94,80.24,80.0,78.91,77.96,78.91,72.38,77.25,79.62,77.73,71.19,73.75,66.11,60.0,65.25,56.19,66.5,78.25
2016-01-15,95.9,95.27,93.06,93.06,92.11,91.43,91.33,90.85,89.91,90.54,91.48,89.21,88.33,84.23,87.7,85.8,82.22,85.67,87.7,85.49,81.9,87.0,82.65,75.24,82.67,66.03,79.33,85.67
2016-01-19,91.84,92.35,90.31,89.8,90.31,90.31,89.36,89.8,89.29,89.8,91.33,88.78,89.89,84.69,87.76,90.31,85.2,87.23,84.69,86.22,82.14,85.64,86.22,79.59,83.51,64.8,78.19,82.98
2016-01-20,91.34,91.13,91.13,90.72,90.27,90.06,87.89,87.84,89.69,90.52,87.37,87.37,83.25,89.69,88.87,83.44,84.89,82.22,82.06,78.47,79.5,76.29,72.67,76.81,74.48,82.61,73.2,51.8
2016-01-21,89.77,90.64,90.06,90.64,89.71,90.0,86.17,88.3,90.06,90.94,89.41,87.94,85.11,89.47,90.06,83.53,84.71,82.62,85.38,78.24,79.71,78.37,67.65,75.29,74.11,83.82,75.18,58.51
2016-01-22,86.56,85.57,86.23,86.23,85.81,82.84,78.54,80.98,83.28,80.66,76.57,74.26,73.68,85.9,82.3,76.57,72.61,70.45,72.46,65.68,67.66,65.99,61.72,61.39,62.75,65.68,61.94,45.75
2016-01-25,88.96,88.29,88.29,88.63,87.29,87.63,85.26,84.95,86.96,86.29,82.94,83.28,82.46,87.63,85.95,79.26,80.6,80.0,79.6,72.91,75.25,70.53,62.88,70.9,64.56,80.6,70.18,48.77
2016-01-26,89.39,87.37,88.13,87.12,85.1,85.35,84.08,81.31,83.84,80.81,75.76,77.02,77.19,83.84,81.06,73.48,74.75,72.41,72.73,65.66,67.68,65.78,59.85,64.39,62.33,77.78,62.07,40.85
2016-01-27,90.08,89.07,88.87,88.66,87.8,87.6,85.29,84.01,86.23,84.62,80.89,81.91,82.3,83.4,81.78,76.22,77.85,77.61,77.94,71.95,74.59,71.43,65.04,72.76,67.59,80.49,71.64,49.89
2016-01-28,90.1,89.36,89.11,88.86,86.82,86.07,85.12,83.17,85.64,82.18,77.11,79.1,80.68,83.17,80.69,73.63,76.87,75.46,76.24,66.67,71.89,68.67,59.95,69.65,65.8,81.84,72.58,44.65
2016-01-29,85.1,83.44,83.77,83.11,80.0,80.33,79.72,74.5,75.83,76.16,71.33,73.67,72.38,78.15,76.49,69.67,72.0,68.18,76.82,65.33,69.0,66.43,55.33,66.33,60.14,83.0,65.03,32.17
2016-02-01,85.43,85.1,85.76,84.77,82.78,82.12,80.14,78.81,82.12,77.15,74.5,74.5,75.26,81.13,77.15,70.53,71.19,70.38,71.52,65.89,66.89,65.85,59.27,65.56,61.32,76.16,57.84,30.31
2016-02-02,89.9,89.41,88.42,87.68,87.44,87.44,86.01,83.25,85.71,84.73,80.54,81.03,81.61,84.48,81.53,78.57,80.3,77.98,76.85,72.66,75.12,73.06,62.32,74.14,67.88,82.27,70.98,44.82
2016-02-03,88.19,86.61,86.61,86.02,85.24,85.63,82.82,79.53,83.07,81.3,78.15,79.72,78.67,82.28,80.31,77.17,78.94,75.57,76.18,72.44,75.2,72.26,63.19,74.02,66.25,82.48,70.19,42.44
2016-02-04,87.53,85.85,85.61,84.65,83.69,84.17,82.12,78.9,82.97,80.82,77.94,78.9,78.84,82.97,80.34,76.74,79.14,76.07,74.82,70.74,73.62,72.8,63.55,73.62,68.51,81.29,72.8,49.62
2016-02-05,89.14,88.18,88.5,86.58,85.3,85.3,84.56,80.83,83.71,82.43,78.27,79.55,80.54,82.11,80.83,77.32,79.55,78.19,74.12,72.2,74.76,73.15,63.58,73.48,69.8,81.15,74.16,53.36
2016-02-08,92.99,89.81,88.85,88.85,88.54,88.85,87.33,86.62,88.54,87.58,84.71,85.67,84.0,85.99,85.35,82.17,83.76,84.0,81.85,77.39,80.89,79.33,69.43,82.48,75.0,86.94,79.0,47.33
2016-02-09,94.27,91.65,90.21,89.98,89.74,90.21,88.75,88.54,89.26,88.31,87.83,87.83,86.25,86.16,84.73,83.53,84.96,84.75,80.67,79.0,82.58,80.25,78.04,83.77,79.75,86.16,78.25,44.25
2016-02-10,93.9,91.24,90.48,90.48,90.29,90.27,89.0,87.81,89.71,89.33,88.95,88.74,86.8,88.0,88.38,85.52,86.83,86.2,84.19,80.76,84.54,82.4,72.0,82.63,77.0,85.88,78.6,48.6
2016-02-11,96.24,95.07,92.49,92.49,91.78,92.22,91.34,88.03,90.14,90.38,90.85,90.8,88.12,89.67,89.2,88.97,88.92,87.38,85.21,84.74,86.56,86.88,79.81,84.91,84.16,87.5,83.17,60.64
2016-02-12,94.38,90.62,88.12,88.75,88.44,89.31,88.12,83.12,85.31,85.31,84.69,85.22,83.83,84.06,83.44,82.81,84.59,84.49,81.56,81.88,84.59,82.51,82.5,84.91,82.18,83.65,78.88,52.81
2016-02-16,84.77,83.76,84.26,84.77,85.28,84.77,84.13,78.17,82.74,80.71,79.7,79.7,79.37,82.23,81.73,79.19,81.73,79.37,79.19,78.68,81.22,78.84,72.59,82.23,76.72,85.28,75.13,47.09
2016-02-17,75.82,77.66,76.84,75.61,75.51,74.28,74.68,79.1,77.46,76.02,76.34,73.05,74.94,77.66,73.36,77.16,70.16,72.63,69.47,78.6,69.34,73.4,82.92,66.26,73.15,44.24,64.19,78.01
2016-02-18,70.72,74.2,74.49,74.2,74.05,72.59,73.33,75.65,75.94,73.91,74.64,73.18,74.39,80.0,73.04,77.26,69.97,73.33,66.38,77.55,70.26,72.63,85.42,71.72,75.44,51.6,65.61,76.14
2016-02-19,70.78,74.03,73.38,72.73,72.88,71.57,70.8,74.35,71.75,69.48,71.57,68.63,68.8,70.45,68.18,71.9,67.32,68.0,64.29,74.18,66.01,69.2,80.39,65.69,69.6,49.02,62.8,71.2
2016-02-22,62.58,65.56,67.88,66.56,67.22,66.23,68.75,65.56,66.23,62.91,63.91,60.6,63.19,65.23,61.59,64.24,59.6,61.46,54.3,62.25,59.27,63.19,77.81,57.62,62.5,42.38,52.78,64.58
2016-02-23,71.75,74.5,75.0,73.5,74.0,73.0,73.49,72.5,70.75,69.0,70.25,68.25,69.55,71.5,66.75,71.25,66.25,67.45,60.75,73.25,63.5,64.83,84.75,66.25,65.62,49.0,52.76,53.28
2016-02-24,71.34,72.55,72.95,71.34,72.03,69.82,72.15,69.14,68.34,67.33,68.01,65.39,68.57,65.13,64.13,67.4,61.57,67.3,60.92,69.42,61.97,67.09,80.68,62.98,70.89,49.09,62.66,81.65
2016-02-25,63.97,64.71,64.46,62.5,64.53,64.29,67.44,61.27,61.52,58.09,60.59,58.87,62.53,61.76,57.11,61.33,57.88,61.5,52.45,64.78,59.11,63.05,80.79,61.08,64.86,44.83,54.01,63.05
2016-02-26,71.15,70.82,70.82,69.18,70.63,67.33,69.9,64.92,63.61,62.95,65.35,60.73,64.01,62.95,60.33,64.36,60.07,62.98,61.31,68.98,61.39,66.09,79.87,62.05,67.47,46.53,56.75,73.7
2016-02-29,71.48,68.85,70.16,66.89,68.85,68.52,71.38,69.18,64.92,64.59,69.51,67.21,71.72,62.62,60.0,66.89,64.26,68.62,60.98,74.1,64.92,68.62,84.59,67.54,72.41,49.51,61.03,72.41
2016-03-01,57.32,57.32,57.07,56.1,57.56,55.61,60.0,55.37,53.41,51.95,55.61,53.9,57.18,52.93,51.22,55.85,53.41,58.46,49.76,59.76,57.07,61.54,77.8,58.05,62.05,37.56,52.56,68.21
2016-03-02,53.02,57.12,57.31,56.14,57.12,55.56,60.04,57.5,55.95,53.8,56.53,54.78,58.4,54.0,52.05,55.75,54.19,58.81,50.68,60.04,57.5,62.09,75.83,57.7,62.09,41.91,54.3,67.42
2016-03-03,45.84,50.59,51.78,50.59,52.49,51.54,54.86,54.16,52.02,50.59,53.21,52.73,56.61,51.07,49.17,53.21,51.54,56.11,50.12,57.01,54.63,59.6,66.75,54.87,59.85,36.58,54.11,72.07
2016-03-04,50.95,54.11,54.75,55.7,56.01,54.75,58.47,56.01,54.43,53.48,56.33,54.75,59.47,55.06,52.53,56.01,53.48,59.47,52.53,60.13,56.01,61.79,73.42,56.65,62.79,38.61,56.15,77.41
2016-03-07,48.58,54.57,54.89,54.57,57.73,56.78,59.08,60.88,58.04,56.47,59.31,56.78,60.4,57.1,54.26,57.41,53.63,56.77,52.68,59.94,53.63,59.08,77.6,57.73,61.39,39.12,52.81,70.3
2016-03-08,58.39,62.41,62.65,61.94,64.07,61.47,64.85,65.96,63.59,62.41,63.59,61.7,66.34,57.92,58.16,60.76,57.92,62.62,59.57,66.19,57.68,64.85,78.49,59.34,64.11,43.03,56.93,74.5
2016-03-09,57.55,59.06,60.0,59.43,60.57,58.6,61.98,62.45,58.68,56.98,59.81,57.47,61.58,56.04,53.58,56.23,53.12,57.23,54.53,60.57,53.69,59.41,74.91,56.52,61.19,41.02,55.05,73.07
2016-03-10,58.37,59.53,60.0,59.3,59.77,57.94,60.54,60.93,56.28,55.35,57.67,54.67,57.6,54.42,51.86,53.95,51.17,54.41,51.86,58.6,52.8,56.62,70.47,54.44,58.33,40.89,51.47,62.25
2016-03-11,37.15,44.58,45.82,45.82,48.92,49.22,52.29,55.42,50.46,50.46,48.61,48.6,50.65,49.23,46.75,48.3,48.91,51.63,46.75,54.49,49.22,52.29,67.8,51.09,56.86,36.45,44.77,58.82
2016-03-14,43.5,49.0,51.5,52.5,54.0,47.74,54.45,57.5,52.5,52.0,54.5,47.74,50.26,52.5,47.5,50.5,45.23,50.79,49.5,55.5,43.22,47.64,67.0,38.19,45.03,13.07,31.41,61.78
2016-03-15,21.61,30.15,33.67,37.19,43.72,45.73,49.74,53.27,52.76,52.26,54.27,56.78,58.12,51.76,48.74,51.26,55.78,56.54,53.27,56.78,58.79,60.73,63.82,68.84,65.45,70.85,62.3,46.6
2016-03-16,43.75,43.4,44.1,47.22,49.31,50.0,53.28,42.36,43.06,46.53,49.31,49.31,55.02,40.97,50.69,53.47,52.78,58.95,63.54,62.85,57.99,67.25,62.5,54.17,69.43,48.26,65.94,79.91
2016-03-17,37.02,37.37,39.1,42.56,40.48,43.94,48.7,39.45,40.48,44.29,41.87,43.94,49.13,37.37,46.02,42.21,46.37,53.91,57.44,44.29,48.44,56.09,34.26,45.67,55.65,58.82,69.13,69.57
2016-03-18,32.41,35.17,36.21,42.07,,,,39.66,40.69,45.86,,,,37.59,50.0,,,,65.52,,,,,,,,,
2016-03-21,20.27,24.4,24.4,31.62,32.41,35.17,39.83,31.27,33.33,40.89,39.31,41.03,47.19,34.36,44.67,41.03,43.79,50.22,58.76,43.79,44.83,52.81,27.59,38.28,45.02,47.93,55.41,57.14
2016-03-22,16.79,19.34,20.36,28.75,19.9,25.51,33.76,32.32,33.33,41.73,28.06,31.89,40.13,32.57,45.55,25.0,32.14,42.36,63.61,20.15,29.85,43.95,2.55,14.29,32.48,54.59,71.02,80.25
2016-03-23,22.18,31.05,30.24,39.11,41.18,42.6,45.98,46.37,44.76,48.99,50.3,51.72,55.53,39.31,53.23,52.54,54.16,59.05,68.15,61.66,60.85,64.07,49.7,54.36,61.31,60.65,64.82,59.3
2016-03-24,16.62,22.35,25.21,34.67,,,,43.27,42.98,49.86,,,,46.13,55.01,,,,69.05,,,,,,,,,
2016-03-28,20.66,26.56,28.85,31.8,33.11,35.08,39.18,33.11,36.39,42.95,42.3,46.23,50.86,41.64,50.16,44.92,49.84,56.7,63.61,48.52,54.75,58.08,31.48,45.25,53.61,57.05,59.11,63.57
2016-03-29,12.13,17.08,20.05,25.74,24.5,26.73,30.65,28.47,28.47,34.65,34.65,35.89,39.48,23.27,39.85,36.88,40.84,44.94,58.66,43.07,45.3,52.21,24.01,35.15,43.9,48.27,54.55,59.74
2016-03-30,17.66,21.63,21.23,25.79,24.9,26.89,30.48,27.58,26.39,33.13,33.07,34.46,38.41,19.25,37.9,34.86,38.05,42.17,57.74,42.23,44.22,49.69,22.91,33.67,43.22,46.41,53.24,60.75
2016-03-31,14.81,23.54,22.57,25.97,26.1,27.56,32.23,31.07,29.61,36.41,35.12,36.34,40.41,23.79,40.53,36.34,38.54,43.73,58.5,40.49,41.46,48.59,20.73,31.46,42.97,46.59,55.75,66.75
2016-04-01,12.66,18.51,18.83,24.35,22.22,23.2,26.71,27.92,26.95,33.77,30.72,32.03,36.99,19.16,37.01,32.68,35.29,39.04,57.14,39.87,39.87,44.18,20.26,27.45,37.33,40.2,48.63,55.82
2016-04-04,16.88,21.43,23.05,27.27,28.25,29.87,34.81,35.39,33.77,41.88,38.31,39.29,43.69,29.87,44.16,39.29,41.56,45.05,57.79,42.53,43.83,47.44,20.13,30.19,37.88,48.38,51.19,52.9
2016-04-05,21.5,29.71,32.37,39.37,36.71,38.65,42.89,44.93,42.51,47.83,45.41,46.62,50.76,43.0,50.97,47.34,48.07,51.78,63.29,51.69,52.66,57.36,32.37,41.55,50.51,54.59,59.64,62.94
2016-04-06,13.51,17.37,18.15,24.9,24.9,26.25,31.85,28.96,28.38,36.29,34.56,36.29,41.99,27.22,42.47,39.58,41.89,46.65,54.05,44.21,44.79,49.29,24.52,34.75,45.64,48.07,55.38,62.68
2016-04-07,24.71,34.35,35.53,42.12,40.71,42.82,48.4,47.76,44.47,49.18,46.59,48.24,53.33,45.18,52.0,48.24,49.41,54.81,64.24,52.24,54.35,60.0,33.41,45.41,57.04,58.82,68.15,76.79
2016-04-08,15.05,23.51,29.15,34.8,34.48,36.05,39.47,39.5,38.87,46.39,44.2,45.77,50.33,42.32,48.9,47.02,48.9,53.29,58.62,51.41,53.61,57.57,36.05,45.14,56.58,56.43,65.79,76.64
2016-04-11,14.69,27.5,32.5,40.31,39.38,42.5,48.37,48.44,45.31,53.75,50.0,50.31,53.92,47.81,55.0,50.0,51.25,55.23,68.44,53.75,52.81,59.48,40.94,47.19,56.86,56.25,66.34,80.39
2016-04-12,7.03,13.35,14.75,21.55,23.89,27.4,32.84,36.3,35.6,43.09,41.22,44.03,47.79,37.0,47.31,43.79,47.78,52.21,59.02,47.78,50.12,55.64,36.07,45.2,55.64,55.97,66.18,80.64
2016-04-13,1.5,4.49,5.61,9.91,10.28,13.11,17.45,22.24,23.36,32.52,33.08,36.7,41.96,24.49,41.5,40.19,44.19,48.24,56.64,43.74,47.19,52.75,31.03,39.14,48.82,47.94,57.45,68.43
2016-04-14,1.61,3.69,5.53,8.99,9.45,11.81,15.53,15.67,16.59,29.49,29.72,32.87,40.53,21.66,41.01,38.71,42.59,47.33,56.68,41.94,46.06,52.18,28.57,37.27,48.06,47.69,58.25,72.57
2016-04-15,6.13,5.52,7.06,11.04,10.74,13.27,17.15,9.51,12.58,26.69,25.46,31.48,36.25,21.47,42.02,38.96,43.21,47.25,58.28,41.41,46.3,51.13,26.07,35.8,45.95,47.84,56.63,66.34
2016-04-18,7.92,8.91,6.44,9.9,9.9,12.94,14.51,13.86,14.85,22.77,22.28,27.86,33.16,19.31,39.11,32.18,36.32,40.93,54.46,37.62,38.81,44.56,16.34,28.36,36.79,42.29,46.63,53.89
2016-04-19,1.0,1.49,1.99,3.48,3.48,4.48,6.22,11.44,12.94,19.9,18.41,22.89,27.46,19.9,36.32,32.34,35.82,39.9,50.75,36.82,38.81,43.52,19.4,29.85,38.34,41.79,46.63,54.4
2016-04-20,18.88,19.08,26.1,23.09,28.54,34.21,40.35,26.51,40.96,35.54,39.07,42.31,50.13,55.42,38.35,41.3,45.95,55.89,19.88,32.59,40.28,53.63,43.93,50.81,68.17,57.09,80.7,88.47
2016-04-21,14.81,17.09,23.36,23.08,29.31,35.06,40.34,28.49,43.59,40.17,44.25,46.55,54.48,57.26,44.16,47.99,51.15,59.66,30.77,41.95,45.69,60.0,49.43,52.87,67.93,56.32,79.66,89.31
2016-04-22,7.99,10.86,17.89,17.57,21.29,26.13,35.43,20.77,35.14,34.19,38.71,43.23,48.82,51.76,40.89,44.19,48.71,55.12,31.31,38.06,43.87,54.72,44.52,50.65,64.57,54.84,73.62,82.68
2016-04-25,6.49,10.39,22.08,20.45,22.08,25.97,32.65,25.65,35.06,33.44,37.01,39.61,49.32,53.25,38.64,43.51,45.78,58.5,29.87,37.66,41.56,57.48,42.86,51.62,61.56,57.14,78.57,87.76
2016-04-26,2.94,8.09,16.18,16.67,19.36,21.81,29.05,26.47,33.33,32.84,36.27,37.5,47.56,48.53,37.01,40.2,44.85,55.01,29.41,37.5,39.95,55.53,42.89,50.0,60.15,55.39,72.75,85.86
2016-04-27,2.55,5.3,12.97,13.36,15.78,18.74,26.45,23.77,31.04,28.49,33.73,35.9,44.21,47.35,34.38,39.25,43.0,53.93,23.18,33.93,38.66,54.13,42.6,50.1,60.54,54.24,78.31,89.26
2016-04-28,6.97,12.5,24.28,24.28,27.29,29.71,36.96,29.81,39.18,37.5,41.3,45.17,52.66,56.49,45.19,47.58,50.48,59.49,35.1,40.82,47.34,60.25,44.69,52.42,66.08,58.7,82.53,90.38
2016-04-29,5.79,16.72,25.72,25.72,29.77,31.72,37.29,35.37,42.77,41.8,44.98,48.87,53.9,55.63,48.55,48.54,53.07,59.66,38.26,45.63,52.1,61.69,49.51,54.05,68.47,62.78,83.73,90.51
2016-05-02,2.57,5.47,12.22,12.54,17.68,19.94,29.05,24.12,36.33,32.48,39.23,42.77,49.66,47.59,39.87,44.05,46.62,55.07,31.19,39.87,45.98,60.47,50.16,55.63,67.91,58.52,82.09,88.51
2016-05-03,5.5,11.24,18.18,20.81,24.88,30.14,36.93,33.97,43.78,42.82,44.02,46.89,54.02,55.5,47.61,49.28,51.2,59.55,37.08,46.41,52.15,62.56,50.48,56.46,70.1,63.88,83.92,89.2
2016-05-04,8.8,15.11,21.61,24.28,27.92,32.5,39.16,34.8,43.21,42.83,43.79,46.65,54.22,54.11,46.27,48.57,51.05,59.44,38.43,46.85,52.01,62.85,50.48,56.41,71.49,64.44,83.73,90.36
2016-05-05,6.29,12.12,17.95,20.05,24.94,29.14,36.19,34.73,43.36,41.03,42.89,45.22,52.81,54.78,45.22,47.79,48.95,57.7,34.97,44.99,48.72,60.39,51.05,55.01,67.24,58.97,80.44,89.24
2016-05-06,1.55,3.73,8.7,11.49,13.35,16.77,22.8,17.39,31.37,31.68,34.47,38.82,46.58,51.24,42.24,44.41,47.2,53.75,29.19,39.13,44.72,56.03,45.96,51.86,63.19,58.7,78.18,89.25
2016-05-09,3.1,4.95,8.98,12.07,14.24,17.34,25.89,18.89,30.03,29.1,32.2,37.77,46.28,52.94,41.8,42.72,47.06,53.72,31.58,36.22,43.96,53.72,40.56,49.85,61.17,60.99,79.61,89.0
2016-05-10,1.39,3.02,5.34,5.34,7.19,9.74,13.83,11.6,21.58,20.65,24.59,29.93,37.14,42.0,30.86,35.27,40.14,48.3,18.79,27.61,36.66,49.27,40.84,47.1,58.25,55.22,71.84,85.68
2016-05-11,7.41,9.81,14.07,15.19,17.04,22.26,29.32,22.41,34.63,31.85,34.07,39.89,46.8,52.41,41.3,42.41,46.01,51.84,26.3,34.81,41.93,52.62,41.48,48.05,60.39,57.7,74.95,87.18
2016-05-12,8.9,8.9,11.42,12.79,14.16,16.74,25.96,14.38,26.71,25.57,28.54,32.57,41.59,45.43,36.99,37.9,42.43,49.04,22.15,29.45,36.93,50.0,37.67,44.72,58.17,51.38,73.32,87.02
2016-05-13,12.16,15.81,18.84,17.63,20.67,25.99,33.97,25.84,38.91,33.74,36.78,41.9,47.76,51.67,40.12,41.95,45.57,51.28,23.71,30.7,40.37,50.96,41.64,47.09,59.94,55.96,75.64,86.86
2016-05-16,13.24,14.71,22.55,20.59,20.1,24.14,29.23,24.02,35.78,30.88,34.8,38.42,46.15,50.49,40.69,40.69,43.84,51.79,23.04,31.37,38.92,49.74,39.22,48.28,60.51,55.67,73.85,83.59
2016-05-17,10.84,12.81,18.23,16.75,19.21,22.17,27.69,20.2,36.45,33.99,36.95,41.38,48.21,57.64,44.83,43.84,47.29,53.85,26.6,34.98,43.35,54.36,45.81,52.71,65.64,57.14,76.92,85.64
2016-05-18,29.94,41.12,37.72,37.92,41.65,46.68,43.03,56.29,46.91,44.11,47.69,52.31,49.0,24.95,31.74,41.45,51.51,44.03,38.72,50.3,59.96,47.01,62.37,72.64,48.76,84.71,37.06,0.75
2016-05-19,32.49,40.96,37.29,38.42,42.17,45.87,41.3,55.93,46.33,43.5,48.72,52.14,47.1,24.86,33.33,44.16,51.28,43.0,41.53,52.71,58.69,46.76,61.25,63.82,45.39,76.07,30.72,1.37
2016-05-20,20.57,27.85,22.78,23.73,32.91,40.26,35.02,50.0,37.34,38.61,44.41,48.88,42.02,17.72,28.8,40.89,48.88,38.13,36.39,49.52,58.47,45.14,60.38,65.18,44.75,75.72,31.13,0.0
2016-05-23,30.87,35.37,34.73,34.08,39.23,43.73,38.72,52.09,42.44,40.51,47.91,52.41,45.12,29.26,32.48,45.34,53.7,38.05,36.98,51.77,58.84,40.07,62.7,68.49,42.09,77.81,23.57,0.0
2016-05-24,16.02,28.4,25.49,25.0,30.34,33.98,29.26,45.39,32.77,33.01,40.05,47.09,36.64,12.62,20.87,35.68,44.9,32.82,33.98,47.33,57.52,38.17,61.41,65.78,41.73,78.4,23.92,0.0
2016-05-25,12.26,24.71,19.65,21.79,26.37,31.05,25.77,43.39,28.99,31.32,37.89,45.31,35.99,10.7,21.21,33.98,44.73,31.9,37.35,49.61,58.01,39.26,57.42,65.43,40.9,81.25,24.13,0.0
2016-05-26,4.52,16.43,14.76,17.62,21.77,27.99,19.8,38.57,27.86,29.29,37.08,44.26,33.08,11.19,21.43,33.97,44.74,29.57,37.62,49.76,57.89,38.1,57.89,65.31,37.84,80.14,20.55,0.0
2016-05-27,1.59,8.92,6.69,11.78,15.71,22.44,17.79,34.08,26.11,26.75,34.94,43.27,32.21,12.1,21.02,33.97,43.91,31.88,37.58,48.4,57.37,39.26,58.01,65.71,39.6,80.13,23.49,0.0
2016-05-31,4.28,10.45,10.45,12.59,18.05,22.33,16.96,36.1,25.18,27.08,34.2,42.76,33.42,15.44,21.38,36.1,44.66,31.42,31.59,49.17,56.29,37.91,58.91,66.75,37.41,76.01,18.45,0.0
2016-06-01,4.74,11.76,11.2,12.52,17.27,24.1,18.33,40.99,28.65,29.03,35.67,44.02,35.06,15.18,21.44,35.1,45.35,32.47,30.55,47.44,56.17,38.65,56.74,68.31,39.64,79.32,23.11,0.2
2016-06-02,2.54,7.39,5.77,9.01,12.47,17.55,13.08,28.18,21.02,24.25,28.64,36.72,27.6,11.78,18.94,29.56,42.03,25.18,30.02,44.34,53.58,35.11,52.42,62.12,35.11,74.6,18.4,0.0
2016-06-03,2.46,5.85,5.54,7.08,12.0,17.23,11.94,26.46,19.08,23.08,28.92,39.08,28.06,10.77,19.38,32.92,45.23,28.06,31.38,47.08,56.0,37.1,56.92,68.31,37.42,78.77,18.39,0.0
2016-06-06,3.37,5.52,5.21,6.44,9.82,15.95,10.9,23.31,16.87,20.86,27.91,35.28,27.88,8.9,19.02,31.6,44.48,28.21,35.58,44.48,53.37,38.14,53.07,65.95,38.14,78.22,23.08,0.0
2016-06-07,8.97,8.97,8.28,9.2,14.94,21.15,13.7,17.01,14.94,19.08,27.82,35.63,27.16,10.11,19.77,35.63,45.29,29.57,32.64,45.75,52.87,37.74,59.08,67.36,38.22,75.17,21.39,0.0
2016-06-08,13.58,15.05,10.83,13.39,17.06,25.18,16.92,14.86,11.93,17.25,24.77,34.93,25.0,9.54,17.98,32.66,44.85,28.65,31.01,41.47,52.02,35.38,53.21,67.83,36.73,78.49,22.12,0.0
2016-06-09,21.95,19.91,14.71,15.61,21.04,29.32,23.33,15.61,11.54,16.06,24.89,35.68,25.95,8.6,14.71,31.9,44.32,30.95,26.02,42.99,52.27,40.24,60.41,71.82,41.67,77.95,27.38,0.48
2016-06-10,60.24,52.71,47.59,43.37,48.49,53.94,49.84,42.17,34.94,36.45,43.07,47.27,45.08,23.8,31.33,44.28,50.61,43.49,36.75,50.6,58.79,44.44,68.67,80.0,48.89,81.52,33.33,0.63
2016-06-13,79.13,79.61,77.67,77.18,77.18,79.02,73.6,80.1,73.3,68.45,68.93,70.73,69.04,60.68,56.8,59.71,63.9,57.36,57.28,64.56,72.68,58.38,79.13,85.85,59.39,87.8,41.62,1.52
2016-06-14,76.1,77.56,76.59,73.17,73.66,75.12,71.07,77.56,72.2,68.29,68.29,69.76,67.51,60.98,57.07,60.0,64.39,57.87,57.07,63.9,72.68,58.38,79.51,86.34,59.39,88.29,41.62,1.52
2016-06-15,76.01,69.26,67.91,68.58,72.88,64.41,65.25,57.43,57.77,63.18,67.46,55.25,60.59,60.81,66.89,74.58,56.95,61.86,80.74,88.14,55.25,63.56,90.51,44.07,55.08,1.36,19.92,74.58
2016-06-16,68.35,64.65,66.33,66.67,68.92,59.8,63.29,56.9,59.26,64.31,66.55,55.07,60.34,63.3,68.69,73.65,56.42,61.6,80.81,84.46,53.04,60.34,85.81,38.51,52.74,3.04,21.52,74.26
2016-06-17,68.46,65.1,64.77,66.44,69.02,59.93,63.45,57.05,57.38,62.75,66.67,55.22,60.92,60.4,66.11,73.74,56.57,62.18,80.87,86.53,55.22,64.29,88.55,43.77,56.3,3.37,23.95,79.83
2016-06-20,48.16,48.49,49.5,51.51,56.71,50.0,52.72,43.81,46.82,49.16,56.71,45.97,52.3,52.84,57.19,66.44,47.99,55.23,66.56,78.19,45.3,55.23,83.56,34.56,43.93,1.01,17.15,68.62
2016-06-21,59.9,54.95,54.7,57.92,59.7,51.99,55.56,48.27,49.75,53.47,58.71,47.26,54.01,57.18,60.4,67.16,48.26,55.56,67.33,77.61,42.79,53.7,80.85,30.35,41.98,0.5,17.28,79.94
2016-06-22,72.5,70.14,69.35,70.73,72.48,63.76,65.37,62.48,63.46,65.82,68.51,56.44,61.71,62.87,68.57,74.26,55.05,61.71,79.96,85.35,51.49,60.0,87.13,33.66,47.56,0.79,15.61,77.8
2016-06-23,46.37,39.11,39.39,42.74,47.04,37.18,39.73,32.4,33.52,41.34,48.45,31.83,39.06,35.75,45.81,54.37,29.3,42.76,53.07,62.54,27.04,41.75,68.17,14.93,32.66,0.0,10.1,76.77
2016-06-24,86.83,85.58,85.27,86.52,87.03,78.8,78.85,81.82,79.31,80.56,85.13,70.89,74.23,77.43,81.19,88.29,65.82,70.0,85.89,89.87,61.71,70.0,92.41,48.1,61.92,3.16,34.62,84.62
2016-06-27,87.26,85.03,85.67,84.39,86.62,81.85,84.0,80.57,77.39,78.98,85.67,71.02,81.0,78.03,78.98,87.58,68.47,77.0,81.53,90.13,63.06,78.0,93.63,52.87,70.33,5.41,45.33,92.33
2016-06-28,65.38,57.69,54.33,55.53,61.06,51.92,55.42,43.75,43.27,48.08,54.57,45.67,49.87,44.23,51.2,59.13,43.75,47.61,60.34,69.95,42.07,47.86,82.21,30.53,38.54,2.64,9.57,56.17
2016-06-29,43.93,41.43,39.5,41.43,47.39,38.3,41.7,33.33,34.3,39.69,49.32,35.98,40.08,36.8,46.63,55.32,38.3,41.7,56.07,66.34,37.33,42.11,79.3,26.5,34.21,2.13,7.29,51.01
2016-06-30,33.02,30.42,31.6,34.91,39.81,32.23,36.23,28.07,31.6,37.03,46.45,33.18,38.71,38.92,44.81,54.03,36.49,41.94,52.12,62.32,34.12,41.69,74.88,22.27,35.48,2.13,9.43,67.25
2016-07-01,29.34,26.5,26.5,29.02,35.24,28.57,33.22,21.14,25.55,32.49,41.59,29.84,35.88,32.18,41.64,52.06,36.83,41.2,52.37,62.54,38.1,43.85,74.6,27.62,38.54,3.81,11.96,63.79
2016-07-05,28.3,25.94,28.54,31.6,41.75,33.49,36.88,22.64,25.94,34.91,46.23,32.55,38.37,33.49,45.28,54.72,41.27,45.79,55.19,67.45,41.04,47.03,83.49,29.01,39.36,2.83,10.64,58.42
2016-07-06,21.66,17.51,17.14,23.92,31.26,22.22,26.68,14.88,19.02,26.55,37.29,25.24,31.62,25.05,39.55,48.96,32.58,40.12,51.22,58.38,35.03,43.68,66.85,23.16,33.79,2.64,10.67,62.85
2016-07-07,17.85,14.19,15.33,18.99,27.0,19.91,23.02,11.67,16.93,24.94,34.32,22.88,27.58,24.94,36.84,47.37,29.75,37.41,47.6,57.21,32.95,40.77,70.71,24.03,32.37,2.97,8.39,53.48
2016-07-08,8.54,3.96,4.57,7.62,13.41,7.62,10.22,4.88,6.4,12.5,23.48,13.72,16.93,10.37,27.13,43.29,22.87,28.12,47.87,56.1,30.79,37.7,66.46,21.95,28.43,3.05,8.31,50.48
2016-07-11,8.81,5.47,6.38,7.6,15.2,10.33,12.7,7.29,8.51,17.33,27.96,20.67,23.81,14.59,29.79,44.07,27.36,32.06,41.95,53.8,30.7,38.73,70.21,25.84,33.65,3.04,10.16,52.38
2016-07-12,10.93,6.15,5.24,7.74,13.44,9.34,10.0,4.78,5.69,12.07,21.87,13.9,17.38,9.11,24.83,41.46,22.1,26.9,45.33,53.99,29.38,34.05,64.69,21.64,29.05,2.28,9.05,48.1
2016-07-13,9.82,6.73,5.64,7.64,12.18,9.11,10.29,7.09,6.36,13.27,23.27,15.12,20.38,8.91,21.64,39.64,21.68,28.0,42.18,51.82,29.14,36.38,64.0,23.86,32.0,3.28,10.48,51.43
2016-07-14,7.62,6.28,4.48,7.4,10.99,6.76,9.67,6.28,6.05,13.23,22.87,14.19,19.81,8.74,21.52,39.46,20.27,27.83,41.48,51.35,26.58,34.67,63.0,20.72,30.9,2.25,10.14,57.08
2016-07-15,0.9,1.79,1.49,4.18,7.46,4.8,6.29,7.46,6.27,14.63,24.18,15.62,21.7,9.55,22.39,40.9,21.92,31.13,42.99,52.54,30.03,38.36,63.28,24.32,33.96,3.9,12.26,56.92
2016-07-18,3.37,1.92,1.44,2.4,6.25,2.42,3.52,8.17,7.69,11.54,16.83,12.56,14.07,7.21,17.31,34.13,18.84,25.13,46.63,54.33,32.37,37.69,67.79,23.67,33.17,3.38,10.05,44.72
2016-07-19,0.0,0.0,0.97,1.45,1.93,1.93,2.51,5.8,5.8,11.11,15.94,11.11,11.56,6.76,17.87,38.65,19.32,24.12,47.83,57.49,34.3,38.19,70.05,25.12,33.17,2.9,9.05,40.7
2016-07-20,6.84,4.69,10.55,17.19,12.01,13.58,15.74,6.64,20.12,35.94,20.47,25.0,31.48,55.08,58.4,34.84,38.78,44.79,66.8,22.83,28.54,38.5,2.56,11.81,21.55,43.11,52.06,57.14
2016-07-21,3.6,4.71,11.36,19.39,15.36,16.76,20.0,9.97,26.32,42.66,29.89,33.24,39.33,59.56,64.54,43.85,46.37,52.67,73.68,28.49,37.43,47.33,3.07,15.92,30.67,49.72,62.67,70.0
2016-07-22,2.17,2.48,8.07,16.46,10.66,13.48,14.07,9.01,25.78,41.93,28.84,33.54,39.54,59.63,64.91,43.57,48.28,52.85,72.67,26.96,37.93,47.53,2.82,16.3,31.18,54.86,64.64,63.5
2016-07-25,1.26,0.63,5.05,15.14,9.78,11.99,15.84,11.04,25.87,37.54,25.87,30.28,34.98,57.1,61.2,38.8,41.01,47.85,70.98,27.44,32.49,42.9,2.84,13.25,27.72,52.05,59.08,72.94
2016-07-26,1.19,0.71,5.24,12.86,8.57,11.43,15.21,8.81,26.43,36.43,25.24,28.33,34.41,59.52,62.14,39.52,41.43,47.38,68.1,24.52,31.43,39.4,3.1,14.05,25.19,52.62,59.1,70.32
2016-07-27,0.0,0.19,2.67,8.97,5.75,8.24,11.82,5.73,24.81,34.35,23.56,25.48,31.26,62.6,61.45,39.66,41.38,47.49,64.31,22.61,29.89,38.08,4.41,14.37,25.25,47.89,58.92,71.74
2016-07-28,0.0,0.0,1.4,6.78,4.46,5.87,7.62,5.14,20.09,32.71,19.95,21.6,28.5,59.11,60.98,37.79,40.61,45.45,68.93,20.66,29.58,36.86,2.58,12.91,20.15,47.89,54.3,55.53
2016-07-29,0.0,0.0,0.62,5.0,2.83,4.72,5.26,1.56,16.56,26.25,17.3,19.18,22.7,62.5,60.62,37.42,39.94,41.12,64.06,17.3,28.93,34.54,2.2,13.21,17.76,48.43,48.68,43.42
2016-08-01,0.0,0.0,1.26,4.09,2.52,4.4,4.29,1.26,12.89,22.96,15.41,17.61,19.8,57.86,57.86,35.53,38.36,41.25,63.52,16.04,25.79,32.67,1.89,11.01,15.51,46.86,46.53,43.89
2016-08-02,0.47,0.23,3.27,7.71,5.84,7.24,8.58,2.1,13.79,25.7,17.52,19.86,24.51,55.14,58.41,39.72,41.82,46.08,67.99,24.53,31.31,38.97,4.44,13.79,22.06,47.43,54.17,57.11
2016-08-03,0.56,0.19,2.05,5.97,3.54,4.85,5.68,1.49,9.7,22.95,12.5,15.67,18.98,49.44,56.72,33.02,36.38,40.31,68.1,19.4,26.87,33.27,1.68,9.51,13.11,47.39,48.14,43.84
2016-08-04,0.0,0.0,0.23,3.63,1.59,2.95,3.56,0.68,5.44,14.97,6.12,10.43,12.35,41.5,50.79,23.36,28.57,33.97,63.72,15.87,22.0,28.74,1.59,7.94,11.4,40.36,44.66,43.94
2016-08-05,0.0,0.0,0.0,0.6,1.21,1.21,2.22,0.6,2.11,6.34,2.72,5.14,7.28,19.94,42.3,16.62,21.15,22.78,57.7,14.5,21.75,24.68,2.72,8.16,9.81,39.58,39.56,33.23
2016-08-08,0.6,0.0,0.0,1.2,1.51,2.41,2.52,0.6,3.01,9.94,3.31,6.33,7.86,21.69,43.67,18.07,23.19,23.27,61.14,17.17,22.29,24.84,1.2,5.12,10.06,37.65,41.19,36.48
2016-08-09,0.9,0.9,0.45,2.71,2.48,2.71,2.83,1.58,2.93,8.35,3.61,5.19,7.55,13.77,39.05,15.35,18.96,20.52,60.95,17.83,21.44,23.58,1.81,4.51,8.25,33.41,35.38,34.67
2016-08-10,2.34,1.26,2.16,4.32,2.88,3.07,3.4,2.88,4.68,13.15,5.59,8.12,10.38,14.59,38.92,14.59,20.22,22.26,57.48,15.86,23.1,25.09,1.98,7.22,11.89,41.88,41.7,35.28
2016-08-11,1.11,1.11,1.33,2.44,2.22,2.68,2.8,2.44,4.22,8.0,3.78,5.13,8.18,12.22,36.0,9.56,16.29,18.46,52.44,13.33,21.21,22.66,2.0,5.8,9.81,37.72,38.08,35.05
2016-08-12,0.59,0.3,0.59,1.18,1.48,1.79,2.18,2.07,2.96,5.92,2.96,3.87,5.61,8.88,26.92,8.28,13.1,17.76,49.7,10.65,19.35,22.43,2.07,5.95,11.21,38.39,39.88,38.01
2016-08-15,2.38,1.9,1.9,1.9,2.38,2.87,2.99,3.81,5.71,10.95,5.24,7.18,9.45,10.95,20.95,8.57,10.05,15.92,47.62,7.62,15.79,21.39,1.43,7.66,10.45,40.19,40.8,39.8
2016-08-16,5.74,2.87,3.83,6.7,3.35,3.35,4.48,5.74,10.53,14.35,9.09,10.53,11.44,15.79,34.45,12.92,18.18,20.9,54.07,13.88,23.44,25.37,1.91,9.09,13.93,42.58,42.79,40.8
2016-08-17,2.64,3.63,7.92,2.97,4.3,7.28,9.05,13.2,24.75,6.27,12.58,17.88,20.16,48.18,5.28,17.22,21.19,24.28,0.33,4.97,11.92,15.23,41.72,45.36,34.98,38.41,34.16,26.75
2016-08-18,1.97,2.3,3.95,1.32,2.64,3.63,4.1,11.51,20.72,4.93,9.24,13.53,15.57,43.09,4.61,12.87,19.14,18.03,0.66,3.96,11.88,13.11,38.28,40.26,32.38,38.61,31.15,12.7
2016-08-19,2.3,2.62,4.26,1.64,3.62,3.95,4.9,12.13,21.31,4.59,10.2,15.13,16.33,43.28,3.93,13.16,19.41,18.78,0.33,4.28,12.17,13.88,40.46,45.72,33.88,44.08,31.43,9.8
2016-08-22,1.63,2.61,4.58,1.96,3.93,4.92,5.69,13.07,24.51,6.54,12.13,17.38,17.89,45.75,5.23,15.08,20.66,20.73,1.31,4.59,12.46,14.23,38.36,42.95,34.15,44.59,34.15,13.41
2016-08-23,1.69,1.94,4.12,1.94,2.68,4.14,4.5,13.08,24.94,7.75,13.87,20.19,20.72,49.64,6.78,19.71,23.36,24.62,1.69,7.06,16.3,15.02,43.07,48.18,37.24,44.04,34.83,14.41
2016-08-24,3.46,5.77,10.96,5.96,7.56,9.5,10.93,18.65,34.42,13.08,19.96,23.45,23.99,55.0,8.65,22.48,24.22,27.55,2.31,7.75,15.12,16.15,43.41,44.38,38.48,37.02,35.39,23.52
2016-08-25,3.84,6.85,10.96,6.03,6.63,9.12,9.54,19.45,31.51,12.6,19.89,22.93,21.05,49.86,7.12,19.89,22.38,21.71,1.64,6.63,15.19,14.47,43.65,44.2,38.16,36.74,29.61,15.79
2016-08-26,4.31,8.0,12.62,7.08,9.94,11.49,10.15,16.92,28.31,12.62,20.81,22.98,20.3,49.85,8.0,22.67,24.22,23.31,2.46,9.63,18.32,15.04,47.52,47.52,38.72,36.34,27.07,9.77
2016-08-29,2.19,2.5,5.94,3.44,5.63,7.5,5.56,17.19,28.12,11.88,16.87,18.44,16.99,46.88,7.19,19.06,20.94,17.65,1.88,8.13,13.75,10.78,45.94,45.94,31.7,35.94,19.93,6.54
2016-08-30,1.18,2.12,5.42,3.07,4.72,6.13,5.43,17.92,28.77,12.5,15.57,19.1,17.04,46.7,8.02,17.45,20.52,18.02,2.12,7.78,13.92,10.86,41.98,43.87,30.62,38.21,21.98,7.16
2016-08-31,2.65,3.02,7.75,4.91,7.02,8.16,6.75,18.15,28.73,13.61,16.51,18.22,15.87,45.56,8.51,17.27,20.11,16.67,1.89,8.16,12.33,9.92,41.94,40.42,28.57,31.88,18.25,6.15
2016-09-01,3.24,3.7,8.33,5.09,7.21,7.67,6.33,17.59,28.7,12.96,15.58,16.28,14.11,45.14,7.41,14.42,18.6,13.63,1.16,6.51,10.93,8.03,39.53,38.6,23.84,32.33,17.52,6.08
2016-09-02,0.31,0.93,1.86,0.31,2.18,3.43,2.61,11.76,18.89,7.74,11.84,14.02,11.4,36.22,7.12,13.4,17.76,13.03,1.86,8.1,13.4,9.77,39.25,39.88,24.43,35.83,17.26,5.21
2016-09-06,0.0,0.93,2.55,0.0,1.39,2.55,1.95,8.35,14.85,5.8,8.12,10.9,8.27,30.63,6.26,11.37,12.3,9.25,0.93,6.03,9.74,7.06,40.14,34.11,21.17,26.45,10.95,3.89
2016-09-07,0.0,0.74,2.04,0.19,1.11,2.59,1.94,7.78,13.15,5.0,7.04,9.63,7.96,32.41,6.67,9.81,11.67,8.74,0.93,5.93,8.33,6.41,35.56,30.37,20.78,26.3,11.46,6.02
2016-09-08,0.22,1.12,2.47,0.45,1.35,3.15,2.59,8.09,13.93,5.62,7.87,10.34,9.18,32.81,7.64,10.34,12.13,10.59,1.57,6.07,8.09,7.29,35.51,30.34,22.59,26.74,13.88,9.18
2016-09-09,32.93,33.83,40.72,30.84,34.73,35.93,33.86,31.44,44.31,27.84,33.53,34.73,32.6,59.58,24.25,32.63,39.82,30.09,4.49,12.57,22.75,16.61,47.6,51.2,36.68,50.3,24.45,7.21
2016-09-12,26.87,24.78,29.25,19.1,22.99,26.57,24.3,27.46,34.33,20.9,25.37,27.76,25.86,49.25,12.54,20.9,26.57,22.74,1.49,8.66,17.61,15.89,44.48,42.99,33.64,37.31,24.3,12.77
2016-09-13,68.9,66.89,69.13,57.05,56.38,57.05,56.07,62.19,64.21,46.98,46.53,48.55,47.2,65.1,36.02,41.61,44.97,38.08,3.13,15.44,26.4,19.86,47.43,50.11,36.21,49.22,26.64,8.88
2016-09-14,70.89,70.89,71.07,62.14,60.71,60.11,60.75,65.89,66.96,51.61,50.71,51.16,50.65,66.25,39.46,45.54,47.58,45.23,4.29,21.61,30.77,27.66,50.71,52.42,45.23,49.55,37.2,20.56
2016-09-15,50.22,53.3,56.39,45.81,47.58,48.45,47.69,58.15,57.27,44.49,45.59,46.68,46.99,59.69,35.24,41.85,44.25,40.28,3.96,20.04,27.21,24.77,47.58,49.12,41.67,44.25,32.87,16.67
2016-09-16,34.02,39.88,41.64,33.14,36.36,36.87,35.8,49.56,49.27,34.02,39.0,41.0,37.04,51.91,18.48,29.62,35.69,30.56,1.76,15.25,23.89,19.44,45.45,46.9,36.73,43.66,27.78,12.04
2016-09-19,38.21,38.21,39.62,32.08,36.32,38.86,36.95,41.51,47.64,29.72,36.32,37.91,37.93,52.36,19.34,31.6,37.91,32.51,2.83,17.45,25.12,23.15,48.11,51.18,41.87,45.97,34.98,19.7
2016-09-20,36.97,39.34,40.76,33.65,36.97,40.76,39.41,47.39,51.18,37.44,40.76,44.08,42.36,53.08,21.33,34.6,40.76,37.44,3.79,19.91,30.33,27.59,48.34,54.5,43.84,49.76,37.93,20.2
2016-09-21,22.94,29.06,16.83,19.12,22.54,22.16,29.01,43.59,13.0,21.41,27.17,25.43,33.96,1.15,7.84,18.5,17.34,29.95,43.4,43.74,37.38,47.88,39.5,31.21,44.34,23.89,45.28,78.07
2016-09-22,16.58,20.11,8.15,12.5,16.99,14.79,15.64,34.78,6.79,13.32,20.82,19.18,25.73,0.54,3.8,13.15,14.52,21.5,42.93,46.3,38.08,46.58,43.56,34.52,45.6,20.82,42.02,60.91
2016-09-23,20.12,25.3,14.94,17.38,19.08,18.46,20.07,45.43,11.89,17.99,24.62,22.46,28.62,0.91,4.88,14.46,14.46,21.93,40.85,44.0,32.62,44.98,41.54,32.0,43.12,15.69,41.26,63.94
2016-09-26,39.94,45.51,31.58,32.51,32.51,30.03,33.98,49.23,22.29,25.39,29.41,26.01,30.74,1.86,8.05,18.27,16.1,22.33,35.6,40.56,30.96,35.92,42.11,29.72,37.22,15.79,29.13,49.51
2016-09-27,31.54,34.35,24.3,24.53,24.77,21.73,25.43,44.16,17.76,21.26,24.77,21.03,25.43,1.17,6.07,12.85,11.68,17.6,33.64,36.45,27.57,34.23,37.15,27.1,33.99,17.52,32.03,48.66
2016-09-28,23.78,31.27,18.91,20.04,21.24,18.61,20.63,46.25,17.42,20.97,23.87,19.55,24.17,1.12,6.37,10.9,9.4,15.32,33.9,35.9,26.5,34.18,36.84,21.8,33.99,13.53,30.26,60.51
2016-09-29,40.6,46.79,30.96,31.65,33.18,30.41,34.7,53.67,21.79,25.46,28.34,24.88,30.12,0.92,6.88,13.36,12.67,18.07,38.3,40.09,31.8,37.59,39.63,28.57,36.39,18.2,31.81,48.43
2016-09-30,38.65,42.94,30.98,29.75,32.41,28.09,32.58,50.0,27.3,24.85,28.09,22.84,29.68,2.76,8.28,15.12,12.35,20.32,27.61,34.26,23.77,34.84,39.2,23.46,36.77,15.12,32.26,62.9
2016-10-03,32.51,43.96,28.79,26.93,28.79,25.08,30.19,55.11,23.84,23.84,26.63,24.15,27.92,1.86,8.05,13.31,10.53,16.56,32.51,34.67,26.01,34.09,34.98,24.46,30.84,17.34,30.19,50.0
2016-10-04,32.41,45.75,30.57,28.97,31.49,27.13,31.57,57.7,26.44,29.2,29.2,26.9,29.64,2.07,9.43,14.25,10.8,16.63,37.93,36.78,27.13,32.77,34.48,22.53,27.71,13.56,25.06,44.34
2016-10-05,33.39,46.79,27.52,28.26,29.36,26.42,29.62,58.17,22.75,26.06,27.34,24.4,27.88,1.47,6.42,9.17,9.36,13.65,39.27,38.17,27.89,35.0,35.05,23.49,29.81,13.94,27.88,50.19
2016-10-06,22.05,34.3,18.93,22.05,23.61,21.83,24.94,53.23,20.94,25.61,26.95,23.61,27.27,2.23,8.69,14.25,12.03,17.95,39.64,38.31,29.84,36.6,34.52,25.17,33.1,17.15,30.54,50.35
2016-10-07,29.08,40.36,26.41,29.67,32.05,29.08,32.3,54.6,23.74,28.49,30.27,28.78,33.23,3.26,10.68,17.8,15.73,20.5,42.43,44.21,35.91,41.3,45.1,26.41,37.27,15.43,29.5,50.31
2016-10-10,19.23,32.84,19.82,22.49,26.63,26.63,27.47,53.25,24.56,29.59,31.66,29.88,32.72,2.66,10.36,18.34,15.38,20.37,39.35,41.12,34.91,38.89,43.2,30.18,34.57,18.34,28.09,40.74
2016-10-11,46.12,54.55,41.91,43.46,43.9,41.69,44.68,62.53,36.14,39.02,41.46,39.69,41.67,4.66,17.52,26.61,26.83,30.32,45.68,47.23,41.91,45.14,45.9,35.7,40.05,22.17,32.87,43.98
2016-10-12,59.29,61.06,49.91,49.91,48.85,48.05,50.93,65.31,39.29,43.19,43.72,43.44,45.56,4.78,20.35,27.96,27.84,32.41,50.97,47.79,42.55,45.37,44.07,33.51,40.0,23.05,36.11,48.15
2016-10-13,69.43,70.96,57.86,57.42,57.21,55.04,58.03,67.47,43.89,46.07,46.51,45.18,48.85,5.24,20.31,32.1,29.39,35.09,49.56,49.78,45.18,46.56,47.16,36.84,43.81,23.25,38.3,52.29
2016-10-14,64.53,68.02,54.07,54.07,52.91,51.17,53.82,67.73,43.02,44.48,44.77,45.03,46.18,3.49,16.86,25.58,25.15,31.8,46.8,47.67,42.11,44.65,44.77,34.5,40.67,21.35,33.94,48.32
2016-10-17,70.56,69.63,58.41,58.41,57.94,55.4,58.54,68.22,45.33,44.39,43.93,45.07,47.32,7.94,17.76,29.44,30.05,29.76,46.73,46.73,44.13,46.34,47.66,38.03,41.46,25.82,35.12,45.85
2016-10-18,56.81,60.56,45.54,45.07,46.48,45.54,46.34,62.44,30.52,36.62,38.97,37.09,38.54,3.76,13.62,20.19,20.66,27.8,40.38,43.66,39.44,42.93,45.07,35.68,40.49,25.35,34.63,45.37
2016-10-19,51.71,29.47,30.8,32.51,31.61,34.67,38.41,4.75,12.55,18.06,18.97,23.95,29.74,42.4,40.49,35.06,38.89,44.03,39.54,28.93,34.1,41.69,20.5,31.23,39.11,42.72,49.88,53.86
2016-10-20,47.44,22.91,22.91,24.8,25.27,28.53,31.29,2.7,9.43,14.56,14.4,17.93,22.9,34.23,35.85,33.42,33.7,37.74,35.31,29.08,31.79,39.03,25.27,32.34,37.74,36.96,43.55,46.13
2016-10-21,45.02,21.45,21.75,22.96,23.17,25.91,26.47,2.72,9.37,13.6,12.8,17.99,21.32,33.84,36.25,29.57,32.93,36.76,35.95,26.22,31.4,37.13,20.73,32.01,36.4,41.46,45.22,44.12
2016-10-24,35.28,15.34,19.63,19.63,18.1,18.71,19.23,3.37,8.59,13.19,10.74,12.88,17.31,30.37,29.75,24.85,26.38,29.81,30.98,21.78,26.07,30.13,19.33,26.69,29.81,38.04,39.74,38.46
2016-10-25,43.06,25.93,28.24,28.47,26.39,25.93,29.3,5.32,12.27,17.36,15.51,18.06,22.03,36.81,34.95,29.86,30.79,35.84,35.88,26.62,28.24,33.41,20.83,27.08,33.17,34.95,42.62,45.76
2016-10-26,50.09,30.43,32.84,34.32,31.66,31.84,35.21,6.12,16.14,21.52,19.55,21.42,25.29,42.49,39.52,34.45,35.75,38.91,39.7,29.42,31.47,36.58,19.93,28.12,34.82,39.11,44.55,47.28
2016-10-27,52.5,33.41,36.59,37.27,35.84,37.67,40.1,8.86,19.32,25.23,25.8,28.31,32.22,43.18,43.86,39.95,42.92,46.3,43.64,37.44,41.32,43.91,22.15,37.67,44.39,53.88,53.94,48.21
2016-10-28,66.26,45.29,44.38,46.81,43.73,44.95,48.24,13.98,24.62,30.7,31.19,33.03,38.34,46.2,50.15,45.26,46.18,49.52,49.24,41.28,43.43,48.24,26.61,37.61,46.65,47.4,54.31,55.59
2016-10-31,80.06,69.63,65.64,65.03,61.96,62.58,64.95,50.0,52.45,52.15,51.23,51.84,54.34,55.21,54.29,50.31,50.61,52.09,53.37,46.63,47.55,50.48,27.91,41.41,48.23,55.52,54.66,49.84
2016-11-01,86.79,74.49,73.12,70.16,66.97,67.43,68.97,48.75,52.62,53.99,52.39,53.53,55.37,59.91,57.86,54.21,54.21,56.32,58.77,52.62,53.53,56.56,35.99,44.87,52.51,55.13,58.47,58.23
2016-11-02,90.0,88.0,85.64,83.82,80.36,77.82,78.29,74.36,71.45,68.55,64.18,62.73,65.9,66.55,63.45,57.27,57.09,60.57,61.64,54.73,55.64,58.86,40.55,46.55,53.71,55.09,58.1,58.67
2016-11-03,85.65,73.51,73.29,72.63,69.76,69.09,70.44,42.83,54.08,57.84,54.97,56.95,59.82,66.89,66.89,60.93,62.47,64.43,69.54,58.72,61.15,63.74,47.46,54.53,59.35,59.38,61.43,60.28
2016-11-04,76.53,77.17,72.99,74.28,72.9,72.26,,76.85,69.45,70.42,67.1,67.42,,60.77,62.7,62.58,62.58,,66.88,66.45,67.42,,65.81,61.29,,55.81,,
2016-11-07,66.57,53.67,52.49,53.37,49.56,51.91,53.82,23.75,32.55,40.47,38.12,42.82,44.65,51.91,53.67,48.39,51.91,51.68,56.3,44.28,50.73,50.76,31.38,44.57,42.2,57.48,48.93,35.17
2016-11-08,65.05,51.87,51.43,51.65,48.57,50.99,53.44,20.66,32.53,37.8,37.58,40.66,43.12,52.31,50.99,46.81,49.01,50.92,49.45,41.1,46.59,48.39,32.31,40.88,45.64,45.71,51.61,47.02
2016-11-09,57.54,38.07,38.95,39.47,37.37,38.49,40.55,11.23,19.47,27.72,26.14,28.82,32.48,41.58,43.86,38.95,40.42,43.67,41.75,36.49,36.91,41.47,25.61,32.34,36.7,38.84,44.59,42.75
2016-11-10,54.11,40.91,41.56,42.21,39.61,41.09,43.18,23.16,32.03,33.77,33.33,35.65,36.82,42.64,43.94,40.04,43.48,44.32,39.39,36.36,39.57,41.82,26.84,36.52,37.95,45.0,45.68,34.77
2016-11-11,42.07,32.28,31.99,35.16,34.58,35.65,38.48,14.99,23.92,30.26,31.12,32.75,36.67,39.48,44.38,40.06,43.19,45.45,46.69,38.33,39.71,43.94,27.09,34.49,39.39,42.32,46.36,43.64
2016-11-14,34.72,29.17,28.24,28.7,28.24,28.37,30.92,14.81,20.83,25.46,26.39,33.02,34.3,37.96,45.37,40.28,43.26,45.41,44.91,34.26,41.86,43.0,24.54,36.74,38.16,48.37,47.34,36.23
2016-11-15,13.95,6.51,7.44,9.77,8.37,9.77,12.08,5.12,11.16,12.56,11.16,14.88,15.46,23.72,25.58,22.79,29.77,29.47,28.37,25.58,29.3,32.85,17.67,27.44,33.82,40.0,40.58,36.71
2016-11-16,14.1,17.63,20.51,19.23,23.15,25.72,24.3,31.73,33.33,28.85,32.48,35.05,33.07,31.41,26.6,30.55,34.41,33.07,21.47,29.26,33.76,31.47,37.3,41.48,30.68,42.44,29.48,9.16
2016-11-17,7.35,10.54,14.7,13.1,15.38,16.67,15.08,24.28,26.2,21.41,26.6,28.53,26.98,25.24,18.53,27.24,27.88,26.59,15.97,25.64,27.88,23.41,37.18,37.18,27.78,35.9,23.41,6.75
2016-11-18,6.69,9.55,13.06,10.51,13.74,14.7,13.44,22.29,26.43,20.06,24.92,26.52,24.9,28.66,17.2,26.52,27.8,25.3,10.51,23.64,26.84,21.34,37.38,37.38,27.67,36.1,21.34,5.53
2016-11-21,4.44,6.35,5.71,6.35,7.96,9.24,9.45,17.14,17.46,12.06,17.2,20.06,17.32,18.1,11.11,21.02,20.7,16.54,8.25,18.47,21.97,18.9,34.71,30.89,21.26,31.21,17.32,5.51
2016-11-22,3.76,6.59,6.12,6.12,6.62,8.27,8.14,18.35,18.35,13.65,17.26,21.75,17.73,18.82,9.65,18.44,21.75,16.57,7.06,17.49,22.46,18.02,31.44,34.04,22.97,36.41,20.64,4.36
2016-11-23,3.18,4.86,5.23,5.98,6.4,7.72,7.82,17.2,17.2,14.95,20.34,22.41,19.77,19.44,15.14,23.73,23.73,20.0,12.34,23.92,24.86,20.69,38.23,35.03,25.06,32.39,18.85,6.44
2016-11-25,4.2,6.31,6.31,6.31,6.97,7.88,7.66,16.22,15.02,12.61,15.76,16.97,14.96,15.62,12.01,20.3,20.91,17.15,13.21,20.91,22.42,17.88,33.64,32.73,20.07,30.0,16.06,6.2
2016-11-28,5.78,7.29,6.38,7.6,10.33,11.55,9.21,18.84,17.63,15.2,18.24,19.76,15.87,14.89,15.2,19.15,22.19,17.46,13.68,20.97,25.84,17.78,34.65,36.47,20.95,37.99,16.19,3.81
2016-11-29,4.36,5.96,5.28,6.65,8.72,10.09,8.15,20.18,17.66,15.6,16.28,18.12,15.35,15.83,13.53,17.43,20.18,16.07,11.24,18.81,22.71,16.55,34.86,32.57,22.06,31.42,17.51,7.19
2016-11-30,10.29,11.03,11.4,11.58,12.92,15.87,13.87,21.14,18.93,17.46,19.37,21.77,20.23,17.46,16.91,20.11,24.72,20.81,15.26,21.03,29.52,21.19,34.32,41.14,25.63,45.76,22.54,6.55
2016-12-01,15.54,18.47,21.4,19.14,20.36,21.72,20.8,27.25,28.83,23.87,26.92,29.41,25.77,27.25,21.85,25.57,29.86,27.19,15.32,26.24,32.13,23.17,40.05,44.8,29.55,46.38,22.93,7.57
2016-12-02,16.27,16.87,20.18,18.98,20.3,22.12,21.52,27.71,27.41,24.1,27.58,30.3,26.9,22.59,22.59,26.67,30.61,28.48,21.99,30.3,35.15,30.38,40.0,45.45,33.23,47.58,25.32,10.13
2016-12-05,2.13,3.34,3.34,3.95,5.47,6.69,4.46,9.73,8.21,10.03,12.46,13.68,12.74,8.51,10.64,16.11,17.63,13.69,11.85,18.24,24.62,16.88,34.35,37.39,25.16,37.39,19.11,7.96
2016-12-06,1.58,2.71,1.58,1.35,2.71,4.51,3.78,8.8,5.87,6.55,8.35,12.87,10.17,7.9,7.9,11.06,16.03,11.11,10.38,16.03,23.48,16.08,33.63,38.6,24.82,43.12,18.91,7.09
2016-12-07,3.79,4.69,4.33,3.79,4.87,6.32,4.91,11.55,8.3,8.12,9.93,13.72,10.96,7.22,7.58,9.03,14.26,10.4,10.83,14.62,21.66,14.56,30.32,35.2,22.12,37.91,15.88,6.24
2016-12-08,5.26,4.82,4.61,5.04,5.92,6.8,5.28,10.53,8.33,7.89,10.75,13.82,11.47,8.33,8.55,12.06,14.25,11.01,11.62,17.76,20.18,15.14,33.77,32.68,23.17,32.46,14.45,8.72
2016-12-09,2.63,3.22,2.34,2.34,3.51,4.09,3.36,9.94,6.14,4.97,6.43,9.65,8.56,4.39,4.09,6.14,9.65,7.03,9.36,14.33,19.01,13.15,33.63,32.75,22.02,32.16,13.46,8.26
2016-12-12,4.65,6.1,5.23,5.52,5.52,6.69,5.45,16.57,12.79,10.47,15.41,18.6,14.85,9.01,8.43,13.66,17.15,13.64,12.21,20.64,25.29,19.39,37.21,36.63,25.45,35.47,19.09,8.79
2016-12-13,4.14,4.79,4.14,3.92,4.79,5.66,5.0,11.98,8.93,6.75,12.64,16.56,12.5,7.41,6.54,13.73,18.3,14.55,11.98,22.0,27.02,21.14,43.36,40.96,29.55,36.17,20.23,10.45
2016-12-14,11.65,11.3,8.87,6.96,8.17,11.15,8.91,13.57,10.09,8.0,12.0,16.55,12.36,7.48,6.26,10.43,17.77,13.27,10.43,20.7,26.83,19.82,37.04,39.9,27.45,41.81,19.82,7.64
2016-12-15,7.08,5.15,3.86,3.43,4.51,5.6,4.05,7.51,5.36,4.94,7.08,9.05,8.33,4.29,4.29,7.94,12.93,10.36,10.52,20.82,25.0,19.37,36.91,36.21,27.93,35.99,19.37,10.59
2016-12-16,2.86,2.57,2.0,2.0,3.14,3.16,3.0,6.29,5.14,3.71,5.71,8.05,6.31,4.29,3.43,7.14,10.06,7.81,6.86,18.86,22.99,17.72,36.57,36.49,27.33,36.78,18.32,9.61
2016-12-19,5.96,3.67,2.29,1.83,3.21,3.23,3.35,7.8,5.5,4.13,6.42,7.37,8.13,4.59,2.75,6.42,7.83,8.13,5.96,16.97,21.2,14.35,39.91,36.41,25.36,32.26,19.14,9.57
2016-12-20,1.38,1.84,1.84,1.84,1.38,2.3,2.39,5.07,2.76,2.76,4.61,6.91,5.74,2.76,2.3,3.69,6.91,7.18,4.15,9.68,17.05,13.4,35.02,34.56,25.36,34.56,21.05,11.0
2016-12-21,7.64,4.28,2.42,3.91,5.07,3.56,6.64,4.1,2.05,3.72,5.07,5.25,11.21,3.91,8.19,15.01,12.57,19.22,28.49,29.46,21.01,31.12,31.33,19.7,30.89,12.38,31.12,54.23
2016-12-22,7.43,4.77,3.45,4.77,6.15,5.61,9.81,4.24,2.39,5.57,9.36,8.82,15.19,4.77,11.94,22.73,17.11,27.85,35.54,38.5,27.54,39.24,39.3,27.01,39.24,14.17,37.03,61.08
2016-12-23,5.65,3.87,3.87,5.36,6.91,6.61,8.66,5.06,4.46,7.14,11.11,10.51,15.16,6.55,17.56,24.92,20.72,27.44,36.31,38.74,27.93,33.94,39.64,27.33,34.3,13.81,28.88,46.21
2016-12-27,5.47,2.28,1.82,5.24,6.83,5.01,7.62,6.38,4.1,8.66,11.39,11.16,12.86,6.15,15.26,21.41,18.91,24.52,35.54,38.5,28.47,33.1,39.64,25.97,31.19,16.17,26.19,42.14
2016-12-28,16.42,12.59,9.49,13.32,15.93,14.65,18.36,14.96,10.4,16.79,20.51,16.48,21.8,8.76,19.34,25.27,20.88,27.72,36.68,41.03,30.04,37.86,42.49,27.84,38.81,14.29,32.12,60.99
2016-12-29,19.64,14.96,13.62,15.85,19.28,17.71,21.08,17.41,12.28,18.53,22.87,18.16,23.19,9.82,20.54,25.34,21.75,28.34,37.05,41.7,30.72,38.41,42.83,28.03,38.41,14.57,30.68,55.97
2016-12-30,27.16,23.58,20.0,22.99,25.83,21.32,24.14,21.49,15.82,20.9,27.33,21.32,27.59,11.94,24.78,30.63,24.32,31.03,40.6,47.15,34.83,40.75,46.85,29.73,40.44,12.91,28.53,55.8
2017-01-03,10.76,7.4,6.28,7.62,9.64,9.42,11.27,9.42,5.83,10.76,15.02,13.45,15.73,6.28,13.0,19.51,16.59,22.54,31.39,35.2,26.23,33.33,40.36,24.44,33.1,12.56,28.87,53.52
2017-01-04,10.04,6.45,5.02,5.73,7.71,5.91,7.13,7.17,4.12,6.45,8.6,7.35,10.51,3.94,9.68,14.34,8.6,13.51,25.09,28.14,15.59,22.7,32.44,16.49,24.58,8.06,18.01,48.41
2017-01-05,9.78,5.43,4.57,5.65,6.3,5.22,5.91,5.22,3.48,5.43,6.09,6.3,8.41,3.91,9.57,11.3,8.26,12.5,25.65,24.35,15.87,20.68,24.57,15.43,21.59,9.13,18.18,40.0
2017-01-06,9.86,5.51,4.93,5.8,5.8,4.93,5.15,4.93,3.77,4.93,6.09,4.64,7.58,4.06,9.28,10.14,6.96,10.91,26.38,24.64,14.2,19.7,24.35,13.04,20.61,6.38,15.15,43.33
2017-01-09,14.7,10.66,6.34,7.78,8.07,5.76,8.71,5.76,3.75,5.19,7.49,6.05,7.81,2.88,9.51,11.53,7.78,12.31,27.67,27.67,18.73,22.22,29.11,16.14,21.92,9.8,18.62,39.64
2017-01-10,15.12,11.88,7.34,7.99,7.56,6.26,7.88,7.56,4.32,5.83,7.34,5.18,7.88,3.02,7.13,7.99,6.05,10.36,27.86,25.05,17.28,22.07,23.76,13.17,20.95,9.72,19.59,42.79
2017-01-11,13.62,7.93,4.66,5.52,5.17,4.66,5.23,4.83,3.1,4.31,5.34,3.45,4.5,2.93,5.69,6.55,5.87,7.75,23.1,22.41,17.27,20.54,23.79,15.37,19.64,11.92,18.2,34.41
2017-01-12,10.0,5.53,3.19,3.62,4.04,3.63,3.79,5.11,2.98,3.4,4.26,3.42,4.24,2.34,3.83,5.96,4.06,6.92,19.36,23.4,16.24,20.76,30.64,17.31,22.99,9.19,18.08,40.18
2017-01-13,5.1,2.27,1.7,1.7,2.55,2.56,2.68,3.68,1.7,2.55,2.83,2.85,3.57,0.85,2.27,3.4,3.13,4.46,18.7,22.1,14.81,18.75,28.61,14.25,22.32,8.83,18.75,41.07
2017-01-17,13.3,6.42,4.13,3.67,4.59,4.13,4.76,5.05,2.29,4.13,5.5,6.42,7.14,2.29,3.67,5.5,5.5,8.57,18.35,21.1,13.76,20.95,26.15,14.22,24.29,12.84,22.86,50.95
2017-01-18,15.37,8.7,7.96,9.07,5.78,8.21,7.5,5.93,6.3,5.74,3.54,7.65,7.27,13.52,12.41,5.78,15.86,13.41,16.3,8.77,19.4,13.86,10.07,22.57,14.32,50.37,27.73,4.77
2017-01-19,21.58,12.89,12.63,13.42,8.22,11.67,10.66,7.11,9.74,10.0,4.51,10.08,8.46,18.16,20.26,7.69,16.71,13.17,22.37,8.49,18.04,12.54,6.37,17.77,11.29,41.38,21.63,5.64
2017-01-20,17.99,11.21,8.55,9.73,5.06,6.85,5.71,6.78,6.49,5.9,2.98,4.46,3.57,8.85,9.14,3.57,8.04,6.43,16.52,4.46,11.31,8.57,4.76,11.31,8.21,36.61,18.93,5.36
2017-01-23,19.46,11.38,8.08,8.38,4.49,5.99,3.44,8.68,6.59,7.19,3.89,6.29,4.06,9.28,8.08,3.89,6.29,4.37,11.68,4.79,8.98,4.06,4.49,10.78,4.69,37.13,11.25,1.88
2017-01-24,19.86,10.16,6.32,6.55,4.06,4.29,3.54,6.77,4.51,4.51,3.16,4.29,3.3,7.0,5.87,3.61,4.97,3.54,9.03,4.51,6.32,4.48,4.74,10.61,3.3,27.77,8.73,3.3
2017-01-25,14.83,6.87,4.16,5.97,3.81,4.72,3.22,6.33,4.7,5.24,3.81,4.72,3.79,6.69,6.51,4.36,5.63,3.6,10.49,5.26,7.99,4.36,4.72,10.89,3.41,28.13,7.77,1.52
2017-01-26,13.72,3.76,3.54,4.87,3.11,4.67,2.78,1.99,2.65,3.98,2.89,4.67,3.02,10.4,8.41,5.11,8.22,4.41,10.62,5.78,10.22,5.34,4.89,12.22,3.94,35.33,8.12,1.39
2017-01-27,6.21,2.66,1.78,2.37,1.79,2.68,1.55,2.07,2.37,2.96,2.98,5.06,2.8,4.73,6.8,5.36,7.14,4.04,10.65,7.14,11.61,5.59,7.44,13.39,5.59,29.17,8.07,1.55
2017-01-30,17.07,9.88,8.68,9.28,8.08,8.38,5.02,6.89,6.29,7.78,4.49,6.89,4.08,12.57,11.68,5.69,8.08,6.58,11.38,6.89,10.48,5.96,6.59,13.17,5.33,29.64,7.52,1.57
2017-01-31,20.67,12.0,10.89,12.0,9.56,10.22,8.14,8.67,8.22,10.44,5.33,8.44,5.12,12.67,13.56,6.22,10.22,6.98,16.0,7.56,10.89,6.98,6.22,12.67,5.58,30.0,7.44,1.63
2017-02-01,24.16,13.5,11.37,11.01,9.06,9.06,6.51,6.39,6.22,6.57,3.73,5.15,3.16,9.59,10.12,4.8,7.46,5.39,12.26,6.22,9.77,5.76,6.04,11.9,5.02,29.31,6.88,1.86
2017-02-02,26.72,16.38,13.36,14.44,10.34,11.21,8.56,6.9,6.9,8.19,4.74,7.97,4.05,10.34,12.28,5.6,9.91,6.76,16.59,7.54,12.28,7.88,6.03,14.22,7.21,36.21,10.36,2.93
2017-02-03,17.53,11.49,8.91,8.33,6.9,8.33,5.11,4.6,5.17,5.17,3.45,6.32,2.7,9.77,10.92,4.89,8.33,6.31,13.22,6.9,11.21,6.91,7.47,15.52,7.21,36.21,8.41,1.8
2017-02-06,16.86,12.29,11.14,9.71,6.29,10.0,5.36,6.0,7.43,6.57,6.0,8.0,3.87,12.57,13.43,6.57,12.0,5.65,16.86,7.14,15.71,5.65,6.57,20.57,7.14,38.57,10.42,1.49
2017-02-07,23.13,14.56,12.21,11.35,8.99,11.99,7.59,5.35,7.49,6.85,5.78,8.35,3.79,12.85,13.7,7.28,12.21,5.8,16.7,7.49,16.49,6.25,6.85,20.77,7.81,39.4,11.38,1.79
2017-02-08,23.42,13.16,11.79,10.77,7.86,10.62,7.14,3.93,5.98,5.98,4.27,7.19,3.75,13.16,13.5,8.21,13.36,6.43,17.44,7.69,17.64,7.32,7.35,20.89,8.21,40.41,11.79,2.14
2017-02-09,13.92,4.64,5.06,5.06,4.22,5.08,3.54,1.9,4.01,3.8,2.74,4.24,2.88,12.66,12.03,9.07,13.77,6.42,17.09,9.49,18.43,7.96,10.13,21.19,8.63,36.65,11.28,2.43
2017-02-10,13.48,2.53,2.81,2.81,2.81,3.11,2.65,0.84,0.84,0.84,1.69,3.39,1.47,8.43,7.87,4.21,8.76,4.13,13.48,6.74,19.49,7.67,10.11,27.4,9.44,45.76,12.68,1.47
2017-02-13,19.0,6.33,6.79,5.43,4.52,5.0,4.25,1.36,3.17,3.62,1.81,5.91,2.36,14.48,10.86,6.79,9.55,6.6,9.5,4.07,11.36,5.66,7.24,18.64,8.96,43.18,15.09,2.36
2017-02-14,38.18,15.45,9.55,10.0,6.36,7.27,5.19,0.45,0.0,0.45,1.82,1.82,1.42,8.18,5.0,2.27,5.45,3.3,5.0,3.18,6.36,3.3,5.45,11.82,5.19,32.73,8.49,0.47
2017-02-15,20.63,17.19,16.87,9.69,12.54,6.27,8.49,20.0,11.25,4.37,7.21,3.76,4.63,6.87,1.56,4.08,2.19,2.7,3.44,9.4,3.45,3.47,31.66,10.97,12.36,2.82,0.77,11.97
2017-02-16,18.69,16.2,14.02,9.66,11.88,5.63,10.38,20.87,10.28,4.36,7.5,4.06,6.15,5.3,1.56,4.06,2.5,4.23,4.05,10.62,4.06,6.92,32.5,11.25,14.23,3.75,4.23,33.85
2017-02-17,18.32,14.91,17.39,11.8,14.02,8.1,12.26,17.39,14.91,7.76,11.84,5.61,9.2,13.98,3.42,8.72,4.67,8.05,4.35,11.53,4.36,8.43,33.33,11.53,15.33,4.05,6.51,36.4
2017-02-21,13.36,14.29,14.29,10.14,12.73,7.87,11.33,23.73,16.13,10.6,13.89,8.56,12.18,7.83,4.15,8.8,5.32,8.5,5.76,15.97,7.41,10.76,34.03,12.73,15.86,6.48,9.35,34.28
2017-02-22,13.89,14.08,14.44,10.42,14.18,8.29,12.3,21.21,18.1,12.43,16.94,9.94,15.21,12.61,6.58,15.47,7.0,12.53,6.22,18.6,8.47,12.98,41.25,13.81,17.45,4.05,9.62,40.04
2017-02-23,4.95,12.76,12.76,12.5,16.27,13.12,14.55,34.9,29.43,25.0,30.71,25.46,27.86,21.35,17.45,26.51,18.64,24.15,13.54,27.03,20.47,25.08,42.78,25.2,31.27,11.02,22.29,45.2
2017-02-24,1.46,5.26,6.73,6.73,8.85,7.37,10.95,23.68,24.27,21.64,28.32,23.6,25.8,22.51,19.3,29.79,22.12,29.33,14.91,30.97,22.12,28.98,47.49,29.79,36.04,10.91,26.5,49.47
2017-02-27,3.56,10.39,14.24,11.87,15.13,13.06,13.93,34.42,34.42,29.08,31.75,25.52,28.48,31.45,22.26,28.19,21.66,25.7,13.65,26.41,18.4,20.74,41.25,21.07,25.08,9.2,16.41,35.91
2017-02-28,4.92,14.99,20.58,16.33,21.92,18.57,20.09,41.83,39.82,32.89,38.7,32.66,34.81,33.33,23.94,33.33,25.5,29.21,14.32,34.23,22.15,27.57,51.01,30.2,33.18,9.62,19.16,41.36
2017-03-01,4.84,12.19,15.95,13.8,16.91,14.75,17.26,34.59,33.51,28.14,32.55,26.08,29.08,26.16,21.15,28.78,21.94,27.02,14.87,30.22,19.96,23.83,45.5,24.82,31.14,9.71,19.51,41.84
2017-03-02,5.26,9.87,12.06,12.72,15.2,13.44,15.4,26.32,27.19,23.25,28.41,21.37,24.37,27.85,22.59,28.85,22.69,27.36,15.57,30.84,19.6,22.53,45.59,24.23,29.43,10.57,18.62,38.16
2017-03-03,4.4,8.5,8.21,8.5,12.39,10.62,10.15,24.93,21.11,18.77,21.53,15.93,17.85,17.89,12.9,21.24,14.45,16.0,9.97,24.78,16.22,16.0,44.84,21.83,21.85,8.26,11.69,28.31
2017-03-06,8.01,10.39,10.09,10.09,13.06,11.57,12.73,20.18,21.07,17.51,21.96,18.69,18.63,19.88,15.13,23.15,18.4,18.94,10.98,26.41,16.91,17.39,48.37,25.82,26.71,10.09,13.98,28.88
2017-03-07,6.61,8.81,9.03,9.69,12.33,10.57,11.06,20.26,21.59,19.6,23.35,18.5,20.51,20.7,18.06,24.01,17.62,20.28,15.64,26.87,15.86,18.66,43.61,20.26,25.12,8.15,14.29,34.1
2017-03-08,9.86,12.5,12.5,12.5,14.79,11.97,13.44,21.13,21.65,19.19,23.77,19.01,20.07,20.77,16.02,24.12,16.55,19.52,12.32,27.64,15.32,17.68,48.59,22.18,25.6,6.16,11.42,30.39
2017-03-09,13.89,16.45,16.24,15.6,17.31,14.74,15.62,24.79,24.15,20.51,24.15,19.23,20.09,20.94,15.6,22.22,15.6,17.63,12.61,23.29,14.53,16.07,43.8,20.51,22.1,8.33,11.38,29.02
2017-03-10,12.25,13.68,13.96,13.96,14.81,11.11,11.61,19.09,19.66,17.09,21.65,16.52,16.37,19.66,14.81,21.94,13.96,15.48,12.25,23.65,12.82,12.5,44.44,18.52,17.56,5.7,7.44,25.0
2017-03-13,9.63,11.61,10.76,8.5,11.61,5.95,7.67,19.55,17.28,15.86,20.11,10.48,12.98,13.03,11.9,18.98,7.08,9.44,13.6,22.38,6.52,11.21,39.09,9.63,13.86,3.68,7.67,33.04
2017-03-14,20.59,22.72,19.32,18.47,19.11,18.68,18.58,25.27,20.38,18.05,21.23,23.78,23.23,15.5,12.53,19.32,20.38,20.35,12.74,22.51,23.14,23.01,39.92,33.12,30.75,26.75,24.78,25.0
2017-03-15,19.66,20.68,16.44,14.41,14.92,15.28,15.04,18.98,14.92,11.69,16.78,16.98,16.81,10.68,7.46,13.56,15.28,16.28,7.8,19.83,20.71,19.29,38.98,31.07,29.38,23.77,22.3,24.25
2017-03-16,22.8,19.87,13.81,11.09,12.34,12.18,11.18,14.44,9.41,6.49,9.41,8.19,8.55,6.07,3.35,6.28,4.83,4.61,5.02,14.44,9.03,8.77,38.08,23.32,17.98,12.18,10.09,16.89
2017-03-17,18.11,19.5,13.37,10.86,11.98,,,21.73,13.09,8.64,11.42,,,8.64,4.18,5.29,,,4.46,10.58,,,32.87,,,,,
2017-03-20,24.22,24.22,19.73,13.9,15.25,10.81,10.75,25.11,17.49,14.8,15.7,9.01,10.75,13.45,8.52,10.76,4.05,4.67,5.38,9.42,3.15,4.21,26.01,4.5,6.54,1.35,2.8,21.96
2017-03-21,24.77,31.08,27.93,21.17,20.72,18.92,17.76,37.39,26.13,22.07,22.97,18.47,17.76,17.12,13.96,15.32,9.46,10.75,10.81,19.82,7.21,9.35,36.49,13.06,11.68,7.66,7.94,18.22
2017-03-22,53.45,46.0,36.55,34.18,23.99,24.73,26.89,28.73,17.82,20.36,6.59,9.71,14.89,6.18,12.0,3.3,4.76,9.33,29.64,3.48,8.24,12.67,1.83,5.68,11.33,30.04,37.33,39.78
2017-03-23,64.6,53.75,43.67,41.34,41.15,41.15,41.41,32.04,20.93,23.77,25.26,26.56,26.07,7.24,14.21,19.53,21.09,21.47,32.82,29.17,28.39,29.75,29.95,29.95,30.98,29.69,30.67,30.06
2017-03-24,65.22,52.75,40.0,40.0,,,,27.83,15.65,19.71,,,,4.64,10.43,,,,34.78,,,,,,,,,
2017-03-27,60.29,52.65,41.18,37.65,30.59,28.82,30.67,34.71,20.59,20.0,9.41,10.59,11.04,4.71,7.94,3.82,4.41,6.13,21.18,7.35,7.94,11.04,2.65,6.18,9.51,20.59,26.69,31.29
2017-03-28,54.77,42.35,32.82,30.82,20.84,19.51,18.75,22.39,8.87,11.31,5.76,6.43,6.71,3.55,6.43,3.33,3.55,5.32,21.51,7.32,7.32,8.56,2.66,6.43,6.02,20.62,17.13,16.9
2017-03-29,55.95,48.49,35.88,32.68,24.42,21.39,22.49,31.08,13.68,16.16,7.49,8.56,8.55,3.37,6.57,3.74,3.74,4.83,21.85,6.06,5.7,7.06,2.85,4.1,6.51,16.93,16.36,21.75
2017-03-30,57.83,46.74,34.78,32.83,24.24,21.4,23.23,23.48,9.78,14.57,6.77,7.21,8.43,3.04,8.7,4.8,4.15,6.61,28.26,8.95,7.64,9.79,2.84,3.49,7.06,16.81,17.54,25.06
2017-03-31,71.51,57.85,45.35,41.57,35.96,32.46,32.32,32.27,19.77,21.22,11.99,11.99,11.28,6.4,12.5,6.73,5.85,7.32,29.07,9.06,8.19,9.15,3.22,3.51,5.79,18.42,15.55,18.6
2017-04-03,76.18,64.12,52.94,49.12,40.0,38.53,38.77,30.0,19.12,20.0,12.94,13.24,13.54,6.76,11.76,5.29,6.76,7.38,21.76,7.94,10.29,10.46,5.0,7.65,8.92,21.76,18.46,18.46
2017-04-04,74.45,61.57,51.09,48.47,37.77,38.21,39.04,27.95,17.03,19.43,12.66,14.63,13.7,6.33,13.76,5.46,8.3,8.22,27.95,9.17,11.35,11.19,5.02,8.3,9.82,24.67,21.92,18.04
2017-04-05,81.15,67.36,59.51,56.89,48.17,47.64,46.9,39.27,26.53,28.62,19.9,21.82,21.72,10.47,20.77,8.38,12.57,13.32,39.27,11.52,16.23,16.24,5.41,11.69,11.31,33.51,29.93,23.91
2017-04-06,81.36,68.01,58.47,56.14,48.31,45.97,45.13,37.5,22.25,25.85,18.43,17.16,17.48,8.05,16.95,7.2,8.26,9.07,38.56,12.5,13.56,13.05,6.14,8.05,9.96,20.76,20.35,24.34
2017-04-07,83.62,70.34,62.15,60.17,53.67,53.39,53.1,39.83,29.1,32.2,23.45,24.01,25.07,13.56,26.55,13.84,14.97,15.93,41.81,13.56,16.95,16.22,6.21,9.6,9.73,23.45,24.19,24.19
2017-04-10,91.85,83.15,76.12,72.75,68.26,64.33,65.2,60.39,46.07,47.19,36.24,35.96,37.43,23.31,35.67,21.63,24.16,24.85,45.79,21.63,23.88,24.85,4.78,12.64,15.2,31.46,30.41,30.99
2017-04-11,96.63,90.32,84.84,81.68,77.89,73.68,71.93,65.26,50.95,51.37,41.89,41.89,42.54,25.05,38.11,24.0,27.58,27.63,46.95,24.42,28.21,28.29,7.79,17.05,20.18,31.58,33.33,33.55
2017-04-12,95.97,91.6,86.22,83.36,79.83,75.72,75.22,74.45,62.02,60.0,49.92,50.59,51.67,36.64,46.39,29.75,33.56,32.69,52.27,26.05,30.19,29.17,6.05,17.37,16.52,39.29,34.45,28.3
2017-04-13,94.81,89.83,85.06,82.16,77.8,74.53,73.86,75.93,63.28,61.2,52.9,51.77,53.38,39.21,47.72,35.89,37.16,37.47,55.39,31.95,33.82,35.08,9.34,19.62,23.75,35.49,39.0,35.95
2017-04-17,90.67,85.33,80.89,78.22,71.56,70.09,69.91,69.78,56.44,55.56,46.22,47.77,47.22,29.33,41.78,27.56,33.04,31.02,49.78,24.89,29.91,27.78,6.67,15.62,16.2,41.52,34.72,25.46
2017-04-18,84.82,83.04,79.46,75.89,69.2,66.52,67.13,71.43,58.48,59.82,46.88,48.21,47.69,29.46,45.98,26.79,30.36,30.56,56.25,23.66,26.79,27.31,4.91,11.61,13.43,33.04,32.87,29.63
2017-04-19,85.17,69.98,68.72,56.06,54.01,52.37,56.64,40.33,49.01,30.38,31.57,31.39,38.72,56.24,24.05,25.18,25.91,37.61,3.98,9.12,14.6,26.77,25.91,31.02,43.14,33.94,49.56,64.6
2017-04-20,82.31,71.03,63.85,53.33,50.0,48.45,53.35,36.67,41.28,23.85,25.13,27.98,33.54,44.87,10.77,16.32,20.47,32.01,3.08,6.22,13.47,24.09,29.02,33.16,47.26,34.97,52.44,70.12
2017-04-21,85.63,71.84,69.83,58.62,56.1,51.16,56.25,40.8,46.26,29.89,28.78,28.2,35.42,50.57,20.98,20.64,20.35,31.25,3.74,7.27,10.17,20.49,25.87,23.84,39.93,21.51,45.14,69.44
2017-04-24,52.77,38.78,36.73,26.53,23.62,23.32,25.53,16.62,18.37,8.45,8.16,9.33,11.85,19.53,4.96,6.12,7.58,12.16,3.79,4.66,6.71,13.37,20.99,20.7,30.4,25.66,39.82,52.28
2017-04-25,52.53,38.24,39.56,29.23,27.25,25.93,28.9,16.92,23.96,11.87,11.21,12.53,14.91,32.97,9.01,10.11,12.09,16.74,4.62,6.15,8.79,13.53,20.66,20.44,27.75,25.71,38.53,47.02
2017-04-26,45.6,32.57,33.45,23.77,23.67,22.26,24.31,15.32,22.18,11.62,12.54,13.6,15.47,33.45,10.04,13.07,14.13,18.23,5.11,9.54,11.66,14.92,24.2,23.85,30.57,26.5,36.83,43.83
2017-04-27,47.63,32.33,32.54,23.28,21.86,21.65,24.15,12.93,17.03,8.62,9.96,12.12,13.77,26.51,8.41,10.39,12.99,17.61,5.17,8.66,12.12,15.35,22.29,23.59,33.18,29.0,41.31,49.21
2017-04-28,41.5,32.28,31.12,24.21,21.74,20.58,24.17,17.58,22.19,12.97,13.04,13.91,15.41,30.84,9.51,12.17,12.17,17.22,5.19,7.83,9.86,14.2,22.32,22.03,28.4,22.61,38.97,48.64
2017-05-01,45.19,29.15,27.99,20.7,19.53,18.37,21.34,11.66,14.29,8.75,9.33,10.79,14.63,23.03,7.58,9.33,10.5,14.63,4.37,7.29,8.16,12.2,23.62,21.57,29.27,19.53,34.15,50.0
2017-05-02,34.63,24.89,25.97,19.05,19.05,18.83,20.59,15.15,20.78,12.77,14.07,15.37,16.52,28.57,10.61,12.55,13.42,19.0,4.98,7.58,10.82,13.35,23.81,25.76,31.0,24.03,35.97,43.67
2017-05-03,42.73,30.8,34.26,23.88,23.18,23.18,25.32,16.61,24.57,14.88,16.44,16.96,18.81,35.47,12.8,16.96,16.96,21.34,5.36,7.44,10.55,13.2,24.05,26.64,30.92,24.39,34.18,39.78
2017-05-04,37.61,28.99,26.47,19.33,18.49,18.49,20.39,14.71,18.28,11.13,10.5,11.55,13.82,23.74,8.19,7.77,8.61,12.28,4.2,5.88,6.72,10.31,19.96,19.96,25.88,18.49,28.95,39.04
2017-05-05,42.86,26.89,25.77,18.49,17.93,18.21,19.88,11.2,15.13,7.56,7.28,9.8,11.99,24.37,7.0,6.44,7.28,11.4,2.8,4.76,6.16,8.48,19.89,20.45,26.9,18.49,29.24,41.23
2017-05-08,35.93,19.78,17.83,13.09,11.7,13.09,14.2,5.57,8.36,4.46,5.29,5.01,8.41,16.71,4.46,5.57,7.8,12.75,2.23,4.18,6.13,12.46,22.28,25.07,28.99,22.84,32.46,41.16
2017-05-09,36.95,21.09,18.79,13.78,12.73,13.57,14.78,6.47,8.98,5.22,6.26,5.64,9.13,17.75,5.43,6.26,8.14,13.7,2.51,4.38,6.47,13.26,22.55,25.26,30.0,23.59,33.04,41.52
2017-05-10,42.9,24.54,19.53,15.03,13.36,14.91,15.88,7.18,7.85,3.34,3.84,4.69,6.98,10.35,3.34,4.34,6.37,10.3,2.5,5.18,6.87,13.09,23.37,25.29,30.37,24.29,34.03,41.54
2017-05-11,29.48,21.86,17.53,12.37,12.37,13.49,14.07,12.58,12.78,6.6,8.04,8.3,11.26,14.85,3.71,4.54,6.22,10.39,1.44,3.51,5.19,9.96,23.51,24.69,30.52,24.07,33.98,41.13
2017-05-12,27.47,17.31,12.91,8.79,7.97,8.59,10.12,6.87,7.14,3.57,3.3,4.16,4.91,9.07,2.2,2.47,3.32,5.78,1.65,3.02,4.71,10.12,17.86,21.05,29.48,24.38,36.13,45.95
2017-05-15,26.87,18.94,14.1,11.01,9.25,9.29,10.55,12.78,12.78,5.73,5.73,7.52,8.26,11.45,2.2,2.2,5.75,5.5,1.32,2.2,4.87,7.34,14.1,18.58,23.39,26.55,33.49,35.78
2017-05-16,42.04,31.42,24.34,13.27,12.83,12.39,14.22,12.39,11.5,3.98,2.65,5.31,6.42,7.52,1.33,2.21,2.65,5.05,0.88,1.77,3.98,5.05,14.6,14.6,21.1,22.12,28.44,36.24
2017-05-17,65.44,64.53,50.15,44.95,41.1,42.64,38.72,56.27,33.33,27.22,27.91,31.9,22.56,3.06,5.2,6.13,16.26,5.64,18.65,19.33,27.91,12.03,20.55,33.74,13.53,49.69,4.14,0.0
2017-05-18,69.82,64.63,49.09,44.51,42.81,43.73,40.82,50.61,24.09,21.95,25.69,31.5,21.72,2.74,4.57,10.09,21.1,9.74,20.73,27.52,36.7,17.23,32.42,47.71,16.48,56.57,8.61,0.0
2017-05-19,41.03,36.47,19.15,16.11,16.16,18.6,14.18,22.49,3.04,2.43,3.35,6.71,2.99,0.0,0.61,1.52,5.49,1.49,12.46,16.16,23.48,7.46,17.07,30.49,10.07,48.48,2.61,0.0
2017-05-22,28.18,23.03,8.48,7.88,7.6,12.16,2.97,16.36,1.82,1.52,2.74,4.56,2.23,0.0,0.3,1.22,3.65,1.12,7.88,11.25,21.28,3.72,16.11,29.79,6.32,48.33,0.74,0.0
2017-05-23,28.09,20.22,7.42,7.42,7.22,11.74,4.4,15.06,1.35,1.8,3.16,5.42,2.47,0.45,1.12,2.03,5.64,1.92,8.09,16.25,23.7,7.42,23.93,35.89,11.81,47.63,2.75,0.0
2017-05-24,27.09,15.33,4.46,3.21,2.88,4.14,1.96,7.13,0.36,0.89,1.8,2.34,1.09,0.36,0.36,1.44,2.16,0.65,6.95,10.43,20.5,3.48,19.24,33.09,8.04,46.94,1.52,0.0
2017-05-25,30.2,19.54,5.84,4.31,4.1,5.13,2.41,11.93,1.02,1.27,1.79,2.05,0.9,0.76,0.76,1.79,1.79,0.6,7.11,11.28,18.46,2.41,21.54,30.0,4.22,38.97,0.9,0.0
2017-05-26,29.34,21.37,6.27,4.27,3.46,4.9,2.75,15.38,1.42,1.42,1.73,2.02,1.03,0.57,0.57,1.44,1.73,0.69,5.7,6.34,14.7,2.06,16.43,26.51,1.37,38.33,0.34,0.0
2017-05-30,38.21,29.26,8.3,8.3,7.86,9.17,3.87,16.16,1.09,1.31,2.62,3.93,1.37,0.22,1.09,1.53,3.06,0.68,9.39,10.48,16.38,2.51,17.9,24.24,1.14,40.61,1.37,0.0
2017-05-31,40.56,31.12,11.01,9.27,7.54,10.35,4.57,16.26,1.57,1.57,2.46,4.39,1.65,0.35,0.87,1.75,2.98,0.73,7.69,7.89,14.56,2.56,13.86,24.56,1.46,50.18,2.01,0.0
2017-06-01,42.74,30.13,8.33,6.62,6.65,7.08,3.58,12.82,0.64,0.64,1.5,2.79,0.67,0.0,0.43,1.29,1.93,0.67,6.62,6.87,12.45,1.79,17.6,22.1,0.89,35.84,0.67,0.0
2017-06-02,37.43,28.29,8.0,6.57,6.9,8.05,4.19,14.57,1.43,1.14,1.72,3.74,1.2,0.57,0.57,1.72,2.59,0.9,6.57,7.76,15.23,2.99,19.25,26.72,2.69,41.09,2.1,0.0
2017-06-05,42.49,32.95,16.18,12.14,10.98,14.16,7.25,20.52,2.02,2.02,2.89,5.2,2.42,0.29,0.58,2.6,3.76,0.91,6.94,9.25,15.03,3.63,20.52,33.24,4.23,51.45,1.81,0.0
2017-06-06,43.35,36.27,17.6,15.45,14.16,16.52,8.52,21.03,4.51,3.43,4.08,7.94,2.91,0.86,1.29,3.0,4.29,1.79,8.37,11.37,17.17,3.59,20.82,29.4,2.47,42.27,1.57,0.0
2017-06-07,44.77,36.71,17.84,14.07,12.86,15.44,7.17,21.44,3.95,2.92,3.09,5.15,2.51,0.34,1.2,2.74,3.26,1.61,7.55,9.78,15.44,3.05,21.27,29.5,3.05,42.54,1.97,0.18
2017-06-08,40.62,32.92,15.21,11.88,10.62,12.5,5.43,20.83,3.54,2.71,2.71,4.37,2.39,0.0,1.04,2.29,3.12,1.74,7.29,7.08,11.88,2.17,17.5,27.5,2.61,41.46,2.17,0.0
2017-06-09,46.39,39.44,19.17,16.39,13.06,15.83,7.25,25.83,5.28,3.89,2.78,4.44,2.61,0.56,1.67,2.5,3.06,2.32,8.33,6.94,10.83,2.32,15.83,23.89,2.61,36.39,1.45,0.29
2017-06-12,51.66,44.75,25.97,20.72,20.72,21.82,12.36,33.98,9.67,6.35,8.01,9.94,2.3,0.55,1.1,2.21,2.49,2.3,6.08,7.18,15.75,3.16,17.13,30.11,3.16,44.75,2.3,0.0
2017-06-13,45.96,38.1,19.05,15.11,13.46,15.73,6.03,24.02,4.76,2.28,2.48,3.93,1.72,0.0,0.83,2.28,2.48,1.94,4.76,6.63,11.59,2.8,22.15,30.23,3.02,36.23,0.65,0.0
2017-06-14,50.17,42.88,23.01,18.87,16.39,17.77,7.96,33.28,7.45,3.81,3.81,5.48,1.9,0.0,0.66,1.99,2.33,1.38,4.64,4.3,9.47,2.25,16.72,28.57,2.42,36.21,0.17,0.0
2017-06-15,45.19,41.72,21.27,18.0,16.77,18.11,8.8,38.04,8.38,6.34,6.54,8.85,2.36,0.0,1.02,2.45,2.88,1.72,6.54,8.59,17.28,3.0,22.49,30.86,2.58,36.42,0.43,0.0
2017-06-16,38.15,39.24,19.89,16.89,14.99,16.48,8.02,41.96,9.26,7.63,7.9,9.07,2.58,0.0,1.09,1.91,2.47,1.43,5.72,6.54,11.54,2.29,16.35,28.85,2.01,35.44,0.29,0.0
2017-06-19,30.57,34.93,21.4,13.97,13.97,16.67,8.64,47.16,14.41,10.92,10.48,11.4,3.64,0.0,0.44,2.18,2.63,1.82,3.93,4.8,8.33,1.82,13.1,25.44,2.27,39.04,0.45,0.0
2017-06-20,45.18,43.86,31.14,25.0,20.61,21.93,13.64,42.54,14.91,12.72,11.84,12.28,4.55,1.32,0.88,2.63,3.51,2.27,4.39,5.26,10.53,2.27,13.16,25.0,2.73,38.6,1.82,0.0
2017-06-21,48.58,27.13,21.1,17.2,18.43,5.9,6.48,4.79,3.01,2.84,4.11,1.25,2.16,4.79,4.08,6.26,1.43,2.16,7.98,17.71,1.25,1.73,29.7,0.72,0.65,0.0,0.0,12.74
2017-06-22,44.08,22.17,16.37,13.35,15.52,3.05,4.18,1.76,1.51,2.27,3.56,1.02,1.19,3.78,3.53,6.11,1.02,2.09,8.56,21.37,1.53,2.09,40.2,1.02,1.19,0.0,0.0,12.24
2017-06-23,44.35,22.03,14.12,12.43,14.57,2.86,4.42,1.69,1.69,2.54,3.43,1.14,1.02,3.39,3.39,4.86,1.14,2.04,8.19,19.71,1.43,2.04,36.0,0.57,1.02,0.0,0.34,12.93
2017-06-26,45.4,26.44,16.95,12.07,14.37,3.74,4.19,4.6,2.01,2.3,4.89,1.44,1.2,4.02,4.6,6.9,1.44,1.2,10.06,15.8,2.3,1.5,29.6,0.57,0.6,0.0,0.0,8.08
2017-06-27,51.73,34.42,28.79,25.11,26.41,12.77,10.61,9.74,6.06,7.79,11.69,3.25,3.39,6.93,9.74,16.45,3.68,3.61,19.7,27.06,3.25,2.93,38.1,1.3,0.9,0.22,0.0,5.42
2017-06-28,42.46,26.34,18.89,16.12,17.04,6.43,6.16,5.72,3.64,5.72,7.83,2.43,2.54,5.89,7.45,13.74,3.13,2.9,14.21,22.43,3.13,2.9,37.22,1.57,1.09,0.17,0.0,5.62
2017-06-29,54.45,35.81,28.81,26.06,29.36,13.83,12.42,8.26,5.3,7.42,12.98,3.62,3.55,6.36,9.75,18.09,4.26,3.99,20.55,32.13,4.04,3.99,44.04,1.91,1.33,0.0,0.0,6.87
2017-06-30,68.56,44.76,35.98,31.73,35.33,20.51,18.4,8.78,6.23,8.5,13.96,4.84,4.75,6.8,10.76,19.09,5.41,4.75,21.25,32.76,4.84,4.75,43.87,2.85,1.48,0.57,0.3,6.82
2017-07-03,67.91,48.71,40.69,36.39,38.4,23.5,22.46,12.32,13.47,16.62,21.2,7.16,6.59,16.62,19.2,26.07,6.88,6.29,20.92,34.96,5.16,4.79,47.56,2.87,1.8,0.0,0.0,8.68
2017-07-05,59.11,42.08,35.43,32.03,36.63,22.49,20.28,13.46,12.95,15.67,22.15,8.01,6.94,11.93,16.18,26.41,7.16,6.41,22.49,39.01,6.13,6.41,51.79,4.77,3.02,0.51,0.0,9.25
2017-07-06,69.15,54.66,47.83,45.55,48.65,34.99,32.61,21.33,22.98,25.05,32.3,15.32,14.47,23.4,27.74,39.75,9.94,9.5,30.43,47.2,7.87,9.07,56.94,4.55,5.62,0.21,0.22,15.55
2017-07-07,65.29,46.01,40.77,36.91,40.22,24.79,24.43,12.67,12.67,15.7,20.94,8.54,7.47,12.12,17.08,27.82,6.89,7.47,24.79,41.05,6.61,7.47,52.62,4.68,5.17,1.1,0.86,13.79
2017-07-10,61.92,46.03,41.1,38.63,39.45,27.12,25.64,18.63,18.08,21.37,26.03,9.59,9.4,15.89,20.27,31.23,5.48,5.7,27.4,42.74,4.66,5.13,51.78,3.29,3.99,0.0,0.0,13.68
2017-07-11,63.45,49.9,41.89,39.63,41.07,28.54,25.21,21.77,17.66,20.12,25.46,10.06,6.84,10.27,16.63,27.93,4.31,4.27,27.1,42.71,4.52,4.27,51.95,2.87,2.99,0.0,0.0,9.83
2017-07-12,44.99,32.68,27.59,26.93,30.87,16.97,15.27,15.76,14.29,17.24,23.65,7.08,5.32,12.32,17.9,28.57,4.78,4.29,26.77,42.2,4.61,4.29,51.4,2.64,2.74,0.0,0.0,8.23
2017-07-13,20.28,19.47,16.02,17.24,20.28,8.98,8.09,16.84,16.02,17.24,23.12,7.14,5.74,14.2,15.62,26.98,4.08,4.26,21.5,38.74,3.47,4.04,51.12,2.45,2.98,0.0,0.0,10.64
2017-07-14,14.86,13.51,11.35,11.62,14.05,5.99,4.26,14.59,13.24,14.05,21.35,5.45,5.11,11.08,12.97,24.86,3.81,3.41,23.24,40.27,3.0,3.98,50.27,1.91,1.99,0.0,0.0,8.52
2017-07-17,13.85,14.29,10.39,12.55,14.72,6.96,5.86,16.88,16.45,18.18,20.78,10.0,9.01,16.45,19.05,30.3,7.83,5.41,27.27,39.39,6.09,4.05,49.78,2.61,1.8,0.0,0.0,6.76
2017-07-18,13.48,10.43,7.83,10.43,10.87,4.35,4.05,11.74,12.61,14.78,17.83,7.83,5.41,13.91,18.26,24.35,7.39,5.41,27.83,40.0,5.22,5.41,50.43,2.17,2.7,0.0,0.0,10.81
2017-07-19,14.29,11.99,11.11,15.17,2.14,2.14,1.93,15.34,12.35,17.64,3.2,3.02,3.43,13.4,24.34,1.96,2.31,2.15,36.86,1.25,1.42,0.86,0.0,0.0,0.0,14.41,3.0,3.0
2017-07-20,14.0,13.25,12.75,16.75,2.53,2.53,2.37,20.25,16.25,21.75,3.28,3.54,3.85,13.25,25.75,2.27,2.27,2.07,38.25,1.26,1.52,0.89,0.0,0.0,0.0,13.38,2.66,1.18
2017-07-21,10.64,10.64,10.92,15.13,2.83,2.83,2.69,17.93,16.53,21.85,3.97,4.53,4.71,19.05,31.37,3.12,3.4,3.7,38.66,1.98,2.83,1.68,0.28,0.57,0.0,16.15,2.69,0.67
2017-07-24,18.52,16.24,15.95,19.09,3.99,4.27,2.97,21.08,17.38,24.5,5.41,5.98,4.45,14.53,27.35,3.42,4.27,2.67,40.46,2.28,2.56,1.48,0.0,0.28,0.0,17.95,3.86,0.59
2017-07-25,7.94,8.37,7.94,15.45,4.08,4.29,3.13,20.17,19.1,28.76,6.87,9.01,6.49,18.67,34.98,5.36,6.44,4.47,48.07,3.0,4.29,2.46,0.0,0.64,0.0,24.46,6.49,1.57
2017-07-26,11.34,11.68,13.92,21.48,7.07,7.24,5.92,20.96,23.54,32.99,9.83,12.24,7.9,24.57,40.72,7.93,10.69,6.1,54.12,4.83,6.03,3.77,0.17,1.21,0.18,24.48,6.46,1.44
2017-07-27,20.38,22.06,24.16,29.62,13.29,13.92,9.23,29.62,28.78,36.76,14.35,15.82,10.33,25.21,40.55,8.65,11.81,6.37,54.2,5.27,7.59,4.18,0.21,1.48,0.22,28.27,6.59,0.88
2017-07-28,17.42,16.29,23.03,29.21,12.71,13.84,9.12,25.84,28.93,37.08,14.12,16.1,11.18,32.87,43.26,9.32,13.28,9.41,54.21,5.37,8.19,5.29,0.0,1.69,0.29,31.64,7.94,1.76
2017-07-31,21.08,21.08,22.22,27.35,13.11,13.39,9.23,28.49,28.49,37.32,13.68,14.53,8.33,26.21,40.74,6.55,9.4,4.46,53.56,4.27,5.41,1.49,0.0,0.0,0.0,23.36,4.46,0.6
2017-08-01,21.78,23.26,24.95,30.87,16.91,16.7,11.48,32.56,34.25,39.75,19.24,18.39,11.7,32.35,45.03,8.46,10.99,6.4,54.33,4.65,6.34,2.87,0.0,1.06,0.0,23.47,5.3,1.1
2017-08-02,16.39,20.61,22.3,30.41,16.22,16.39,12.17,34.97,35.81,45.1,20.95,21.45,14.64,34.46,49.83,11.15,13.85,8.82,60.3,5.91,7.77,5.29,0.17,1.52,0.18,23.82,6.53,2.82
2017-08-03,14.78,17.66,21.15,28.95,14.58,16.43,11.99,26.28,33.88,43.33,19.71,21.56,16.92,43.94,52.57,15.61,18.28,10.71,60.57,6.16,9.45,6.42,0.21,2.05,1.28,33.06,9.85,4.28
2017-08-04,12.3,15.3,18.31,22.13,11.75,11.2,9.69,27.6,33.61,40.71,17.49,18.85,15.1,37.16,49.18,10.66,14.48,8.83,56.28,5.46,7.38,5.98,0.27,1.91,1.99,24.59,8.55,5.13
2017-08-07,12.5,17.93,20.65,26.36,12.23,14.67,11.58,29.89,32.34,39.67,19.29,21.74,14.97,34.78,49.18,10.87,14.13,7.63,60.33,3.53,6.79,4.52,0.0,2.17,0.85,29.35,10.45,3.67
2017-08-08,16.5,24.44,26.07,32.99,18.74,19.55,17.37,36.86,36.46,44.4,22.2,26.48,20.97,37.68,51.32,12.63,18.53,12.71,61.91,4.48,9.98,6.57,0.0,2.44,2.54,36.66,15.47,5.72
2017-08-09,21.5,28.34,29.32,35.99,22.15,22.71,19.56,40.88,37.95,45.44,24.92,27.78,23.98,33.06,48.7,13.52,19.93,14.12,61.73,7.49,13.56,8.16,0.98,2.61,2.55,37.42,15.99,6.46
2017-08-10,86.52,83.5,82.09,80.89,72.84,71.26,70.04,76.46,73.64,73.44,55.94,56.68,56.12,63.18,69.42,46.28,49.6,43.88,74.45,22.13,33.81,27.43,1.41,6.88,6.54,58.1,32.49,12.87
2017-08-11,83.11,79.62,78.02,78.82,70.24,69.46,67.89,69.71,69.44,70.51,54.16,55.14,54.65,63.27,70.78,49.87,51.62,48.17,77.75,28.69,37.84,32.39,1.88,8.65,9.01,54.05,36.62,15.77
2017-08-14,60.52,56.22,54.08,57.51,43.78,46.55,41.96,48.07,46.78,51.93,30.9,36.64,29.46,44.64,53.22,21.89,28.88,21.88,65.24,8.58,20.69,15.18,0.43,4.31,4.02,48.28,22.32,7.14
2017-08-15,53.02,47.84,49.14,53.88,39.66,41.38,37.5,35.78,43.53,48.28,29.74,34.05,29.46,50.0,56.9,24.14,33.62,24.55,65.52,9.05,21.55,17.41,0.86,5.17,5.8,49.14,26.79,11.61
2017-08-16,44.78,46.87,52.54,31.64,34.73,32.63,32.12,49.85,54.03,20.3,25.15,23.05,25.91,64.78,5.07,12.57,12.28,14.23,0.0,1.8,2.1,2.92,39.82,23.05,21.53,15.27,14.6,14.6
2017-08-17,78.57,75.3,77.68,63.69,60.9,57.31,57.82,67.56,74.11,50.6,50.15,46.57,47.27,84.23,34.23,39.4,32.84,33.45,0.6,5.37,6.87,8.36,46.57,28.96,25.45,17.91,14.91,14.18
2017-08-18,76.56,72.7,74.78,61.13,58.63,56.85,57.97,66.17,72.7,49.85,49.11,47.02,48.19,83.98,35.31,40.18,36.31,36.96,0.89,6.25,10.12,12.32,47.32,32.74,33.33,23.21,24.28,20.29
2017-08-21,60.06,58.88,66.57,50.59,50.15,45.1,47.65,57.1,68.34,43.49,43.92,40.95,39.35,80.77,27.22,33.83,27.89,27.44,0.59,4.15,5.64,6.5,45.99,28.49,25.27,17.51,14.44,14.08
2017-08-22,46.27,45.61,52.41,31.14,36.34,32.6,29.87,41.23,53.51,21.71,29.3,23.57,21.87,67.98,9.43,22.25,15.64,15.47,0.22,2.86,3.08,3.2,45.59,24.01,19.47,11.23,7.73,10.13
2017-08-23,54.61,56.7,59.13,44.52,44.56,43.68,44.51,55.83,61.04,35.3,40.18,36.14,37.13,68.17,13.74,27.54,24.39,23.63,0.7,4.04,6.49,9.92,46.67,34.74,32.49,21.4,21.52,20.04
2017-08-24,52.97,55.69,59.9,41.58,44.75,41.75,41.81,58.91,63.12,34.9,40.5,34.75,32.46,67.08,10.64,25.25,19.75,19.59,0.5,3.0,4.25,5.56,47.5,31.5,25.44,15.0,14.33,12.57
2017-08-25,37.78,45.28,51.94,30.0,35.11,33.43,30.33,58.89,61.11,32.78,38.2,32.02,28.67,63.89,9.17,20.51,17.7,17.67,0.28,2.81,3.65,5.0,41.01,27.81,22.33,14.33,14.0,14.0
2017-08-28,40.68,50.0,50.28,37.85,37.85,34.75,34.12,56.78,58.19,32.49,33.9,30.79,26.47,62.15,10.73,18.36,15.82,13.24,0.0,4.24,4.24,5.88,41.53,26.84,20.88,14.97,10.29,12.06
2017-08-29,46.6,51.7,53.19,39.79,39.79,37.45,36.14,56.81,60.0,33.19,35.32,31.7,28.16,67.23,13.4,19.36,17.23,14.63,0.0,4.26,4.26,5.54,41.28,27.45,21.51,16.17,12.2,13.53
2017-08-30,43.27,50.77,52.81,39.18,39.15,36.58,35.41,56.56,60.65,33.56,36.41,31.97,28.83,66.95,13.97,20.34,18.12,15.66,0.34,4.79,4.62,6.05,41.54,27.86,22.24,16.92,12.99,14.23
2017-08-31,32.5,40.62,44.79,29.17,31.17,26.57,25.49,52.71,53.12,26.25,30.33,24.69,23.75,57.5,7.71,15.69,13.18,11.98,0.0,4.81,3.35,5.66,40.59,22.8,19.83,11.72,9.8,14.6
2017-09-01,29.53,37.6,44.29,30.08,31.93,27.73,25.95,50.42,53.76,29.25,32.77,26.61,25.07,65.18,12.53,19.05,16.25,13.41,0.0,5.6,3.92,5.25,40.34,23.53,18.66,12.04,9.33,11.95
2017-09-05,50.0,53.78,58.19,42.86,42.23,40.97,41.01,55.04,61.13,36.55,38.24,36.97,33.33,70.59,22.27,27.52,26.26,23.46,0.42,5.46,6.93,8.33,42.44,31.09,24.78,20.38,14.91,13.38
2017-09-06,41.95,46.31,51.51,36.74,38.42,37.25,37.13,50.17,55.7,32.38,35.07,34.23,31.87,63.09,20.81,26.34,26.17,24.87,1.68,7.38,9.23,11.03,43.46,33.05,29.42,21.81,18.56,18.21
2017-09-07,26.88,33.81,41.55,26.48,31.16,28.92,28.87,46.23,51.73,27.9,33.6,31.77,30.79,59.47,14.66,26.48,24.64,24.2,1.02,9.37,9.16,11.04,54.38,37.68,33.12,16.7,16.77,21.02
2017-09-08,40.38,45.8,50.68,37.67,41.46,39.02,39.83,51.76,57.45,33.06,40.38,37.4,36.16,64.77,19.24,29.54,29.27,27.97,1.08,10.57,10.84,11.02,54.47,44.17,34.75,21.68,18.93,18.64
2017-09-11,12.4,21.29,26.68,17.79,22.1,19.95,20.17,41.78,45.82,25.07,32.08,29.65,29.69,52.56,11.32,23.72,22.91,22.13,1.08,8.89,9.43,10.36,54.72,40.16,34.45,18.06,17.93,19.05
2017-09-12,14.55,23.43,28.48,18.38,20.81,18.99,18.91,37.98,43.03,22.83,27.07,27.27,25.84,52.32,9.9,20.61,19.39,18.49,1.21,6.26,6.46,6.72,49.29,36.97,28.36,17.98,13.87,15.34
2017-09-13,18.26,23.42,25.36,13.41,15.51,15.4,14.17,31.99,35.54,13.25,18.9,18.48,15.35,39.1,4.52,10.02,10.21,7.42,0.97,2.75,4.54,4.55,45.23,32.41,22.26,18.31,11.13,10.96
2017-09-14,14.77,20.36,22.36,11.98,12.97,13.86,13.18,37.33,37.52,15.37,19.56,19.48,17.15,39.92,5.19,8.58,9.04,7.74,1.2,2.4,3.61,4.81,36.93,30.12,21.76,18.67,13.6,15.48
2017-09-15,5.59,13.3,14.36,7.45,8.24,8.04,7.54,38.83,37.23,13.3,18.09,17.16,15.08,36.97,3.19,6.38,6.7,5.59,0.53,2.13,2.95,4.19,40.69,30.29,19.27,15.28,11.17,13.13
2017-09-18,12.77,17.02,19.15,11.06,10.21,11.11,9.73,32.77,31.91,14.89,15.32,16.24,15.04,35.32,4.68,7.66,8.97,7.52,0.43,2.13,2.56,3.54,39.57,27.35,18.58,16.67,11.95,11.5
2017-09-19,18.8,21.37,22.22,11.97,11.97,12.39,11.06,29.06,25.21,11.97,14.1,13.25,14.16,24.79,3.42,5.56,7.69,7.08,0.85,2.99,3.42,4.42,40.17,28.21,19.91,17.09,14.16,15.04
2017-09-20,34.43,35.29,13.32,16.96,16.06,14.83,15.51,34.95,3.29,6.23,6.11,5.93,7.13,0.35,2.25,2.97,2.97,4.82,41.18,26.7,22.34,22.64,15.01,12.91,14.88,15.36,14.88,15.09
2017-09-21,34.89,36.86,15.72,19.9,16.63,15.38,15.65,43.49,5.65,8.85,7.2,7.2,7.83,0.74,2.7,2.73,2.98,4.64,43.73,24.81,20.6,19.42,13.15,10.67,13.33,15.14,15.07,14.49
2017-09-22,33.33,35.26,14.6,18.18,16.43,14.76,16.83,45.45,6.61,8.82,8.36,8.64,10.56,1.1,2.48,3.62,3.62,5.61,37.47,24.79,22.28,21.78,17.27,13.93,16.5,15.32,19.14,24.75
2017-09-25,34.73,37.25,17.93,20.73,17.09,16.53,14.87,42.02,6.44,13.17,11.48,10.92,10.5,0.0,2.8,3.92,3.92,5.54,40.9,24.09,21.57,18.95,14.01,12.89,14.29,15.69,14.87,17.49
2017-09-26,35.02,39.66,20.04,21.1,16.67,15.4,15.16,46.2,8.44,13.92,11.39,11.39,10.77,0.42,2.53,3.59,3.16,4.84,36.08,20.04,17.3,17.8,14.14,12.45,14.07,11.18,13.63,22.2
2017-09-27,29.9,36.66,16.22,17.4,15.25,14.24,14.11,47.3,8.95,15.2,11.86,12.03,11.46,0.68,3.04,4.24,3.73,5.11,36.15,20.0,17.8,17.11,14.58,13.05,13.23,12.03,12.35,18.87
2017-09-28,23.97,30.37,8.68,12.4,11.41,9.34,9.72,41.32,7.44,11.98,9.34,9.96,9.5,0.41,2.27,3.11,2.49,4.32,29.55,17.22,16.8,15.55,14.11,13.07,11.66,12.03,11.02,17.06
2017-09-29,14.36,24.59,5.25,9.12,7.78,6.94,7.51,41.16,7.46,12.43,8.06,10.28,9.83,0.55,2.21,3.33,2.5,4.05,30.11,16.67,17.5,16.18,13.33,13.33,12.43,15.0,13.58,17.34
2017-10-02,16.85,21.91,6.46,9.83,8.71,7.58,8.21,38.76,5.9,11.52,7.58,6.74,7.33,0.0,2.81,3.09,3.09,3.23,34.83,16.85,14.61,13.2,11.52,8.99,9.97,10.96,10.26,13.49
2017-10-03,13.54,22.92,8.13,12.29,9.79,8.33,8.91,48.54,10.62,15.83,11.25,11.25,10.0,0.21,3.33,3.96,3.12,3.91,35.21,17.29,13.96,13.48,11.25,8.54,10.0,10.42,9.78,14.13
2017-10-04,13.31,22.13,8.15,11.48,9.32,7.99,8.33,49.58,11.48,16.31,12.15,11.81,10.76,0.33,3.49,3.99,3.16,3.99,36.44,17.97,14.31,13.54,10.82,8.65,9.9,10.82,10.24,14.58
2017-10-05,6.06,13.13,4.85,5.66,4.65,4.04,3.58,44.04,8.69,11.92,7.88,7.47,6.53,0.0,3.03,3.03,2.83,3.16,28.89,15.15,11.72,10.32,9.29,7.88,7.37,10.71,6.95,11.37
2017-10-06,5.65,12.1,4.57,5.91,4.3,3.76,3.08,39.25,8.33,12.9,8.6,8.87,7.56,0.0,3.23,3.49,2.69,3.36,37.9,17.47,13.71,11.48,9.68,8.33,8.12,10.75,8.12,14.29
2017-10-09,12.3,22.19,9.63,10.16,7.75,7.22,6.39,46.26,10.7,16.84,11.5,11.5,10.83,0.27,2.67,2.94,2.94,3.33,34.49,19.25,17.11,13.33,10.16,9.89,9.17,14.44,10.83,14.44
2017-10-10,14.63,22.85,8.62,8.62,6.41,5.81,5.21,37.47,7.01,9.42,8.82,6.41,5.63,0.0,2.4,2.81,2.4,3.33,34.27,18.24,13.23,11.46,9.02,8.82,8.33,13.23,10.62,14.17
2017-10-11,15.87,22.76,9.29,8.33,6.09,5.79,4.85,37.5,8.49,8.65,5.45,3.86,4.85,0.16,1.92,2.72,2.25,3.18,21.79,9.13,7.07,7.19,6.25,6.27,7.19,13.18,10.7,13.88
2017-10-12,11.88,18.42,6.14,6.34,4.36,3.98,3.53,36.83,5.94,7.13,3.56,3.59,3.53,0.0,1.39,1.78,1.99,2.9,22.38,9.31,7.37,6.43,6.34,6.37,5.81,13.35,9.34,10.79
2017-10-13,7.65,14.78,3.96,3.96,3.69,2.93,2.49,35.62,5.54,7.12,3.96,3.46,3.32,0.0,1.32,1.85,1.86,2.77,21.9,10.29,6.65,5.54,8.18,5.59,4.99,8.78,7.76,8.86
2017-10-16,22.36,30.38,12.66,13.5,10.13,8.47,7.46,36.71,11.81,10.97,8.44,8.47,6.58,0.0,2.11,2.53,2.12,3.07,18.57,8.86,8.9,7.46,7.17,8.47,6.14,12.29,8.77,10.09
2017-10-17,26.69,33.9,14.83,14.83,13.14,10.59,10.09,40.68,13.98,13.98,10.59,9.75,8.77,0.0,2.54,2.97,2.54,3.51,19.07,9.75,9.32,7.89,9.75,8.9,7.89,9.32,8.77,13.6
2017-10-18,39.93,13.6,10.67,7.92,5.73,4.17,5.42,0.0,1.03,1.72,1.22,1.74,2.71,7.23,4.48,3.99,3.99,5.42,6.71,3.65,4.51,5.63,8.85,8.68,9.79,13.89,13.96,14.38
2017-10-19,42.2,16.83,13.17,10.0,6.65,4.93,6.32,0.73,1.71,2.2,1.72,1.72,2.59,7.07,4.63,3.94,3.45,4.89,5.61,3.2,3.69,4.6,8.13,6.4,6.9,9.61,10.63,13.79
2017-10-20,39.34,14.75,10.66,8.2,5.8,4.7,5.56,0.82,1.64,2.46,1.38,2.21,2.94,6.01,4.64,4.14,4.7,4.58,7.1,4.14,4.7,4.9,8.01,7.46,6.54,12.15,9.48,9.48
2017-10-23,47.22,25.83,22.5,15.83,13.61,13.33,12.14,2.5,3.33,4.44,3.89,3.89,5.2,11.11,9.44,8.06,8.33,8.38,11.11,10.83,8.89,7.8,11.67,12.78,9.54,13.89,9.25,10.69
2017-10-24,55.44,33.26,30.75,23.22,16.74,16.53,15.25,5.65,6.07,5.44,4.6,4.81,5.66,12.13,7.74,7.32,6.9,7.84,9.21,7.11,6.28,8.06,10.46,11.3,8.93,15.27,10.46,11.98
2017-10-25,58.63,34.0,31.99,25.29,21.18,20.17,17.66,3.85,7.04,6.2,5.38,6.39,6.29,17.59,11.06,9.41,10.76,9.79,9.55,10.59,8.4,8.92,13.78,14.29,11.01,16.3,9.97,9.44
2017-10-26,55.74,34.43,32.79,25.61,21.81,21.19,17.99,6.35,8.81,7.17,6.79,7.82,7.49,18.65,11.68,9.88,11.73,10.49,10.25,11.73,9.67,9.42,14.2,15.43,11.13,19.96,9.21,7.49
2017-10-27,42.19,23.56,22.19,15.62,13.22,12.12,9.17,2.47,5.21,4.93,4.96,5.51,4.87,18.08,10.14,8.54,8.54,6.88,9.59,7.71,6.89,6.59,10.47,11.29,6.02,16.8,7.16,5.73
2017-10-30,36.77,15.88,17.27,15.04,11.42,10.86,10.17,2.23,5.57,4.74,4.18,3.9,4.07,18.66,14.48,9.19,9.47,9.59,11.14,8.08,7.8,7.56,10.58,10.03,8.43,14.21,7.56,8.43
2017-10-31,39.05,25.62,22.52,20.04,17.36,14.67,13.79,10.74,13.22,10.74,7.02,7.02,6.03,17.98,12.19,7.44,8.47,7.97,9.5,6.4,5.99,5.82,10.33,10.12,8.19,13.64,7.54,8.41
2017-11-01,24.75,14.52,14.19,13.37,10.73,8.91,9.47,8.42,10.73,8.58,6.44,4.95,5.16,18.81,13.37,9.08,8.42,8.95,10.4,8.09,6.11,7.4,13.7,10.23,10.15,9.9,7.92,12.91
2017-11-02,15.63,7.82,9.22,7.82,7.62,6.61,5.64,6.21,9.62,7.82,5.61,5.81,4.8,19.04,13.83,9.02,9.02,9.39,11.22,8.82,7.62,8.35,12.83,12.83,11.27,14.43,8.98,11.48
2017-11-03,48.98,44.31,42.57,39.36,37.72,35.09,,36.15,32.36,30.9,28.95,25.73,,22.74,25.95,25.73,18.42,,28.28,23.39,18.71,,17.84,15.2,,13.45,,
2017-11-06,11.67,5.84,7.16,5.84,3.98,3.98,3.31,3.98,8.49,6.63,4.77,4.24,3.86,18.04,15.12,7.69,9.28,7.16,11.14,6.9,6.37,6.06,9.02,10.88,8.26,16.98,10.74,10.19
2017-11-07,14.91,9.34,9.94,6.96,5.96,5.77,4.55,4.97,8.95,7.16,7.16,4.37,4.75,17.69,13.32,8.95,8.75,7.02,10.74,8.55,6.16,6.82,15.51,11.33,10.33,13.72,9.92,13.02
2017-11-08,16.69,10.33,10.02,7.95,6.04,6.22,5.31,5.72,8.59,7.0,4.45,4.15,4.98,13.51,11.29,6.36,7.02,6.14,10.97,6.36,7.02,7.3,10.97,12.12,10.95,18.34,12.77,13.43
2017-11-09,28.09,16.31,13.56,11.79,9.63,9.88,9.88,6.48,8.06,6.88,5.11,4.74,5.76,11.79,10.02,6.68,7.91,7.0,9.23,8.06,9.09,8.64,15.13,14.03,12.96,19.17,13.99,15.84
2017-11-10,42.15,25.65,19.63,20.16,17.8,17.41,17.31,5.76,8.12,8.64,9.16,7.92,7.69,13.61,13.35,13.61,12.14,10.99,14.92,14.66,13.98,12.36,18.85,20.32,15.93,20.84,15.66,16.76
2017-11-13,39.75,31.38,28.03,25.1,21.76,21.85,21.74,15.06,15.06,16.74,14.64,15.13,16.52,17.57,17.57,15.06,15.13,17.39,17.99,15.48,17.65,18.26,16.74,17.65,18.7,23.95,22.61,23.48
2017-11-14,65.97,37.39,35.29,33.19,28.57,27.31,26.96,8.4,11.34,10.08,9.66,10.5,13.04,16.81,17.23,13.87,13.45,14.78,20.17,13.03,15.55,16.09,13.45,15.97,13.91,24.79,19.57,19.57
2017-11-15,22.09,21.22,20.93,18.9,18.08,18.08,17.73,22.67,18.31,16.86,15.74,16.33,17.02,13.95,13.08,12.83,16.03,15.25,18.02,17.78,19.53,18.09,15.45,19.53,16.67,29.15,17.73,6.03
2017-11-16,12.75,11.88,12.17,12.17,11.05,11.63,11.66,16.81,13.04,12.75,11.34,13.95,11.66,13.04,12.17,9.59,13.66,12.37,16.81,16.28,15.41,14.13,15.12,16.57,15.19,24.42,13.07,6.01
2017-11-17,15.32,12.43,14.45,11.56,11.88,12.46,10.92,15.32,13.01,10.98,11.01,13.04,10.21,15.03,10.98,11.59,14.2,10.56,11.27,15.65,15.07,12.32,18.84,18.84,15.14,24.06,8.45,3.17
2017-11-20,7.78,8.93,4.61,6.05,5.49,4.34,3.51,15.27,8.65,5.76,6.07,6.94,5.96,5.48,4.9,5.49,7.51,6.32,10.37,10.98,13.29,9.12,15.03,15.9,12.28,22.83,7.02,3.16
2017-11-21,7.26,5.56,3.21,2.35,1.72,1.93,1.55,10.04,4.91,3.85,3.65,4.51,4.4,4.27,3.85,4.51,4.94,4.66,10.04,7.51,10.3,5.44,13.3,13.09,7.25,21.46,5.18,3.37
2017-11-22,5.93,4.75,2.54,2.2,1.88,1.88,1.64,7.63,5.25,4.24,4.79,4.62,4.92,5.93,5.59,5.98,5.98,5.12,10.0,10.6,10.43,5.12,15.21,12.82,6.15,15.21,2.87,2.46
2017-11-24,5.98,5.43,2.72,2.99,2.75,3.02,2.92,11.96,5.98,4.89,5.22,6.59,6.17,5.98,5.43,6.59,7.42,5.52,9.78,11.26,12.91,7.47,16.48,16.48,6.82,19.78,4.55,1.3
2017-11-27,4.13,3.58,0.83,1.38,1.65,2.2,2.01,14.33,6.89,6.06,6.61,6.89,5.16,6.06,4.96,6.34,7.71,4.87,9.64,12.4,13.5,6.59,19.28,19.28,6.3,21.21,4.3,0.86
2017-11-28,6.64,5.19,2.28,2.07,2.9,3.11,2.16,11.41,5.81,4.77,5.81,6.64,4.97,6.02,5.19,7.05,7.68,5.4,10.37,12.86,13.9,7.99,19.5,18.46,7.99,21.78,5.83,2.38
2017-11-29,8.14,5.32,3.32,3.82,4.33,4.83,3.99,10.3,4.82,6.64,7.0,8.5,7.11,6.64,6.98,8.67,10.67,7.45,13.12,15.17,17.33,10.23,19.83,20.67,11.44,22.67,7.8,3.47
2017-11-30,14.23,10.77,6.71,7.93,7.35,7.55,6.58,17.07,11.18,10.57,8.98,12.45,8.92,8.94,8.13,9.18,12.65,8.92,13.01,13.88,16.94,10.62,14.69,19.8,11.68,29.59,9.77,3.61
2017-12-01,12.77,11.96,8.97,10.05,11.2,10.38,8.81,21.74,14.67,15.49,14.48,15.85,13.07,10.05,9.24,12.3,15.03,12.22,13.32,17.49,20.22,14.2,23.5,23.5,17.05,23.22,9.38,5.4
2017-12-04,19.34,19.61,15.75,14.92,15.19,16.3,12.39,20.17,16.3,15.47,17.13,18.23,13.83,10.22,9.94,12.98,14.92,11.24,14.09,16.57,19.89,12.97,22.38,24.86,15.27,28.45,10.37,4.32
2017-12-05,20.49,20.9,18.03,17.42,16.8,18.03,13.68,23.77,18.44,19.06,18.65,19.06,14.1,10.86,14.14,11.89,15.16,10.68,18.44,16.6,20.29,13.03,20.08,22.34,13.25,27.66,8.76,3.85
2017-12-06,18.52,17.87,14.43,15.41,14.1,14.59,11.97,19.67,16.23,17.05,16.39,18.36,13.68,10.49,13.77,11.48,15.08,10.6,18.69,16.72,20.33,12.65,19.67,22.95,13.85,27.38,9.91,4.96
2017-12-07,11.75,11.35,7.77,8.76,8.37,8.37,5.19,15.34,11.16,12.35,11.16,12.75,8.09,6.97,9.76,8.17,9.96,7.05,17.93,15.94,17.33,9.96,18.53,18.53,9.34,19.92,5.6,2.49
2017-12-08,12.47,8.75,6.37,5.57,4.77,5.04,2.76,10.61,4.24,4.77,4.77,3.71,3.04,3.98,4.77,5.04,5.84,3.87,18.04,13.79,13.79,8.84,15.38,15.12,8.01,17.51,5.52,3.87
2017-12-11,4.74,3.95,2.63,2.63,2.63,2.63,1.91,10.26,2.89,2.37,1.84,2.37,2.19,2.37,2.89,3.68,3.68,3.28,12.11,12.37,11.58,6.01,17.63,16.58,8.2,17.11,7.92,2.19
2017-12-12,7.1,5.72,2.76,2.76,2.96,2.96,2.25,11.05,3.35,2.17,2.17,2.17,2.46,2.56,2.56,3.55,3.55,3.48,8.28,10.06,9.66,5.12,18.15,16.77,8.61,17.95,7.99,2.87
2017-12-13,13.41,12.78,6.47,5.36,4.89,4.43,3.78,14.98,6.31,4.89,3.63,4.11,3.29,3.31,3.0,3.63,3.64,3.45,8.2,6.47,6.65,4.28,14.04,13.77,5.59,17.56,7.24,1.64
2017-12-14,11.7,9.75,4.68,3.9,3.9,3.33,2.65,12.87,4.68,3.7,2.34,2.94,2.04,2.14,2.92,3.51,3.14,3.47,12.09,6.63,6.86,4.49,8.77,11.37,5.31,17.84,7.76,2.45
2017-12-15,7.53,6.49,2.6,1.82,2.08,2.36,1.63,11.43,2.86,1.3,1.56,1.31,1.36,1.82,1.3,1.56,2.36,2.45,4.94,2.6,4.19,2.72,7.79,10.47,4.36,15.97,6.54,1.63
2017-12-18,19.09,16.6,8.3,7.05,5.81,4.58,3.45,18.26,9.13,6.64,6.22,6.25,2.16,2.9,2.9,3.73,2.92,3.02,5.81,5.81,7.5,3.02,12.86,11.67,5.17,16.67,4.31,0.86
2017-12-19,29.58,26.67,14.17,13.33,9.58,8.75,6.03,20.42,10.0,7.92,6.67,6.67,2.16,3.33,3.75,3.75,2.92,2.59,9.58,5.42,5.83,2.16,7.08,9.58,1.72,17.08,3.45,0.43
2017-12-20,31.59,16.72,11.49,9.97,7.67,3.41,4.9,6.42,3.38,3.21,3.41,2.56,3.47,5.41,4.05,4.6,1.87,3.47,8.95,6.13,2.56,3.47,11.07,2.56,2.65,2.21,2.24,20.0
2017-12-21,27.4,15.87,11.54,9.62,7.28,2.91,5.08,8.89,7.69,4.09,3.64,3.16,3.95,7.45,4.09,4.61,2.18,3.39,5.29,4.13,1.94,2.54,11.65,2.67,2.54,2.67,1.13,11.86
2017-12-22,34.23,23.72,22.64,16.98,12.26,8.17,9.0,14.82,11.05,7.01,6.54,3.81,6.43,10.51,7.82,6.81,3.0,5.14,8.63,5.45,3.27,4.18,9.81,3.0,2.89,3.54,1.29,10.29
2017-12-26,32.58,27.22,22.06,16.91,14.43,8.25,8.37,22.27,15.05,13.4,10.93,6.6,7.73,10.72,9.9,9.07,4.54,4.51,14.02,12.37,3.51,4.72,11.75,3.51,2.79,3.51,2.58,12.02
2017-12-27,32.84,29.21,24.75,18.98,17.38,13.25,11.02,25.91,17.49,16.83,14.57,9.27,8.95,12.05,11.22,11.09,6.46,6.37,14.19,15.23,5.96,6.37,16.89,5.96,3.79,4.3,3.27,10.33
2017-12-28,28.43,23.79,19.96,16.53,15.59,10.12,8.63,19.76,15.52,15.52,12.96,8.91,8.42,12.9,11.9,11.34,6.88,6.53,14.31,15.59,6.07,6.53,17.0,5.87,3.37,4.86,3.16,9.26
2017-12-29,33.69,30.46,27.76,24.8,21.41,17.07,16.62,26.68,19.68,20.75,20.6,15.18,14.37,13.48,16.98,16.26,11.11,12.11,20.22,18.97,12.2,11.83,21.14,11.38,10.7,6.5,5.92,15.21
2018-01-02,26.88,20.77,16.5,17.72,14.87,11.0,10.19,14.66,12.63,14.66,11.81,8.76,6.79,9.98,13.85,11.0,7.33,6.58,19.55,15.27,7.94,6.58,16.5,6.92,3.82,4.68,4.46,7.86
2018-01-03,22.96,20.52,16.45,16.61,14.33,10.75,10.19,19.06,14.66,15.96,13.19,9.93,7.64,9.93,12.21,9.61,6.84,5.94,18.89,14.82,6.51,6.62,15.15,6.68,4.41,4.72,4.92,9.68
2018-01-04,18.58,15.42,12.65,11.46,11.46,8.7,7.41,15.02,13.64,12.25,11.46,7.71,7.2,10.47,10.47,9.49,6.92,6.58,14.43,15.22,7.11,8.23,20.36,8.1,7.61,4.94,5.14,13.37
2018-01-05,18.95,15.79,12.37,11.84,11.58,9.47,8.49,15.0,13.42,12.11,12.89,9.21,7.4,10.26,10.26,10.26,7.63,7.4,14.21,16.05,7.89,8.77,22.11,10.0,9.86,6.05,6.03,12.88
2018-01-08,22.45,22.72,17.49,19.06,15.67,13.58,12.74,26.11,17.49,16.97,15.93,11.75,10.84,8.88,10.7,10.7,6.01,6.23,18.54,18.28,7.57,8.13,19.84,7.31,8.67,7.57,7.86,15.45
2018-01-09,32.49,30.92,25.44,24.66,23.29,19.18,17.89,30.53,23.87,25.05,21.14,17.61,15.45,11.55,17.03,13.31,9.0,7.72,24.27,18.2,10.37,9.15,16.63,8.02,7.93,8.61,8.74,13.41
2018-01-10,37.09,32.24,26.29,24.88,23.79,19.31,17.78,25.67,20.03,21.75,18.62,13.81,12.23,11.74,16.43,13.3,7.22,6.69,24.57,17.84,6.75,7.5,15.65,5.34,6.04,6.91,7.18,13.21
2018-01-11,31.72,29.79,26.11,24.18,22.63,19.46,17.61,30.75,23.98,25.73,21.86,17.7,14.98,16.05,18.76,15.09,10.31,7.49,23.98,17.41,9.73,7.69,14.7,7.2,6.68,7.98,8.1,10.12
2018-01-12,32.99,32.99,30.41,29.64,27.32,22.86,21.08,36.6,30.15,28.87,27.06,21.04,19.19,22.68,22.94,20.62,12.21,10.0,25.0,22.42,10.13,9.73,19.07,7.53,9.19,6.23,8.38,15.41
2018-01-16,76.35,67.63,61.0,58.51,54.36,48.96,46.35,45.23,39.0,36.1,32.78,26.56,25.75,30.29,27.39,25.31,17.43,17.6,28.63,23.65,11.2,12.88,17.84,10.79,11.59,9.13,9.01,15.45
2018-01-17,61.34,51.6,46.72,41.18,34.41,33.73,28.6,31.93,26.89,23.36,14.75,17.12,13.18,18.32,15.46,8.47,11.19,8.32,16.47,7.46,11.53,7.1,7.29,11.36,4.87,26.1,8.11,3.04
2018-01-18,49.4,46.54,42.24,39.14,33.98,34.46,28.01,42.0,36.04,33.89,24.58,24.58,21.01,26.49,26.97,13.49,18.55,14.85,26.01,11.81,17.59,12.89,7.23,13.49,9.8,33.73,16.25,6.16
2018-01-19,55.88,45.19,40.11,32.89,30.27,30.27,23.57,28.61,27.01,22.99,15.95,18.38,14.33,19.79,16.58,10.27,14.05,10.51,17.38,8.92,14.59,10.19,7.3,13.78,7.64,33.78,11.46,2.87
2018-01-22,51.9,45.92,42.66,40.76,34.51,33.15,25.71,32.61,31.79,28.8,19.84,20.38,14.41,23.91,26.36,16.3,16.85,11.86,24.73,13.59,15.76,9.04,8.42,13.32,5.37,24.18,8.76,3.95
2018-01-23,48.47,43.76,41.51,40.29,35.17,34.36,28.51,34.97,33.74,31.49,25.36,25.56,18.72,25.77,27.81,20.04,23.11,14.89,25.97,16.36,21.68,14.47,12.07,19.63,10.0,32.72,10.85,3.4
2018-01-24,51.55,46.81,43.37,42.23,37.27,39.41,36.01,35.84,32.41,32.73,26.77,29.89,25.43,23.08,29.62,21.51,27.59,19.97,35.84,19.05,29.72,21.16,12.97,25.45,18.26,50.74,22.7,6.66
2018-01-25,58.0,50.4,44.8,44.2,41.16,42.97,40.71,32.4,29.8,31.4,27.51,31.33,27.77,24.4,31.2,25.1,31.73,26.51,37.0,22.69,35.94,25.68,17.87,36.35,23.38,59.84,29.23,8.35
2018-01-26,49.47,45.99,43.58,43.58,40.59,41.67,39.94,36.1,36.63,36.63,33.06,34.68,31.28,29.68,37.97,28.76,33.87,30.17,42.25,26.08,36.29,27.37,18.28,29.84,21.79,51.88,28.21,9.5
2018-01-29,72.75,66.76,64.58,63.49,59.13,59.4,58.81,55.31,50.95,53.41,47.96,50.41,45.74,45.78,49.59,41.96,46.32,41.48,52.59,38.42,44.69,37.78,19.62,35.97,25.57,61.04,34.09,11.65
2018-01-30,77.58,72.12,67.07,65.45,62.63,61.82,62.32,59.6,53.54,54.95,50.51,52.12,50.95,47.07,50.91,46.06,49.49,44.63,54.14,42.83,47.68,41.68,23.03,41.01,31.16,60.2,36.63,14.95
2018-01-31,75.12,68.17,65.11,63.33,59.61,59.77,60.27,54.6,49.92,51.86,48.47,49.92,46.63,47.01,48.47,43.62,47.5,43.1,49.6,38.45,45.56,39.06,22.94,40.23,31.14,59.77,36.2,14.31
2018-02-01,76.67,68.43,64.9,62.94,58.43,58.82,59.59,54.31,47.06,48.24,42.55,45.1,44.29,38.43,42.75,33.92,41.18,34.29,45.49,29.41,40.98,32.65,18.04,34.51,26.12,60.0,35.92,14.49
2018-02-02,90.6,89.56,85.64,84.07,79.9,79.11,77.99,74.93,71.02,68.93,63.71,63.97,65.22,66.06,63.97,58.22,59.79,57.61,65.01,54.83,58.49,55.16,28.2,49.35,45.65,66.06,51.9,26.9
2018-02-05,98.19,99.22,99.48,99.74,99.48,98.96,99.19,99.22,100.0,100.0,100.0,99.74,99.73,100.0,100.0,100.0,99.48,100.0,100.0,97.41,89.9,98.12,74.35,30.31,91.67,2.85,95.97,100.0
2018-02-06,97.28,96.89,97.28,96.89,96.89,97.67,96.17,94.76,94.17,95.15,95.15,96.12,94.15,94.76,96.31,95.15,96.31,92.34,93.98,91.84,96.31,89.11,86.6,95.73,79.23,99.61,69.96,1.41
2018-02-07,97.98,97.36,97.2,97.05,97.05,96.73,97.41,91.3,92.55,94.1,93.79,93.3,93.2,94.1,96.58,95.5,94.39,93.85,96.74,95.03,91.28,92.39,83.07,73.36,83.33,63.55,78.64,88.19
2018-02-08,99.42,99.23,99.23,98.85,98.66,98.65,98.39,96.35,94.24,96.35,95.78,95.75,95.18,93.86,96.55,95.59,95.75,94.98,97.12,95.59,96.14,94.58,85.03,90.15,89.96,94.79,87.95,56.43
2018-02-09,99.23,99.23,99.23,99.23,98.72,98.71,98.39,97.44,95.4,96.42,95.65,95.36,94.64,92.84,96.16,94.88,95.1,91.42,97.95,95.4,93.81,89.81,74.42,83.76,68.9,84.79,65.42,31.64
2018-02-12,100.0,99.18,98.77,98.36,98.36,98.35,98.3,95.49,93.85,94.67,94.67,95.06,94.04,93.44,95.49,94.67,94.24,92.34,95.9,92.62,92.18,88.09,75.41,85.19,79.15,88.48,77.45,44.26
2018-02-13,99.59,98.77,97.94,97.94,97.94,97.53,97.45,95.06,93.42,94.24,94.24,93.83,93.62,92.18,94.24,94.24,93.83,90.64,94.24,90.53,91.36,88.09,71.6,83.13,77.45,88.48,79.57,48.94
2018-02-14,81.75,80.98,82.78,80.98,81.75,80.98,80.0,78.15,81.75,78.41,80.46,76.61,77.07,86.89,78.66,81.75,76.61,76.8,65.81,76.09,70.44,69.6,86.38,74.29,69.6,57.33,58.67,50.4
2018-02-15,84.01,82.85,83.82,82.08,82.27,81.31,80.4,79.0,82.08,78.81,78.23,75.14,76.8,85.36,77.07,79.19,73.41,75.2,65.32,70.71,67.82,67.4,81.12,68.4,67.6,60.69,60.2,56.0
2018-02-16,86.29,84.28,85.36,83.36,83.51,82.23,81.38,79.2,81.82,79.04,79.82,76.2,77.85,84.9,77.35,80.74,74.19,76.4,65.49,73.96,68.16,70.14,85.05,70.17,69.82,55.95,61.48,65.17
2018-02-20,86.4,86.67,86.67,86.4,87.2,85.75,84.4,85.07,87.47,84.53,85.33,81.99,81.89,87.2,81.87,83.73,79.84,80.5,71.2,79.47,74.19,74.65,88.8,77.42,75.49,64.25,64.9,63.51
2018-02-21,84.21,85.02,86.23,85.83,87.04,85.37,84.87,85.43,87.45,84.21,85.43,82.52,82.35,85.83,80.97,84.21,80.49,81.93,72.47,83.0,76.83,79.41,90.69,82.93,84.03,67.07,69.33,72.69
2018-02-22,84.15,84.15,85.37,85.37,85.37,84.55,83.61,83.74,86.18,82.11,83.74,80.89,81.09,85.37,80.89,82.52,78.46,79.83,71.95,80.89,73.98,76.47,89.43,80.08,78.99,64.23,65.55,65.13
2018-02-23,76.14,79.26,,,,,,83.24,,,,,,,,,,,,,,,,,,,,
2018-02-26,74.5,78.19,,,,,,83.29,,,,,,,,,,,,,,,,,,,,
2018-02-27,74.58,76.84,,,,,,77.4,,,,,,,,,,,,,,,,,,,,
2018-02-28,79.44,81.97,,,,,,82.82,,,,,,,,,,,,,,,,,,,,
2018-03-01,81.46,84.27,,,,,,85.67,,,,,,,,,,,,,,,,,,,,
2018-03-02,80.67,85.99,,,,,,89.92,,,,,,,,,,,,,,,,,,,,
2018-03-05,77.37,83.52,,,,,,85.75,,,,,,,,,,,,,,,,,,,,
2018-03-06,76.88,84.12,,,,,,88.58,,,,,,,,,,,,,,,,,,,,
2018-03-07,76.94,83.33,,,,,,86.11,,,,,,,,,,,,,,,,,,,,
2018-03-08,76.45,83.66,,,,,,87.53,,,,,,,,,,,,,,,,,,,,
2018-03-09,73.2,74.03,,,,,,71.55,,,,,,,,,,,,,,,,,,,,
2018-03-12,71.9,80.99,,,,,,87.88,,,,,,,,,,,,,,,,,,,,
2018-03-13,72.53,82.14,,,,,,87.09,,,,,,,,,,,,,,,,,,,,
2018-03-14,71.51,82.74,,,,,,90.96,,,,,,,,,,,,,,,,,,,,
2018-03-15,70.49,77.87,,,,,,84.43,,,,,,,,,,,,,,,,,,,,
2018-03-19,70.57,80.65,,,,,,88.28,,,,,,,,,,,,,,,,,,,,
2018-03-20,72.55,78.8,,,,,,83.7,,,,,,,,,,,,,,,,,,,,
2018-03-21,72.9,77.51,,,,,,82.93,,,,,,,,,,,,,,,,,,,,
2018-03-22,74.86,83.51,,,,,,87.57,,,,,,,,,,,,,,,,,,,,
2018-03-26,74.39,81.94,82.95,,,,,84.64,87.5,,,,,83.81,,,,,,,,,,,,,,
2018-03-27,77.69,84.14,84.7,,,,,87.37,88.39,,,,,86.97,,,,,,,,,,,,,,
2018-03-28,73.73,82.04,83.62,,,,,87.13,88.42,,,,,88.14,,,,,,,,,,,,,,
2018-03-29,71.12,81.55,84.23,,,,,87.43,90.42,,,,,89.01,,,,,,,,,,,,,,
2018-04-02,76.27,83.47,85.39,,,,,85.07,89.61,,,,,89.33,,,,,,,,,,,,,,
2018-04-03,77.93,84.04,85.43,,,,,86.97,89.92,,,,,88.52,,,,,,,,,,,,,,
2018-04-04,72.15,81.17,83.52,,,,,87.27,88.55,,,,,88.27,,,,,,,,,,,,,,
2018-04-05,69.05,79.1,81.62,,,,,87.57,87.19,,,,,86.35,,,,,,,,,,,,,,
2018-04-06,73.09,83.91,84.72,,,,,90.5,90.83,,,,,88.06,,,,,,,,,,,,,,
2018-04-09,73.68,83.95,86.15,,,,,90.26,91.41,,,,,91.14,,,,,,,,,,,,,,
2018-04-10,69.29,78.74,81.77,,,,,85.83,87.57,,,,,87.85,,,,,,,,,,,,,,
2018-04-11,73.82,81.41,81.54,,,,,85.34,85.67,,,,,84.3,,,,,,,,,,,,,,
2018-04-12,68.41,74.67,79.4,,,,,80.42,84.89,,,,,83.79,,,,,,,,,,,,,,
2018-04-13,66.15,72.4,78.9,,,,,80.47,85.21,,,,,85.75,,,,,,,,,,,,,,
2018-04-16,65.19,70.91,77.32,,,,,78.96,83.33,,,,,83.61,,,,,,,,,,,,,,
2018-04-17,64.25,69.95,75.75,,,,,77.72,82.56,,,,,83.65,,,,,,,,,,,,,,
2018-04-18,62.79,68.22,73.91,,,,,76.23,80.71,,,,,82.61,,,,,,,,,,,,,,
2018-04-19,62.11,69.33,73.98,,,,,77.84,81.3,,,,,80.22,,,,,,,,,,,,,,
2018-04-20,64.27,69.92,74.86,,,,,77.63,80.27,,,,,78.11,,,,,,,,,,,,,,
2018-04-23,62.05,67.18,73.32,74.72,,,,75.9,80.32,76.42,,,,82.48,72.73,,,,49.72,,,,,,,,,
2018-04-24,64.45,71.1,75.27,72.24,,,,79.28,81.18,73.09,,,,77.96,60.06,,,,27.76,,,,,,,,,
2018-04-25,63.27,70.15,76.14,76.55,,,,79.08,83.91,79.38,,,,83.65,72.88,,,,48.02,,,,,,,,,
2018-04-26,64.12,71.25,76.47,71.83,,,,80.41,83.96,72.68,,,,82.62,59.72,,,,20.0,,,,,,,,,
2018-04-27,63.71,69.29,74.13,75.84,,,,77.41,80.0,76.69,,,,77.87,71.63,,,,51.69,,,,,,,,,
2018-04-30,64.3,69.37,74.2,77.59,,,,77.22,79.79,80.39,,,,77.39,75.35,,,,58.82,,,,,,,,,
2018-05-01,61.87,68.43,73.74,75.14,,,,77.53,81.17,78.21,,,,79.84,72.35,,,,51.12,,,,,,,,,
2018-05-02,61.96,68.51,72.22,76.88,,,,77.33,79.89,80.22,,,,77.78,75.21,,,,58.22,,,,,,,,,
2018-05-03,60.3,67.84,71.24,73.89,,,,77.39,79.95,75.83,,,,77.84,70.83,,,,51.11,,,,,,,,,
2018-05-04,63.66,68.17,71.05,74.79,,,,74.69,77.37,75.07,,,,75.53,70.36,,,,53.19,,,,,,,,,
2018-05-07,59.75,66.25,69.82,73.48,,,,74.5,77.17,75.69,,,,75.59,71.82,,,,56.63,,,,,,,,,
2018-05-08,59.6,65.09,69.63,70.52,,,,74.06,77.49,72.18,,,,78.01,64.19,,,,41.6,,,,,,,,,
2018-05-09,59.45,63.68,68.15,68.41,,,,68.41,72.06,67.31,,,,71.02,58.79,,,,35.71,,,,,,,,,
2018-05-10,59.06,62.53,66.41,67.67,,,,65.26,68.49,64.93,,,,70.05,58.08,,,,34.52,,,,,,,,,
2018-05-11,54.46,60.64,64.94,64.75,,,,65.1,68.31,63.93,,,,69.87,56.56,,,,31.15,,,,,,,,,
2018-05-14,54.07,59.01,64.51,62.67,,,,62.22,67.1,60.22,,,,69.69,53.41,,,,28.07,,,,,,,,,
2018-05-15,56.9,61.82,66.41,66.3,,,,65.52,69.51,65.49,,,,71.06,58.42,,,,33.15,,,,,,,,,
2018-05-16,56.76,61.43,66.24,65.04,,,,65.11,69.33,62.87,,,,70.88,53.93,,,,24.93,,,,,,,,,
2018-05-17,56.37,60.29,65.55,62.43,,,,62.01,67.61,57.84,,,,70.69,50.81,,,,20.0,,,,,,,,,
2018-05-18,55.01,60.64,66.41,63.88,,,,63.81,71.03,61.19,,,,75.9,54.45,,,,21.02,,,,,,,,,
2018-05-21,52.93,58.05,63.94,59.68,58.4,,,61.46,67.01,57.26,57.83,,,70.33,48.12,49.57,,,15.05,27.92,,,38.75,,,,,
2018-05-22,53.77,58.64,64.03,60.32,63.35,,,61.8,67.35,57.64,60.8,,,70.41,50.67,54.83,,,20.11,39.77,,,55.4,,,,,
2018-05-23,52.91,58.01,63.87,59.89,61.76,,,61.41,66.92,57.22,59.49,,,70.23,50.27,51.84,,,18.98,35.41,,,50.42,,,,,
2018-05-24,50.36,57.14,62.94,58.67,59.04,,,61.5,64.72,57.33,59.04,,,66.5,50.4,51.69,,,25.07,35.59,,,44.92,,,,,
2018-05-25,53.62,58.21,63.04,60.11,62.25,,,61.59,64.81,57.45,59.72,,,66.58,50.8,54.65,,,25.27,41.13,,,53.52,,,,,
2018-05-29,66.99,66.27,69.7,69.23,67.98,,,67.23,72.73,65.52,63.2,,,73.74,57.56,58.15,,,26.53,41.57,,,53.65,,,,,
2018-05-30,60.1,64.42,69.02,68.78,68.35,,,69.23,74.31,67.99,65.83,,,73.8,58.99,60.5,,,30.95,45.38,,,59.94,,,,,
2018-05-31,60.19,64.51,69.35,69.66,70.11,,,69.3,74.87,68.87,68.99,,,76.38,60.95,63.41,,,34.83,50.28,,,68.99,,,,,
2018-06-01,53.83,60.29,65.91,65.0,64.9,,,64.83,72.18,64.74,63.51,,,76.44,58.42,59.89,,,25.53,43.18,,,59.33,,,,,
2018-06-04,52.03,57.04,62.75,60.1,63.06,,,60.14,65.25,58.01,61.39,,,67.5,51.44,58.61,,,24.67,45.56,,,66.94,,,,,
2018-06-05,54.52,59.52,64.09,60.21,62.88,,,63.33,67.58,57.59,60.94,,,69.33,48.17,54.57,,,17.54,39.61,,,58.45,,,,,
2018-06-06,51.07,56.53,62.69,57.44,60.5,,,59.86,65.67,55.35,58.56,,,69.15,46.21,53.04,,,13.32,37.29,,,57.73,,,,,
2018-06-07,51.18,57.82,62.78,58.07,62.81,,,63.27,66.0,55.99,61.16,,,67.0,46.61,55.1,,,17.19,42.42,,,66.12,,,,,
2018-06-08,55.32,59.1,63.86,58.96,61.26,,,59.81,66.09,55.58,57.97,,,69.31,46.75,51.65,,,14.03,34.89,,,54.4,,,,,
2018-06-11,49.53,56.37,62.47,57.25,59.73,,,63.21,67.65,55.96,58.63,,,69.14,46.37,50.41,,,13.47,34.25,,,54.25,,,,,
2018-06-12,51.29,58.82,63.79,58.14,60.66,,,64.71,69.21,56.33,58.74,,,69.21,45.48,50.27,,,11.37,33.06,,,54.37,,,,,
2018-06-13,51.64,59.86,62.9,58.51,63.22,,,64.79,65.85,56.44,61.58,,,64.13,45.62,54.5,,,18.81,43.32,,,67.03,,,,,
2018-06-14,49.18,55.04,59.31,54.24,55.71,,,57.38,61.76,52.19,56.25,,,63.97,45.24,50.0,,,16.71,37.77,,,53.8,,,,,
2018-06-15,43.46,50.7,56.23,51.28,53.39,,,56.07,60.64,50.0,55.01,,,61.86,43.33,49.59,,,13.85,37.94,,,57.99,,,,,
2018-06-18,43.36,48.95,55.12,50.13,52.97,,,55.48,58.54,49.36,52.97,,,60.24,40.92,47.3,,,10.74,34.05,,,57.57,,,,,
2018-06-19,51.63,55.58,59.12,52.55,55.53,,,57.91,60.83,50.0,55.26,,,60.34,41.33,49.33,,,11.99,38.54,,,62.26,,,,,
2018-06-20,51.04,55.45,58.98,52.93,55.11,,,57.77,60.68,50.64,54.3,,,60.19,43.0,47.85,,,15.27,35.75,,,54.3,,,,,
2018-06-21,59.03,62.04,64.16,59.9,63.27,,,60.19,62.95,54.57,57.91,,,64.89,45.69,50.94,,,15.99,39.68,,,59.25,,,,,
2018-06-22,56.81,58.66,61.35,56.71,58.02,,,58.89,62.08,52.41,55.88,,,62.32,44.56,48.4,,,15.95,33.42,,,50.27,,,,,
2018-06-25,68.43,71.2,74.22,71.21,70.93,71.79,,76.04,78.07,68.94,65.6,68.09,,77.35,56.31,59.2,63.53,,24.24,41.33,51.0,,55.73,70.37,,83.48,,
2018-06-26,66.21,70.11,72.84,70.28,70.21,71.59,,76.09,78.12,68.01,65.69,69.03,,77.4,53.9,59.31,63.92,,19.4,41.49,51.99,,60.37,72.44,,85.51,,
2018-06-27,70.87,74.77,79.86,73.62,73.74,74.5,,79.59,82.97,72.61,70.82,73.65,,82.01,61.56,64.46,67.71,,27.89,47.21,58.92,,64.19,77.34,,88.1,,
2018-06-28,68.88,73.91,79.67,73.43,74.07,72.88,,81.24,84.21,73.93,72.75,72.32,,84.45,63.16,65.34,65.25,,27.32,49.21,52.26,,70.63,70.06,,71.75,,
2018-06-29,68.72,71.0,76.61,72.75,73.35,70.99,,75.8,79.24,72.25,71.24,66.76,,81.86,63.75,65.17,62.25,,35.0,49.87,47.04,,69.13,60.56,,53.24,,
2018-07-02,64.24,66.06,71.43,71.07,71.84,68.54,,69.7,77.62,70.82,70.0,65.17,,81.67,63.84,65.53,60.96,,35.16,50.26,46.63,,69.21,58.15,,42.13,,
2018-07-03,69.09,71.14,75.3,72.14,73.49,72.27,,75.91,78.86,71.64,71.39,68.91,,79.1,63.18,65.88,64.15,,35.57,52.49,51.54,,70.87,64.99,,61.06,,
2018-07-05,57.82,63.49,68.48,68.24,69.37,67.04,,69.16,74.41,68.73,68.59,65.64,,76.54,60.79,64.4,61.45,,34.99,52.09,50.0,,70.16,63.69,,57.26,,
2018-07-06,57.01,61.54,66.9,66.34,67.1,64.35,,64.93,71.87,66.34,65.54,63.51,,76.6,60.64,62.92,59.89,,32.92,48.04,46.8,,62.14,59.89,,56.82,,
2018-07-09,46.28,54.18,61.32,58.27,59.11,60.56,,58.69,68.4,59.51,59.9,59.17,,76.65,54.57,55.21,54.17,,22.72,37.5,40.0,,48.44,53.89,,44.44,,
2018-07-10,42.34,52.48,58.59,53.45,53.77,57.89,,58.11,63.76,54.68,56.36,57.62,,67.53,47.29,49.61,50.97,,16.5,32.47,36.84,,48.05,51.25,,40.72,,
2018-07-11,50.79,55.51,62.68,58.72,61.14,60.77,,58.88,66.67,57.0,60.1,59.39,,72.3,51.6,55.96,54.42,,19.16,40.16,42.27,,57.77,55.8,,45.58,,
2018-07-12,42.38,52.47,59.25,54.66,55.81,58.68,,58.07,66.04,58.09,58.14,58.68,,71.9,52.7,53.49,52.07,,22.3,35.92,37.47,,47.8,50.96,,40.5,,
2018-07-13,45.86,51.9,58.18,54.03,55.15,57.69,,55.26,60.98,53.3,55.93,56.59,,67.06,49.39,53.35,51.1,,21.52,38.92,37.36,,51.55,50.82,,37.36,,
2018-07-16,41.74,49.55,55.94,50.49,52.44,55.89,,55.36,61.07,52.68,55.53,55.07,,67.13,46.83,52.19,49.59,,15.85,35.48,35.62,,51.93,49.04,,34.79,,
2018-07-17,37.86,44.77,52.56,48.42,50.26,53.55,,53.45,59.53,50.12,53.08,53.28,,67.44,45.26,49.23,48.63,,12.41,32.31,33.88,,52.31,45.08,,31.97,,
2018-07-18,40.22,44.89,52.9,49.03,50.64,54.22,,51.11,57.77,50.24,51.66,52.59,,67.75,50.97,49.62,49.05,,23.54,33.25,34.33,,45.52,42.78,,35.42,,
2018-07-19,41.02,48.12,55.32,50.61,51.53,54.89,,55.88,61.34,54.24,55.36,55.16,,68.29,51.09,50.0,49.46,,24.21,33.67,34.78,,45.66,43.21,,35.6,,
2018-07-20,44.25,49.56,55.43,50.97,52.93,55.83,,53.98,59.82,52.42,55.47,55.01,,64.43,48.31,53.69,49.86,,26.09,41.22,36.86,,53.69,47.15,,32.25,,
2018-07-23,43.27,45.92,55.3,49.88,51.52,54.32,60.34,50.99,59.68,50.12,53.81,51.89,60.0,77.19,51.57,54.57,48.65,57.24,13.98,33.76,30.81,43.79,53.05,41.62,49.66,26.76,46.9,59.31
2018-07-24,40.31,45.81,54.02,50.0,51.14,54.45,61.51,53.52,60.92,53.12,54.94,54.18,62.89,72.41,53.61,54.43,50.94,59.11,23.8,37.72,34.77,47.08,48.1,42.86,57.73,32.08,51.55,68.73
2018-07-25,37.58,44.62,52.75,49.64,50.76,53.76,60.27,53.41,60.78,54.2,57.07,54.03,61.64,72.25,55.16,57.83,50.54,58.56,28.06,43.18,33.87,46.23,52.53,40.59,52.74,26.08,47.95,64.04
2018-07-26,38.38,44.74,53.55,49.76,52.14,54.69,61.77,51.75,60.87,52.87,57.18,56.57,64.16,77.35,55.5,59.7,53.62,61.43,23.68,43.32,38.07,49.49,57.43,50.67,63.14,32.17,52.9,76.11
2018-07-27,41.36,49.23,57.31,53.7,58.04,59.63,63.95,57.11,65.3,57.52,62.56,59.89,65.99,77.4,56.32,61.81,56.42,62.59,25.78,46.48,43.85,51.02,67.59,55.61,64.63,36.36,51.7,63.95
2018-07-30,53.28,57.21,65.38,64.29,64.91,63.73,67.12,60.48,69.48,64.52,64.16,62.4,67.46,77.45,61.67,63.66,58.13,64.07,33.57,49.12,45.6,53.56,62.91,56.27,65.42,40.0,56.61,68.81
2018-07-31,41.18,48.37,55.91,52.97,54.25,56.38,61.82,56.21,63.18,56.53,59.75,57.18,63.18,72.05,55.34,57.75,51.33,58.78,28.5,43.25,36.7,46.96,52.25,42.55,55.41,28.72,49.32,63.51
2018-08-01,41.3,51.96,56.92,55.45,56.86,57.82,63.3,59.78,65.08,60.9,61.85,59.15,65.66,67.57,55.92,58.1,52.79,60.27,32.46,45.39,40.32,49.49,52.37,46.15,59.6,32.63,51.52,68.69
2018-08-02,40.35,47.72,54.75,50.12,52.49,55.03,61.41,55.75,61.09,53.9,56.72,56.08,62.75,66.52,50.12,53.48,50.0,58.05,23.64,39.8,36.51,47.32,52.24,45.77,59.4,32.28,51.01,68.12
2018-08-03,35.93,43.07,51.24,49.53,50.62,53.3,59.2,52.81,59.37,56.37,58.56,55.15,61.87,71.33,60.61,60.79,52.24,59.2,36.08,46.4,37.99,47.16,50.62,39.84,50.17,25.33,46.82,62.54
2018-08-06,31.75,39.96,45.72,44.71,47.77,47.89,55.33,49.46,53.83,47.53,50.74,49.21,56.67,59.91,47.76,51.98,45.53,54.33,30.35,44.06,33.16,44.67,50.25,37.63,47.0,22.63,44.67,62.33
2018-08-07,31.47,37.07,44.27,43.19,45.43,45.41,51.16,44.83,51.01,45.07,47.65,47.24,53.82,55.06,42.72,46.67,44.62,51.5,29.58,42.72,32.55,41.2,50.12,35.7,42.86,21.78,38.87,49.17
2018-08-08,28.82,35.48,43.05,42.15,44.58,43.72,51.99,44.95,51.12,45.2,47.78,47.38,54.64,55.16,42.86,46.8,44.76,53.64,29.74,42.86,32.72,44.37,50.25,35.86,47.02,21.99,43.71,61.92
2018-08-09,31.76,39.27,45.19,43.69,46.19,47.52,53.8,49.36,52.13,45.56,48.4,47.78,55.12,53.24,40.19,44.23,44.91,51.82,27.1,40.05,33.68,42.9,50.37,41.78,47.19,28.2,44.22,53.14
2018-08-10,40.26,47.32,52.68,51.28,53.92,56.25,63.16,55.67,58.26,55.24,58.58,58.07,66.12,60.27,52.45,57.11,52.34,62.5,35.66,48.77,44.27,54.61,57.35,49.74,65.79,32.55,58.88,85.53
2018-08-13,57.91,63.03,65.7,66.51,66.99,64.16,67.21,66.03,66.15,64.65,64.79,61.56,66.89,60.8,56.98,61.86,54.55,61.31,42.33,52.57,46.23,52.46,63.08,51.95,60.66,30.13,49.84,63.93
2018-08-14,42.86,47.12,50.89,48.72,51.95,53.89,58.17,52.24,54.22,48.49,53.66,51.55,58.17,55.33,43.85,52.68,46.89,53.92,31.32,48.78,39.64,46.08,62.68,45.08,50.33,25.39,41.83,53.59
2018-08-15,60.85,59.79,62.97,62.73,65.45,62.53,66.12,56.38,58.98,54.17,62.04,58.91,63.19,60.53,50.46,61.31,54.26,58.31,32.41,52.55,45.74,50.16,71.78,55.81,59.93,28.94,45.28,54.07
2018-08-16,47.35,50.74,52.65,50.35,53.88,54.38,60.39,52.23,54.2,48.5,53.64,51.55,59.09,55.31,43.88,52.67,46.91,55.52,31.41,48.79,39.69,48.38,62.62,45.1,56.49,25.52,47.08,62.66
2018-08-17,38.14,42.16,45.47,44.24,47.94,49.61,54.69,44.92,48.57,43.55,47.94,46.79,53.4,51.43,40.09,46.49,44.73,51.13,29.95,47.7,38.56,44.01,61.99,43.96,46.6,24.94,40.78,48.22
2018-08-20,37.63,41.65,45.15,43.91,47.1,47.44,54.52,44.4,48.24,43.22,45.65,45.9,52.58,51.1,39.54,43.24,43.33,50.32,29.66,43.24,33.08,41.94,49.52,38.21,44.52,24.62,41.29,51.94
2018-08-21,53.69,54.19,55.98,52.87,54.29,55.47,59.08,53.52,55.63,48.75,51.87,50.39,56.17,55.81,45.52,49.63,47.27,53.51,34.95,46.08,37.5,44.55,51.87,40.82,46.0,25.39,41.4,48.91
2018-08-22,35.23,42.44,48.58,47.14,50.0,49.84,52.9,51.87,56.84,50.37,53.65,52.52,57.53,60.11,46.71,54.1,50.79,55.41,28.84,48.18,41.8,46.33,62.01,49.53,50.77,30.28,41.7,46.33
2018-08-23,42.08,51.77,57.21,55.08,58.0,53.94,56.51,64.3,67.61,58.39,61.1,57.76,62.33,69.03,54.37,59.19,55.37,59.28,31.68,52.27,42.96,49.58,64.44,49.88,55.4,23.15,42.66,56.51
2018-08-24,37.4,51.46,56.5,53.58,54.42,52.28,53.94,67.64,68.44,58.89,61.13,58.45,62.78,68.7,53.32,57.91,55.5,58.04,27.59,47.72,41.82,49.21,60.86,50.67,54.89,30.83,44.79,50.79
2018-08-27,36.93,52.02,53.37,52.29,53.91,52.56,55.74,65.77,67.12,58.76,59.84,59.57,62.46,67.92,54.72,57.68,54.18,56.02,33.96,49.06,43.67,48.18,58.49,50.94,54.62,31.27,45.38,56.3
2018-08-28,34.48,46.86,51.52,49.7,51.52,51.52,54.01,63.29,65.92,58.22,60.04,59.63,61.81,69.17,55.78,58.42,56.8,57.17,34.69,49.29,46.86,48.73,59.43,55.17,55.91,37.53,45.99,47.68
2018-08-29,28.41,41.56,49.35,46.59,49.67,49.02,51.78,59.74,63.8,56.82,58.79,57.98,60.24,68.99,55.36,58.31,56.35,56.68,35.39,49.67,46.09,48.22,60.42,53.58,54.99,33.71,45.01,48.56
2018-08-30,37.5,52.58,55.95,54.96,56.18,56.77,58.59,65.48,68.85,60.52,61.75,61.16,63.77,71.03,57.74,59.96,60.76,62.94,37.5,50.2,50.4,53.0,61.35,57.77,61.9,47.01,51.14,49.69
2018-08-31,36.07,46.42,51.99,48.54,51.2,50.93,52.91,58.62,60.74,54.91,56.27,57.33,58.45,64.99,51.72,55.2,55.47,55.4,36.07,46.4,48.27,49.31,56.0,54.93,56.79,46.4,49.03,45.15
2018-09-04,45.98,55.02,58.43,56.02,56.83,55.82,59.41,61.24,64.86,56.43,57.83,58.43,59.41,67.87,53.61,57.03,55.42,56.9,28.51,47.39,48.19,51.88,60.64,57.83,60.25,46.99,51.05,49.37
2018-09-05,52.01,58.27,61.96,59.23,59.07,58.91,61.87,64.21,65.97,58.91,59.87,60.03,62.88,68.22,55.86,58.11,56.82,59.2,37.4,52.65,51.36,54.52,60.51,58.11,61.54,47.83,53.68,56.52
2018-09-06,57.59,63.23,65.76,63.62,63.23,62.45,65.59,69.65,70.23,64.59,64.4,63.23,65.99,71.98,60.12,60.7,60.51,63.56,45.53,56.61,56.03,59.51,60.7,60.7,64.57,54.28,60.32,60.32
2018-09-07,57.51,63.99,67.1,64.25,64.51,63.99,66.31,72.54,73.06,66.84,66.58,64.25,67.12,75.91,62.95,62.95,61.14,64.42,46.37,56.99,54.92,58.76,61.4,59.59,63.88,52.07,58.76,60.92
2018-09-10,57.14,62.24,66.07,62.5,61.73,61.73,63.49,69.39,70.66,63.52,63.01,60.71,62.17,71.17,59.44,58.16,57.65,60.58,35.97,47.19,50.51,52.38,56.38,56.12,59.79,49.49,54.5,55.03
2018-09-11,57.09,60.15,62.84,59.2,58.81,58.81,60.83,64.94,66.86,60.15,58.81,58.24,59.44,67.62,55.56,55.94,56.9,58.45,28.93,45.59,47.89,50.7,56.32,54.79,57.46,48.47,51.69,49.3
2018-09-12,50.46,58.59,62.58,58.74,57.98,56.92,60.06,67.18,68.56,60.89,58.44,57.23,58.47,67.79,55.21,54.29,54.92,56.23,28.83,43.1,42.92,47.76,50.61,50.15,52.56,42.15,49.68,49.36
2018-09-13,37.0,48.2,55.41,49.91,50.66,50.38,51.59,62.05,63.76,58.06,55.6,54.2,56.15,67.36,54.84,54.08,53.24,54.56,27.51,42.69,40.65,41.87,49.72,45.42,46.83,32.82,39.88,42.06
2018-09-14,22.98,38.13,45.45,43.43,44.44,44.02,44.97,58.33,59.09,55.56,52.27,51.4,54.5,62.88,53.28,52.53,51.15,52.91,31.06,41.67,37.15,41.01,47.73,39.95,43.65,27.23,37.83,45.5
2018-09-17,38.15,50.2,58.63,57.83,57.03,56.05,59.58,69.48,73.09,63.86,63.45,60.89,61.67,73.09,60.64,57.43,57.26,58.33,35.34,47.39,45.97,49.58,53.01,48.39,51.25,35.08,47.08,55.42
2018-09-18,15.73,33.87,38.31,37.9,41.13,40.73,44.17,60.48,64.11,60.08,57.26,55.65,57.5,68.55,57.66,54.84,55.65,57.08,35.89,47.98,46.37,50.0,53.23,48.79,51.67,35.48,47.5,55.83
2018-09-19,38.26,50.28,46.1,50.0,48.87,53.38,56.24,64.64,48.79,52.62,50.98,55.42,59.12,25.25,41.11,41.0,47.41,50.86,63.27,56.73,56.36,59.12,31.16,49.45,48.56,60.44,55.28,43.76
2018-09-20,44.6,57.04,52.35,54.69,51.66,54.5,53.57,70.66,57.75,57.75,56.4,56.4,58.52,35.92,48.12,47.16,51.66,51.37,54.93,52.37,54.5,55.22,36.73,50.95,47.8,57.58,50.0,37.09
2018-09-21,42.63,56.05,51.58,53.95,51.33,52.93,53.44,70.53,58.16,58.16,56.65,57.18,59.06,36.84,48.95,48.4,52.13,52.19,55.53,52.66,54.79,55.94,38.03,50.8,49.06,56.91,50.31,38.44
2018-09-24,47.33,57.49,52.14,55.35,52.67,54.55,54.44,67.11,56.42,57.75,54.55,56.68,56.67,41.18,47.06,44.39,47.59,46.11,53.21,46.79,50.53,47.22,29.68,46.52,41.94,60.16,47.5,27.78
2018-09-25,48.09,58.15,52.11,54.12,53.32,54.73,54.6,67.2,54.93,56.34,56.74,57.14,58.79,34.81,45.47,48.09,48.69,47.07,54.12,53.32,54.33,50.84,44.47,51.11,47.07,53.12,45.82,32.43
2018-09-26,51.69,61.84,57.17,57.97,57.03,58.48,59.23,70.53,59.9,58.78,57.67,59.77,60.57,42.83,48.63,50.08,53.47,52.01,54.75,53.96,58.0,54.7,44.59,54.93,51.68,61.07,50.67,33.89
2018-09-27,49.21,57.87,53.35,55.31,53.16,55.53,55.44,65.75,54.92,56.1,54.94,57.51,57.7,39.57,46.85,47.43,50.0,48.46,55.31,49.8,55.34,50.72,35.97,51.78,46.61,61.26,48.46,29.98
2018-09-28,42.37,56.58,51.05,54.74,51.59,53.44,53.85,66.05,53.95,57.63,56.08,57.67,57.97,36.32,48.42,48.41,51.59,48.35,62.11,53.44,57.94,53.3,35.19,51.59,46.7,61.38,48.35,29.67
2018-10-01,47.04,58.06,53.49,55.38,52.96,54.57,54.9,67.2,55.38,55.91,54.57,55.38,55.46,31.18,42.47,44.62,48.92,47.9,54.03,51.08,53.49,51.54,38.17,50.54,45.1,61.56,48.18,30.25
2018-10-02,47.41,57.17,52.99,55.18,53.59,54.98,55.6,65.14,53.19,54.78,53.19,54.58,54.77,31.87,44.82,46.22,50.0,49.59,55.38,52.19,54.18,52.7,38.45,50.6,48.13,61.16,50.83,34.85
2018-10-03,47.61,56.85,50.96,52.55,51.43,53.82,53.57,62.74,51.75,52.71,51.11,52.71,53.57,28.98,41.08,44.11,48.25,47.76,51.91,49.84,52.87,51.91,41.72,52.07,48.09,60.99,49.09,31.18
2018-10-04,72.97,72.2,66.99,65.44,64.09,64.48,65.66,71.62,60.23,59.27,57.53,59.27,59.04,38.03,49.42,50.58,53.28,53.82,56.56,55.6,57.72,55.62,45.37,54.83,52.61,61.58,52.21,35.34
2018-10-05,75.32,76.86,70.95,67.35,66.32,67.1,68.72,75.32,63.75,62.47,58.61,60.67,61.23,40.1,50.64,51.93,53.98,55.35,57.07,56.04,58.1,56.95,46.79,54.76,54.55,61.44,55.35,38.5
2018-10-08,79.24,79.24,74.68,72.66,71.65,71.14,70.87,75.44,66.84,65.82,64.05,63.8,62.73,52.41,56.46,55.19,57.22,58.01,59.49,56.96,58.23,59.32,51.14,58.73,55.64,63.04,51.44,37.01
2018-10-09,81.75,81.18,77.57,77.57,74.52,73.19,72.58,79.28,69.96,69.39,67.3,65.97,67.06,53.23,59.13,56.46,57.98,59.37,67.87,59.13,60.46,61.14,48.48,55.89,56.02,63.31,57.4,42.6
2018-10-10,95.13,95.13,92.24,91.17,89.95,89.31,87.96,93.76,89.19,86.3,83.56,82.29,80.03,68.65,71.23,66.82,67.18,67.19,72.6,66.82,67.18,65.77,57.08,63.51,62.44,68.85,59.75,42.16
2018-10-11,97.18,96.23,95.67,94.16,92.66,92.05,91.34,92.47,86.25,84.75,82.3,81.06,79.92,65.73,71.19,68.93,68.37,70.28,76.08,71.56,72.73,71.85,62.71,67.23,66.73,72.92,66.93,52.17
2018-10-12,95.99,95.49,91.73,90.98,89.72,89.39,88.19,91.98,84.96,82.96,80.95,79.04,77.95,65.41,70.18,66.17,66.41,68.24,75.44,69.42,69.7,67.98,56.14,64.9,63.78,72.98,64.04,47.51
2018-10-15,93.63,93.63,90.04,90.84,90.44,90.4,89.26,91.24,86.06,84.86,80.88,80.0,79.75,68.13,71.71,68.92,66.4,70.25,76.89,70.12,70.0,72.73,59.76,66.8,70.25,74.0,72.73,66.53
2018-10-16,83.2,84.0,82.4,82.8,82.0,81.2,79.75,85.6,76.0,74.0,72.4,70.8,74.38,58.4,65.2,61.6,64.0,66.94,74.4,67.2,67.6,70.25,58.4,65.6,69.01,72.0,68.18,61.98
2018-10-17,86.79,68.76,71.18,76.08,76.79,74.87,75.8,44.86,53.71,65.15,66.75,67.01,71.66,62.45,74.03,72.97,71.07,73.89,65.6,71.53,68.78,70.38,73.44,68.27,72.93,65.23,68.15,55.41
2018-10-18,93.93,89.75,88.24,85.91,85.68,84.05,84.13,58.79,71.68,78.86,81.15,79.75,79.05,82.14,83.86,83.77,79.75,80.0,75.45,80.91,79.49,79.68,83.29,79.75,79.68,71.9,68.25,46.67
2018-10-19,92.07,87.06,85.87,85.49,85.0,83.84,84.49,54.49,71.74,78.91,82.14,80.3,80.38,86.74,85.26,85.0,80.3,81.65,75.51,83.33,80.81,81.01,87.14,82.32,82.28,71.97,73.73,58.86
2018-10-22,94.58,89.58,88.07,86.65,86.46,84.89,85.8,54.58,68.55,78.96,82.19,80.86,82.33,81.78,85.29,84.8,80.86,82.97,82.13,85.04,83.38,82.33,86.94,83.88,83.28,79.35,79.18,65.93
2018-10-23,93.06,89.75,89.42,87.65,87.89,85.41,86.02,66.78,77.47,83.42,83.12,81.57,82.7,86.69,84.83,84.95,83.11,84.12,81.13,84.77,82.92,82.94,86.61,83.49,84.36,77.35,78.67,70.62
2018-10-24,95.77,93.99,93.69,93.37,93.87,93.02,91.68,80.74,87.38,87.18,89.39,88.37,86.96,90.18,90.35,92.38,90.08,88.66,87.61,91.18,88.53,88.28,92.23,88.53,87.15,82.17,81.66,70.7
2018-10-25,94.42,92.33,91.86,92.09,92.96,92.25,91.03,83.72,86.05,85.12,86.85,87.09,86.96,88.6,88.84,90.14,88.5,89.67,84.65,87.79,87.09,87.77,88.26,87.32,87.5,84.51,83.97,79.62
2018-10-26,92.69,91.12,91.12,91.64,92.88,91.82,90.71,83.29,86.95,87.47,89.71,88.13,87.93,89.82,92.17,92.88,90.5,90.71,89.3,90.5,88.65,89.16,92.08,86.81,87.31,79.16,81.42,80.5
2018-10-29,90.45,87.0,88.86,89.12,90.72,90.98,89.81,78.25,83.29,84.62,87.8,88.59,88.71,90.45,90.98,92.57,93.1,92.01,87.0,90.72,91.51,89.53,93.1,90.98,90.63,86.21,85.67,78.79
2018-10-30,90.02,87.23,87.62,87.43,87.82,87.82,87.97,76.05,78.84,80.64,83.63,85.23,87.14,85.43,87.23,89.82,88.82,90.66,85.63,88.82,88.82,89.42,91.42,89.82,90.04,85.03,85.89,80.29
2018-10-31,87.54,84.03,84.03,83.71,84.29,84.29,84.69,70.13,74.92,77.16,77.72,79.49,82.03,81.15,81.63,83.17,84.94,87.19,84.03,84.94,86.06,88.19,85.1,86.86,87.35,84.46,83.36,75.54
2018-11-01,90.82,87.3,87.3,86.72,87.25,86.86,86.76,72.46,76.17,77.93,78.43,79.61,83.5,81.05,79.1,82.94,83.92,86.76,80.86,83.53,85.69,87.58,86.67,87.25,88.19,83.53,83.5,76.58
2018-11-05,91.47,88.27,88.53,88.53,88.53,88.0,86.94,73.33,77.6,77.33,80.0,79.2,82.5,81.87,81.33,82.93,81.33,84.17,81.07,84.8,84.0,82.78,85.87,83.73,83.61,80.0,79.17,71.11
2018-11-06,89.53,85.97,85.77,84.78,85.38,84.78,84.36,72.92,73.91,74.11,76.88,76.28,79.22,76.28,75.69,79.45,77.47,79.22,75.49,82.41,81.42,80.86,86.36,83.4,81.89,79.84,76.34,66.26
2018-11-07,74.41,68.09,68.88,69.35,71.72,71.56,73.19,56.56,63.51,64.77,69.04,69.83,70.56,72.2,71.56,74.25,73.14,74.34,72.2,78.83,74.88,73.36,84.52,78.83,70.89,70.3,62.5,43.09
2018-11-08,76.25,70.88,71.65,71.65,73.37,73.37,73.9,61.11,66.09,66.67,69.92,70.5,71.91,68.77,69.92,71.46,71.46,73.51,72.22,76.05,72.99,73.71,79.69,75.86,71.31,70.69,65.94,51.39
2018-11-09,77.04,72.7,73.72,74.74,75.51,76.28,76.66,63.78,67.6,69.39,72.7,73.72,74.8,71.43,73.72,77.04,75.77,76.39,75.0,81.12,78.83,77.72,86.22,80.36,76.39,72.7,66.58,51.72
2018-11-12,90.2,85.43,85.43,85.18,85.18,84.67,84.11,72.61,75.63,75.88,79.15,80.65,79.69,81.91,80.65,82.41,82.41,82.55,78.64,83.67,83.42,82.81,89.45,87.69,86.2,81.91,75.52,56.77
2018-11-13,86.79,82.64,82.26,83.02,83.77,83.77,82.0,71.7,75.47,76.98,80.38,80.94,80.43,81.51,82.08,84.15,84.15,84.54,84.53,87.55,87.17,85.32,89.43,87.55,86.69,82.08,77.89,63.01
2018-11-14,88.97,84.29,84.74,85.2,85.95,86.06,84.59,72.05,76.89,79.15,82.48,83.18,82.55,82.63,83.23,87.31,86.36,88.05,83.99,89.12,88.79,89.78,91.54,89.7,90.57,83.48,82.86,69.97
2018-11-15,82.99,78.88,78.69,80.0,81.5,81.58,80.47,68.6,72.9,75.7,79.44,79.51,79.88,79.07,80.37,85.05,84.21,85.74,84.11,89.53,88.35,89.06,91.78,88.91,90.04,80.83,81.84,69.14
2018-11-16,77.11,75.37,75.62,75.87,78.11,78.45,77.86,66.42,69.9,70.65,72.89,73.18,74.48,71.89,76.12,80.6,80.45,80.73,78.11,84.08,83.71,83.07,88.81,87.47,84.9,80.2,74.74,56.51
2018-11-19,84.58,81.82,83.4,83.79,84.58,84.92,84.84,71.54,77.47,78.66,81.82,81.75,82.38,81.82,83.79,87.35,87.3,87.7,85.77,90.12,90.08,88.52,91.7,89.68,88.52,82.14,83.2,78.28
2018-11-20,93.25,90.48,88.89,90.48,90.87,90.87,90.57,78.17,81.75,84.13,87.3,87.7,87.7,83.33,86.51,92.46,91.27,90.16,86.9,92.86,91.67,93.03,92.86,92.06,91.39,84.13,86.48,81.15
2018-11-21,77.41,78.91,82.54,85.51,84.67,84.41,84.21,80.41,86.17,89.53,88.54,88.73,86.84,88.27,92.97,91.67,90.59,89.47,92.68,91.96,90.59,89.29,81.99,84.72,84.77,85.8,84.96,71.05
2018-11-23,80.78,82.34,83.12,86.23,85.83,84.51,84.62,84.94,85.19,89.09,88.45,86.61,86.15,86.75,92.47,90.81,86.88,86.77,91.43,90.03,86.88,87.38,80.05,79.27,81.54,75.85,78.15,79.38
2018-11-26,71.32,76.05,77.89,78.42,78.68,78.68,79.23,76.32,76.05,80.53,79.21,80.0,81.15,78.16,86.05,83.42,81.05,83.33,88.16,86.32,84.47,85.52,77.63,75.0,72.68,72.89,71.58,63.39
2018-11-27,75.45,77.62,78.81,79.41,79.41,79.41,80.04,78.42,75.64,79.21,78.42,78.02,78.6,74.06,81.58,79.6,79.01,78.6,87.52,84.55,83.17,80.25,77.82,74.65,71.19,73.27,66.05,50.82
2018-11-28,74.76,76.51,76.83,78.25,77.23,77.23,77.36,74.29,73.81,76.67,74.84,74.84,75.37,71.27,77.62,76.27,75.0,74.05,85.4,80.57,79.14,74.71,71.18,70.06,68.1,73.09,65.29,47.6
2018-11-29,71.84,75.92,77.67,78.45,77.58,77.78,78.14,79.03,75.92,79.22,77.58,77.19,77.73,74.37,79.03,78.75,77.0,75.51,85.44,82.26,79.92,75.91,77.97,74.66,69.03,73.29,63.16,42.11
2018-11-30,70.13,71.95,71.69,74.81,74.41,74.15,73.98,71.43,69.35,74.29,73.37,74.15,71.82,67.01,74.81,73.63,72.58,71.27,85.71,80.68,78.85,75.07,71.54,70.5,66.67,73.89,63.41,42.28
2018-12-03,66.93,66.93,66.67,68.52,69.58,70.37,71.07,66.67,65.34,69.84,70.9,70.37,70.52,61.64,71.69,71.16,70.11,69.97,83.6,77.51,72.75,71.9,66.4,66.14,65.01,66.67,59.5,40.22
2018-12-04,84.51,87.06,86.47,88.04,87.25,86.67,85.51,85.69,84.31,86.67,84.31,84.31,84.9,76.67,84.31,83.14,82.16,81.63,88.63,87.84,85.88,85.1,78.43,79.02,75.92,80.0,72.86,58.57
2018-12-06,88.57,89.52,87.24,88.0,87.81,87.62,85.94,87.05,84.0,87.24,85.9,84.95,84.95,77.14,83.62,84.95,83.81,80.2,88.38,87.24,86.29,82.97,81.14,80.38,74.06,78.86,67.72,46.34
2018-12-07,90.1,90.61,90.86,90.61,90.36,89.59,88.65,91.88,89.09,90.36,90.61,89.59,89.97,83.76,88.32,89.85,88.83,87.6,90.61,89.85,89.34,88.13,87.82,83.76,80.21,78.43,70.98,50.13
2018-12-10,88.78,87.78,88.78,89.28,89.03,88.03,86.82,87.28,88.03,89.28,90.27,87.78,86.3,86.03,89.03,88.78,87.53,86.82,90.52,90.02,88.28,85.53,84.79,84.29,75.97,78.05,68.48,49.61
2018-12-11,88.95,87.27,87.83,88.39,88.58,88.39,86.41,84.27,85.02,88.58,88.58,87.27,86.02,84.64,89.14,89.51,88.2,87.38,92.7,90.82,89.7,88.35,85.39,85.21,78.83,81.65,70.68,46.21
2018-12-12,87.71,85.91,86.51,87.26,87.11,87.52,85.34,83.21,83.96,87.86,87.11,86.77,85.34,84.11,89.51,88.76,87.52,87.21,92.95,89.81,88.87,88.3,83.66,84.06,78.94,80.9,73.63,53.82
2018-12-13,86.09,84.23,84.97,85.9,86.27,84.89,83.33,79.96,80.71,84.6,84.97,84.14,82.56,81.08,85.34,86.27,84.51,83.14,89.24,88.68,86.75,84.11,86.09,83.58,75.97,77.24,66.67,45.93
2018-12-14,89.63,88.4,87.16,88.4,88.4,88.81,87.6,85.93,85.93,89.63,89.88,89.05,86.82,82.96,88.64,89.88,87.31,86.56,93.33,91.11,89.05,88.11,86.42,84.58,80.1,79.35,71.06,50.39
2018-12-17,92.94,92.94,91.76,92.55,92.16,92.91,91.87,89.8,90.2,92.94,92.94,93.31,91.46,86.67,92.55,94.51,93.31,89.84,93.73,94.51,92.52,91.46,88.63,88.58,84.15,84.65,75.61,52.03
2018-12-18,96.06,95.28,94.09,94.88,94.49,94.88,93.5,89.37,89.37,92.13,92.91,93.31,91.87,87.8,92.91,94.88,94.09,92.68,94.09,95.28,94.09,92.68,89.76,89.76,85.77,84.65,76.02,52.44
2018-12-19,91.18,91.72,93.18,93.42,93.03,91.54,90.45,92.4,94.85,95.28,95.25,93.38,92.51,95.82,95.71,95.7,92.0,91.57,91.85,91.39,84.15,85.58,84.57,75.08,80.34,58.77,73.6,82.21
2018-12-20,89.2,91.26,92.18,93.1,93.27,92.34,90.08,91.95,94.48,95.17,94.66,93.74,93.03,94.94,95.63,95.36,92.58,90.62,91.26,90.95,83.53,83.38,83.53,72.85,74.53,56.38,66.76,68.9
2018-12-21,94.85,94.85,95.88,96.39,95.83,95.83,94.51,94.07,96.13,95.88,95.83,95.05,94.21,97.42,96.65,95.31,95.05,94.51,93.04,91.67,84.9,86.28,83.33,74.22,78.35,58.07,71.65,79.57
2018-12-24,98.69,98.17,97.91,98.43,98.17,96.87,97.29,94.26,96.61,96.34,95.56,94.52,94.31,96.87,96.08,95.3,94.26,94.04,91.64,87.73,81.72,87.8,78.33,64.75,76.42,52.22,74.53,89.16
2018-12-26,97.16,96.37,97.0,97.48,97.15,96.68,95.57,94.48,95.9,96.21,95.41,94.15,93.76,96.69,95.9,95.25,93.99,92.94,91.01,87.97,83.23,86.86,80.85,69.15,75.21,61.55,69.95,80.13
2018-12-27,97.3,96.53,96.91,97.88,97.87,97.09,96.38,94.79,96.14,96.72,95.74,94.57,93.96,96.91,97.49,95.74,95.16,94.16,92.08,91.47,86.82,88.73,84.11,75.58,78.47,64.53,72.03,77.26
2018-12-28,97.42,97.42,97.94,97.94,97.93,97.15,97.04,94.85,95.88,96.91,96.37,94.82,94.89,96.13,97.42,96.11,95.34,94.89,93.81,92.23,89.38,90.59,88.86,79.53,84.68,68.13,77.96,83.06
2018-12-31,96.84,96.32,96.32,96.05,95.79,94.74,93.97,93.95,93.42,93.68,93.95,93.16,92.6,95.26,94.47,93.95,92.89,92.05,88.95,91.32,87.37,89.32,90.0,82.89,84.93,65.26,73.97,80.55
2019-01-02,93.6,92.2,92.36,92.82,92.82,92.2,91.88,90.95,92.04,92.67,92.51,90.8,91.07,92.98,93.14,92.98,90.64,91.07,89.7,90.02,85.49,88.15,88.61,78.47,81.49,63.18,74.19,81.33
2019-01-03,95.64,93.75,94.32,94.7,95.64,94.7,93.9,92.8,93.37,93.75,94.89,92.8,92.91,94.13,94.32,94.32,92.23,93.11,90.91,91.1,89.58,90.75,91.29,83.52,88.39,68.94,80.91,84.25
2019-01-04,89.42,89.67,90.43,89.67,89.42,88.66,87.96,87.66,90.18,89.92,89.67,88.16,89.53,89.92,90.18,90.68,89.17,90.31,87.15,87.41,84.13,84.55,85.14,78.09,79.84,66.75,74.61,75.39
2019-01-07,84.9,84.9,87.13,86.39,87.13,85.89,84.36,85.4,88.61,88.12,89.36,85.15,85.64,89.11,88.12,89.36,84.9,86.67,84.65,87.13,81.44,82.31,88.61,78.71,78.21,65.35,66.41,70.0
2019-01-08,79.37,80.48,83.09,83.46,83.46,82.9,82.08,82.53,87.73,87.17,88.29,86.06,85.74,89.22,88.66,90.33,87.17,88.44,85.5,87.17,83.83,83.62,88.66,83.64,83.04,72.49,70.71,63.78
2019-01-09,76.19,78.42,80.36,81.1,81.4,80.75,80.03,79.46,83.04,84.23,84.52,83.13,82.82,86.46,84.97,85.86,82.39,83.75,84.38,85.57,81.64,82.04,85.42,79.55,78.64,68.06,70.28,70.28
2019-01-10,75.51,76.8,77.9,79.37,79.93,79.44,78.85,73.85,79.56,81.95,82.32,80.93,80.0,84.71,84.53,84.71,81.48,82.5,84.53,84.16,80.93,80.77,84.9,77.78,75.38,67.41,67.88,67.5
2019-01-11,71.32,71.81,74.26,75.25,76.72,75.31,75.13,71.08,76.23,76.23,77.7,75.31,75.64,80.15,79.66,81.86,79.75,80.26,79.41,82.11,78.52,77.69,85.54,78.02,72.82,67.16,66.15,62.56
2019-01-14,75.49,75.88,77.43,79.77,80.93,79.69,79.03,75.1,78.6,78.99,80.54,78.12,78.23,82.49,82.88,83.27,78.52,79.44,81.71,85.21,78.91,78.63,85.6,75.0,73.39,61.33,63.31,62.5
2019-01-15,77.34,76.95,78.91,79.69,80.86,79.3,77.02,73.44,76.17,75.78,77.34,75.39,76.21,76.56,76.95,78.52,75.78,75.81,79.3,83.2,76.56,75.4,82.81,73.05,70.16,65.23,60.48,47.98
2019-01-16,83.78,82.43,81.97,83.05,80.21,78.71,77.65,78.65,78.64,83.76,79.91,77.03,74.86,77.95,83.33,77.84,74.58,73.74,87.04,75.92,72.13,70.39,64.7,61.41,61.64,56.2,49.35,38.18
2019-01-17,74.66,78.54,76.94,77.63,75.35,74.65,73.14,81.28,75.8,77.4,72.12,71.66,71.54,71.92,74.66,70.05,67.97,68.09,80.14,68.2,68.2,66.76,58.29,59.22,59.57,60.83,51.06,35.37
2019-01-18,73.4,78.52,76.73,77.24,74.94,74.16,71.9,83.12,76.47,78.01,72.87,70.8,71.0,71.1,74.17,69.25,66.15,66.77,79.28,67.96,66.15,65.86,57.36,57.36,56.5,52.2,47.13,34.44
2019-01-22,88.65,90.41,89.82,90.22,87.67,87.28,85.37,90.8,89.63,90.22,86.11,83.17,83.13,80.82,83.56,76.71,74.76,72.97,84.54,75.73,71.82,69.72,61.25,62.23,62.2,68.1,57.11,37.2
2019-01-23,85.58,87.3,87.15,86.68,85.38,84.75,82.54,89.03,86.83,87.15,81.92,80.82,80.59,77.74,80.88,75.63,73.27,72.76,84.48,75.47,72.48,70.8,61.95,63.52,62.97,70.6,61.01,41.27
2019-01-24,82.76,85.63,85.25,85.06,82.5,81.54,80.44,88.12,88.12,85.25,80.58,80.0,78.84,80.84,78.16,74.62,72.12,69.46,79.5,70.38,69.04,68.26,62.31,61.92,62.08,68.08,56.69,35.53
2019-01-25,77.24,80.82,78.77,79.03,77.12,76.86,76.27,84.91,78.52,79.28,75.06,74.55,71.47,68.54,71.87,68.38,67.1,67.2,80.05,70.44,68.64,67.73,61.95,62.21,60.8,68.38,51.47,28.27
2019-01-28,82.2,85.08,86.13,85.34,82.98,81.15,80.93,87.17,86.13,83.77,80.89,79.06,79.02,78.53,79.32,73.82,72.25,72.75,80.37,70.94,70.16,69.75,61.78,65.18,63.49,71.2,58.04,35.69
2019-01-29,82.17,85.85,85.85,85.08,83.91,81.98,80.44,86.24,84.88,82.95,80.62,77.91,77.62,78.1,78.68,72.87,71.32,70.36,79.84,70.35,68.99,68.15,61.63,63.95,61.49,66.09,52.02,28.83
2019-01-30,71.36,74.92,75.39,75.85,73.68,73.37,73.75,77.86,76.32,76.01,73.84,73.53,73.75,71.52,74.92,69.5,69.35,69.08,79.26,71.05,69.35,68.76,61.15,63.93,62.48,66.41,56.2,34.94
2019-01-31,66.17,67.86,67.48,69.36,68.8,69.36,69.34,74.06,70.11,71.8,70.86,71.43,70.51,65.41,70.49,67.11,66.73,66.41,78.95,67.67,68.42,66.41,56.58,62.22,59.38,66.17,54.49,32.42
2019-02-01,69.5,70.25,70.0,69.25,68.5,69.0,68.83,73.25,68.75,69.25,68.0,68.0,66.75,63.0,64.5,63.0,64.5,63.38,70.75,64.25,65.5,62.86,56.0,62.0,57.14,65.75,51.95,29.09
2019-02-04,67.32,70.52,69.29,70.02,68.06,68.3,67.94,71.5,69.04,68.55,66.83,65.36,66.16,61.92,66.34,60.93,61.18,60.05,70.52,60.93,60.2,59.54,47.91,56.76,52.16,62.16,49.11,33.33
2019-02-05,70.66,72.69,71.59,71.22,69.93,69.19,68.64,73.99,70.3,69.19,67.34,67.34,67.69,60.52,64.58,60.7,60.7,59.85,70.3,63.1,61.99,60.42,50.92,57.56,53.15,62.18,49.52,33.08
2019-02-06,70.46,72.38,71.2,71.49,70.16,69.19,69.12,73.12,69.13,69.28,67.36,66.81,67.9,60.12,65.73,61.74,61.48,60.83,74.59,64.7,62.81,62.06,50.81,57.19,54.99,61.78,50.84,35.64
2019-02-07,74.95,77.15,75.5,75.87,74.77,73.16,72.52,79.89,74.41,73.86,71.12,69.3,70.61,61.06,67.64,62.34,62.68,61.07,74.22,65.27,63.05,62.02,51.01,57.35,55.53,61.95,53.44,37.21
2019-02-08,70.07,72.51,72.02,71.53,69.83,69.36,68.96,73.48,70.56,68.86,67.88,66.67,67.94,59.37,63.75,61.31,60.54,60.05,70.07,64.96,62.25,61.32,54.99,58.82,57.51,61.76,52.93,36.64
2019-02-11,65.64,69.5,68.73,68.73,68.73,68.6,68.4,76.83,71.04,71.04,68.73,67.05,68.4,62.93,66.02,61.39,61.63,62.4,72.2,64.86,62.4,62.0,55.21,59.69,55.2,58.53,52.4,35.6
2019-02-12,50.78,64.34,63.95,63.95,62.79,63.18,64.8,73.64,67.83,68.6,67.05,65.89,66.8,59.69,62.79,59.3,59.69,59.2,69.38,62.79,61.24,60.4,53.1,59.3,55.2,63.95,54.0,35.6
2019-02-13,81.28,69.55,69.59,72.99,73.54,69.98,68.73,53.29,55.25,65.85,65.34,62.78,63.47,55.89,67.63,67.92,61.54,61.61,59.38,65.34,57.57,55.73,63.93,56.08,44.89,40.2,36.53,30.65
2019-02-14,78.44,67.35,69.87,74.39,74.3,71.78,70.37,53.39,57.26,70.16,69.16,65.35,66.98,61.32,72.38,69.63,66.09,66.36,64.14,67.06,61.88,60.49,64.25,59.65,56.17,46.29,45.68,38.58
2019-02-15,71.11,61.89,62.26,68.89,68.3,64.44,66.15,46.93,52.24,60.0,62.24,60.49,60.31,55.65,67.11,67.37,60.99,60.31,59.11,64.8,57.28,55.38,63.4,55.8,43.69,40.0,36.0,30.46
2019-02-19,72.5,72.27,72.5,71.59,69.5,67.2,66.67,66.82,68.18,65.91,64.22,62.84,64.02,67.73,63.64,63.07,60.78,61.11,55.0,60.32,56.42,55.82,56.42,54.36,51.06,41.51,42.86,35.98
2019-02-20,60.05,60.81,61.58,62.34,61.7,61.44,61.56,58.52,61.32,59.29,60.67,58.87,60.96,63.1,61.07,62.21,59.9,60.06,53.44,60.41,56.04,54.95,59.13,55.01,50.45,40.87,39.64,29.13
2019-02-21,61.21,66.23,67.81,67.28,65.6,64.27,63.88,65.44,67.55,65.96,64.27,62.93,63.88,67.02,65.17,64.27,61.6,62.09,59.63,63.47,59.2,56.42,60.0,55.2,48.96,38.93,34.03,23.58
2019-02-22,55.21,57.29,58.85,59.38,60.63,60.37,60.28,57.55,59.11,59.9,60.37,60.63,62.25,61.2,61.2,61.15,60.63,62.25,59.11,62.47,60.37,58.59,58.27,55.38,52.96,41.99,39.72,33.52
2019-02-25,64.12,66.77,67.55,66.15,67.14,65.1,66.07,63.65,68.02,64.43,63.38,62.13,64.29,69.89,64.12,63.85,61.66,63.8,53.51,61.35,58.84,55.68,59.47,55.4,52.27,41.47,40.58,33.93
2019-02-26,60.76,63.81,65.52,66.1,66.54,65.39,66.87,63.81,67.81,65.71,65.01,63.29,65.48,69.9,66.67,65.39,63.1,65.28,61.33,63.86,61.76,62.9,60.42,58.51,59.33,50.1,49.4,42.86
2019-02-27,60.66,61.93,64.21,65.74,67.35,66.58,67.72,61.17,67.26,66.5,65.31,64.8,66.67,73.6,70.3,67.35,66.33,67.46,66.5,65.82,64.8,66.67,66.58,60.97,62.96,60.97,57.94,46.3
2019-02-28,60.9,60.9,63.3,64.89,66.58,64.44,66.94,57.18,62.77,65.16,64.97,62.83,65.56,69.95,71.01,69.25,66.58,68.61,73.14,71.66,66.58,68.06,71.39,60.7,63.61,52.94,54.44,51.11
2019-03-01,54.21,56.05,57.63,57.89,58.99,58.47,60.99,52.89,53.95,55.0,58.2,58.47,61.26,54.74,56.84,60.58,61.64,62.91,55.26,63.76,63.76,66.21,70.37,63.49,65.38,59.52,62.36,56.87
2019-03-04,64.87,61.94,63.02,62.71,63.79,64.41,66.83,58.09,59.94,60.4,61.48,61.33,63.78,64.25,61.17,64.1,64.25,66.51,59.78,65.02,64.71,67.63,70.11,65.33,66.03,59.63,61.22,56.89
2019-03-05,65.42,64.11,64.49,63.74,65.23,66.36,68.16,63.55,65.05,63.18,65.23,66.54,67.77,64.67,62.06,64.67,66.17,67.96,60.19,65.61,67.85,69.71,70.28,71.59,68.54,72.52,66.21,50.49
2019-03-06,71.22,68.24,69.98,67.49,69.73,69.48,71.13,63.77,67.0,66.5,68.24,68.24,70.62,70.22,66.0,68.24,68.73,70.88,60.55,67.49,68.24,70.1,77.17,71.22,69.59,65.51,65.21,61.6
2019-03-07,76.37,75.62,75.37,74.88,75.12,74.13,75.0,68.91,70.15,67.66,70.15,69.65,72.16,66.67,66.67,68.16,68.66,70.62,65.67,71.14,69.65,72.16,77.61,72.64,71.39,66.92,67.27,66.75
2019-03-08,73.51,72.28,72.28,72.03,73.51,73.27,74.36,68.81,71.29,69.06,70.79,71.04,73.08,68.07,68.56,70.05,70.3,73.08,67.82,73.27,72.28,74.62,78.22,74.26,72.56,71.29,73.33,71.03
2019-03-11,42.21,50.59,53.82,54.26,55.59,56.78,59.33,59.26,58.09,58.68,59.26,58.41,60.55,59.41,57.5,58.68,58.11,61.16,53.68,59.71,58.55,62.54,66.47,62.54,64.98,58.26,61.16,65.6
2019-03-12,33.45,43.27,47.82,49.09,50.55,52.83,55.03,58.55,57.09,57.82,57.82,56.49,58.63,58.55,56.55,57.09,56.49,58.44,53.82,56.73,55.58,59.01,59.09,57.95,61.1,53.2,57.5,54.84
2019-03-13,32.61,42.27,44.2,45.89,48.31,49.88,52.53,54.83,53.62,54.59,53.14,54.26,56.06,53.62,54.11,53.14,54.99,57.07,54.35,54.83,54.5,57.58,54.59,54.99,60.1,53.53,57.58,59.34
2019-03-14,32.91,37.19,38.94,40.7,43.97,45.57,47.51,46.73,49.25,50.25,49.5,50.38,53.28,50.0,50.0,51.76,53.16,55.64,51.51,53.52,53.92,56.43,55.03,53.92,56.69,47.34,53.81,55.64
2019-03-18,34.97,40.08,42.77,46.34,48.14,56.4,60.74,46.22,44.47,51.22,52.79,59.85,65.64,44.68,61.42,59.53,60.84,66.56,63.41,62.79,64.04,67.18,45.35,62.07,70.55,71.18,76.69,69.94
2019-03-19,39.81,45.95,47.91,52.76,53.94,60.3,64.14,53.88,50.25,59.83,60.75,63.67,68.97,47.91,64.14,63.62,63.48,68.51,68.62,66.67,66.85,71.72,54.12,63.3,71.26,69.66,75.63,68.74
2019-03-20,39.47,47.07,48.29,52.39,54.73,59.73,63.44,55.47,52.53,59.97,62.74,63.05,68.37,49.52,63.48,64.48,63.05,68.19,67.56,67.98,65.91,70.93,61.72,62.44,71.48,60.18,72.58,75.32
2019-03-21,70.11,75.28,74.61,75.51,73.92,74.6,75.2,77.98,74.38,75.28,73.02,74.6,75.72,71.46,74.61,72.11,73.47,74.67,80.45,72.34,74.83,77.02,68.03,68.71,73.63,77.1,77.55,73.63
2019-03-25,56.41,62.31,62.05,64.1,65.9,66.92,70.74,66.67,65.13,65.38,65.9,65.64,68.09,60.51,64.62,64.62,65.38,67.02,70.0,66.41,67.44,70.21,66.15,66.67,69.95,72.56,75.8,72.34
2019-03-26,57.92,61.78,63.13,65.83,66.8,68.34,71.54,64.86,65.64,67.95,66.22,66.6,69.34,64.86,69.5,66.22,66.99,69.34,73.55,67.18,70.27,72.14,59.27,67.37,71.34,80.69,81.56,73.35
2019-03-27,46.59,55.11,54.8,58.05,59.32,61.34,65.38,61.92,59.91,61.76,62.58,63.98,66.99,56.97,62.38,63.82,63.98,67.31,70.74,67.24,68.01,71.98,66.46,67.24,71.5,72.98,77.29,74.88
2019-03-28,40.38,51.89,52.83,56.79,57.39,59.28,63.46,61.7,61.89,63.21,62.31,63.45,67.39,60.57,63.77,63.64,63.64,67.98,70.94,65.34,66.67,70.73,60.04,61.93,69.55,69.7,77.8,81.34
2019-04-01,40.46,52.58,52.58,56.7,56.96,57.99,60.59,62.89,57.99,60.05,60.05,60.05,62.47,50.77,57.22,58.76,61.34,62.73,64.69,62.11,65.46,68.63,59.02,61.86,65.95,65.72,67.83,59.79
2019-04-02,36.52,48.37,51.63,54.49,55.07,56.98,60.04,60.23,58.7,60.8,59.66,60.99,64.21,56.02,59.85,59.46,62.14,65.61,64.24,61.38,65.2,69.78,55.45,62.52,67.4,73.23,74.75,71.17
2019-04-03,40.21,53.82,56.12,57.95,57.65,58.87,61.05,65.14,64.22,63.61,61.93,62.84,65.82,59.79,61.16,60.4,62.54,65.66,64.53,61.01,64.07,67.89,54.89,61.62,65.18,69.72,70.27,65.98
2019-04-04,40.0,51.3,52.41,55.37,56.11,57.41,59.42,60.0,58.52,60.74,60.56,60.93,63.46,56.67,60.19,60.74,62.22,64.04,65.0,63.15,65.0,67.88,59.44,62.59,65.0,65.19,65.96,60.19
2019-04-05,28.19,43.38,45.34,50.74,51.96,53.19,56.74,59.8,57.11,58.09,56.37,58.09,61.07,52.94,57.84,56.62,57.35,59.8,64.22,59.31,60.78,62.85,49.26,55.39,61.58,59.07,63.1,66.92
2019-04-08,39.95,53.51,54.24,56.42,56.66,57.14,59.65,64.65,61.26,63.2,61.99,61.99,63.66,59.08,61.5,58.84,59.32,61.65,65.38,60.29,60.29,62.91,50.85,58.11,60.9,65.13,62.41,60.4
2019-04-09,44.99,56.47,57.38,61.2,61.02,61.57,64.15,67.21,63.75,66.67,66.12,66.67,69.25,60.11,65.57,63.02,64.48,67.36,74.32,67.03,69.03,71.32,55.92,63.57,66.23,72.5,73.77,69.62
2019-04-10,36.2,49.05,49.2,52.26,53.14,55.49,58.73,63.36,57.23,59.56,59.85,60.91,63.58,51.24,57.52,57.23,58.71,61.46,65.99,63.21,64.57,66.77,57.37,63.4,65.71,70.42,68.74,65.55
2019-04-11,18.38,35.14,39.82,43.78,45.41,48.55,52.07,58.56,55.32,57.84,56.58,57.61,59.77,54.23,56.76,55.5,57.61,60.34,62.7,59.46,60.87,64.66,54.77,61.41,64.29,69.75,68.05,65.41
2019-04-12,6.94,15.31,17.22,21.29,24.4,28.43,33.25,39.23,38.04,40.91,43.3,46.75,49.25,36.12,42.58,45.93,49.16,53.0,43.3,44.98,51.81,55.75,44.98,52.29,60.0,60.48,63.5,68.75
2019-04-15,10.69,18.32,22.14,25.95,26.34,29.89,31.62,40.46,39.31,42.37,43.89,46.74,50.99,33.97,43.89,46.18,49.43,52.17,47.33,48.47,54.02,56.52,47.33,55.94,58.89,57.85,64.43,69.17
2019-04-16,12.69,16.15,19.23,24.62,25.77,28.85,30.56,31.15,31.54,38.46,41.92,46.15,48.81,35.0,44.62,46.92,50.0,53.17,48.08,49.23,55.0,57.14,48.08,57.69,59.13,61.92,64.68,63.89
2019-04-17,25.41,28.46,32.98,35.02,38.57,44.01,54.1,30.69,36.79,38.99,41.8,47.92,62.92,40.59,44.71,51.73,57.7,70.21,54.19,59.35,61.37,77.81,57.74,65.53,82.67,71.15,91.79,96.35
2019-04-18,19.88,24.75,28.27,30.99,34.79,39.76,51.21,29.21,35.44,38.24,41.01,47.8,60.3,38.19,44.62,51.61,58.78,69.09,55.6,60.83,63.9,76.67,57.6,66.83,80.91,73.9,90.3,93.64
2019-04-22,17.61,20.85,25.47,28.73,33.1,37.47,46.22,26.92,34.74,36.62,40.23,45.01,57.7,40.42,44.3,48.74,56.69,66.77,53.51,57.7,59.85,71.6,52.18,63.26,78.55,70.32,87.61,91.84
2019-04-23,19.07,20.99,26.78,30.03,35.11,39.07,46.49,26.28,36.03,38.4,42.02,45.56,55.56,43.47,46.25,50.35,55.74,65.76,52.9,57.45,57.04,69.16,53.55,59.07,75.74,60.74,83.45,90.48
2019-04-24,29.63,33.99,40.03,42.62,45.6,51.57,58.23,43.65,45.86,48.19,51.8,58.74,66.73,49.53,56.82,60.89,62.78,70.34,56.82,63.64,65.92,74.68,61.9,67.26,78.84,74.74,86.98,88.25
2019-04-25,33.04,39.96,48.44,51.79,54.05,57.21,62.44,54.91,58.48,59.38,61.71,62.61,68.13,62.95,62.95,63.74,64.64,72.54,59.82,63.74,65.54,74.61,61.04,64.86,79.79,71.4,87.56,91.19
2019-04-26,28.0,34.0,38.5,42.75,45.71,47.73,54.71,47.5,51.5,51.5,54.29,55.81,63.82,57.75,53.25,57.83,59.09,66.47,50.5,58.08,61.36,69.71,60.1,61.11,73.82,61.87,81.76,90.88
2019-04-29,33.33,39.95,44.53,44.27,48.6,51.15,56.99,51.15,52.16,52.67,55.22,58.02,64.64,56.23,54.2,57.51,60.31,65.17,46.82,56.49,61.58,67.81,57.76,60.31,74.14,65.9,84.7,91.03
2019-04-30,25.86,35.44,41.57,43.1,45.59,49.04,55.07,47.89,52.11,54.02,55.75,59.2,64.61,60.54,57.28,58.24,61.49,66.4,53.26,57.85,62.45,68.59,52.87,60.54,73.36,72.8,86.48,90.46
2019-05-01,40.31,49.38,51.69,54.62,55.25,57.56,63.68,56.15,59.38,58.15,59.57,61.57,66.88,64.46,60.46,60.65,63.12,68.32,54.15,61.27,63.73,71.84,59.72,63.89,80.0,72.99,88.96,92.16
2019-05-02,42.21,49.53,51.03,52.91,55.18,57.06,62.11,53.28,54.6,56.29,58.76,60.83,66.02,60.6,58.16,60.64,62.9,68.36,54.78,63.65,64.78,73.05,67.04,67.61,80.27,72.88,86.91,90.62
2019-05-03,28.43,33.67,38.9,40.9,43.36,45.86,52.73,41.15,45.39,47.88,50.38,54.14,59.74,50.12,51.37,53.38,58.65,64.68,48.13,57.39,60.65,68.83,56.89,60.4,77.4,69.67,87.79,92.73
2019-05-06,56.01,59.59,62.4,62.4,62.4,62.92,67.82,60.1,63.94,60.36,61.13,61.64,69.68,67.52,60.87,61.89,65.22,72.07,53.45,60.36,64.19,72.61,63.17,66.24,78.72,70.33,85.9,88.83
2019-05-07,84.44,83.49,85.01,82.35,82.92,82.35,84.62,78.37,80.65,75.71,76.85,76.85,83.23,82.16,73.43,74.57,75.71,84.81,59.77,70.4,73.81,85.01,81.59,83.3,90.53,82.16,91.12,93.1
2019-05-08,85.89,86.95,87.1,86.49,85.89,85.58,86.91,84.37,86.95,83.46,81.64,82.7,86.91,85.58,80.73,79.21,79.36,87.22,70.86,70.71,75.42,86.12,70.41,79.06,89.75,85.43,93.06,94.01
2019-05-09,81.8,84.01,84.93,84.56,84.56,83.64,84.73,82.54,84.38,81.8,80.7,81.25,85.11,83.64,80.51,78.86,78.49,86.26,74.45,74.45,76.65,85.31,70.4,78.49,88.93,83.27,91.41,92.75
2019-05-10,61.07,64.23,67.15,65.21,67.15,68.61,71.46,71.53,71.53,70.07,71.78,71.53,76.26,73.48,67.88,68.13,69.34,76.26,62.04,66.18,68.61,77.53,69.59,72.75,83.59,76.64,85.86,90.15
2019-05-13,86.54,86.3,88.22,86.06,86.3,87.26,87.56,87.5,88.94,86.06,85.1,86.3,89.8,87.5,83.41,83.17,84.86,90.55,77.64,79.81,82.93,91.29,81.97,88.22,92.79,88.22,95.52,94.78
2019-05-14,80.29,81.56,83.0,82.46,81.92,82.46,83.33,83.91,85.53,83.91,83.18,83.36,86.7,87.16,82.64,81.74,81.37,89.14,77.94,79.93,80.29,88.95,79.75,81.92,91.2,82.64,93.26,94.38
2019-05-15,71.3,73.33,75.07,75.07,75.94,75.73,78.16,74.35,77.83,75.94,75.94,76.6,81.17,80.14,76.38,77.68,78.2,83.73,70.29,75.51,77.62,85.84,80.58,82.12,91.11,82.27,92.92,95.18
2019-05-16,52.42,58.86,63.51,63.86,64.58,66.37,69.4,66.01,68.87,67.26,69.23,70.14,73.88,70.84,69.23,70.84,71.58,79.1,66.91,71.38,74.46,81.53,76.39,79.86,89.55,77.88,90.86,92.16
2019-05-17,48.22,59.62,65.8,66.27,66.98,67.7,70.47,71.73,73.4,72.21,71.97,71.29,76.18,74.35,73.4,72.68,72.49,80.65,70.31,72.68,74.4,82.88,72.92,76.56,88.59,77.03,90.32,94.04
2019-05-20,54.55,64.02,67.42,67.05,69.32,69.96,72.55,68.94,74.62,73.48,73.48,73.38,78.82,75.76,75.38,75.76,75.29,82.35,72.73,72.73,74.14,83.53,73.48,76.43,88.24,79.47,91.37,96.47
2019-05-21,45.8,53.82,58.78,60.69,61.07,62.21,66.14,62.98,62.6,62.98,64.5,66.03,72.05,66.03,63.74,64.5,64.5,74.8,61.45,64.5,66.79,79.13,71.76,72.52,87.01,75.19,89.76,93.7
2019-05-22,52.57,59.55,61.08,68.93,70.11,72.92,69.06,63.24,62.03,71.57,71.7,75.89,71.4,60.81,72.4,72.84,76.79,71.4,73.51,73.28,81.85,69.96,75.72,86.46,67.27,93.75,55.22,5.58
2019-05-23,73.61,76.94,76.27,76.94,76.51,78.75,75.58,78.27,75.61,75.61,76.06,80.09,74.04,74.72,74.94,75.62,81.88,74.04,75.61,77.85,85.91,73.78,76.96,90.16,70.69,96.2,62.72,6.94
2019-05-24,64.27,70.97,71.46,71.71,71.43,73.93,70.26,75.43,70.22,71.22,69.17,77.19,71.72,63.28,69.23,68.42,77.19,71.14,74.69,72.68,84.21,72.01,72.43,89.72,69.1,96.99,64.72,6.71
2019-05-28,73.71,78.48,78.1,77.52,76.95,80.0,76.68,82.1,74.86,75.62,74.86,80.76,74.7,68.38,72.19,72.95,80.19,70.75,79.43,79.81,87.05,72.13,78.1,91.05,67.59,96.0,61.26,7.31
2019-05-29,77.06,79.36,79.05,79.05,79.6,81.6,79.17,82.11,77.83,77.98,78.37,82.98,77.27,73.55,74.92,77.3,84.97,73.93,79.82,80.67,88.5,73.45,81.13,92.18,69.16,95.55,60.57,7.0
2019-05-30,72.44,78.21,78.4,77.28,77.01,80.56,77.91,84.54,78.4,77.65,77.01,82.8,77.33,70.39,72.25,74.77,82.62,72.67,74.12,79.25,88.04,73.64,81.12,93.27,71.12,96.45,63.76,6.98
2019-05-31,78.47,81.19,81.93,82.43,82.09,86.57,82.47,84.41,82.18,81.19,81.59,87.56,84.54,78.96,80.2,80.85,88.31,80.67,83.66,82.84,93.28,80.67,80.6,94.28,77.84,98.26,72.94,9.28
2019-06-03,80.46,81.73,81.73,82.99,84.26,86.55,82.59,84.52,82.49,80.46,82.49,85.79,82.06,76.14,77.66,80.96,86.55,77.57,80.96,85.03,90.61,78.63,86.04,92.89,77.04,95.69,67.55,11.87
2019-06-04,69.68,73.45,75.71,75.71,76.65,79.66,77.5,80.6,78.34,78.15,79.66,84.18,80.04,74.95,76.65,79.28,86.06,77.1,80.41,82.49,89.83,77.89,81.54,92.84,74.76,96.8,68.49,11.15
2019-06-05,63.1,67.02,67.32,68.52,70.48,74.85,71.83,75.75,72.29,72.59,74.55,79.82,75.43,67.02,69.88,72.14,82.83,73.4,73.95,79.82,89.16,73.71,81.33,92.62,71.52,97.14,63.54,6.1
2019-06-06,64.42,68.07,66.97,69.53,70.62,74.82,71.21,75.36,70.62,72.26,73.18,78.65,74.62,64.23,69.89,70.8,81.02,71.21,79.56,79.74,88.14,72.92,77.55,91.24,67.42,96.72,60.23,5.49
2019-06-07,68.6,71.26,70.77,71.74,73.19,76.09,72.93,75.36,71.26,71.5,72.95,77.05,74.44,64.49,67.87,69.57,77.78,70.68,73.67,77.78,86.23,73.18,78.99,91.06,67.92,95.89,61.9,6.77
2019-06-10,62.77,69.45,68.97,69.21,70.41,73.51,69.38,74.46,71.84,70.88,72.08,75.89,72.59,62.53,67.54,70.41,77.8,69.38,69.69,77.8,83.05,71.6,82.82,90.21,68.4,94.75,59.75,7.16
2019-06-11,64.27,69.3,68.94,70.74,71.63,74.51,70.45,72.71,71.1,71.63,72.35,76.12,73.05,63.2,71.99,72.35,78.99,71.19,78.1,80.07,85.82,73.79,79.71,89.23,68.03,94.25,60.78,9.11
2019-06-12,63.88,68.35,68.49,68.78,69.35,71.57,69.66,71.51,68.92,67.91,70.36,73.3,71.3,61.44,65.9,68.49,77.06,69.51,70.5,76.83,83.69,72.5,81.58,90.04,70.4,95.09,62.78,10.16
2019-06-13,58.79,65.36,65.72,66.79,68.03,70.36,68.33,71.4,68.92,69.27,71.23,74.46,71.48,61.1,67.5,70.87,78.04,70.19,74.42,79.04,85.36,73.7,82.24,90.0,69.81,95.0,62.04,10.0
2019-06-14,55.9,62.03,62.74,63.68,64.86,68.17,66.01,68.63,66.51,65.09,68.4,70.78,69.46,58.96,63.44,66.51,72.92,66.26,70.05,74.53,82.66,69.46,81.13,88.6,66.01,93.59,58.37,8.37
2019-06-17,43.23,56.02,60.15,60.9,62.78,67.55,65.37,68.42,68.8,69.55,69.92,74.34,71.21,66.17,67.29,69.17,75.85,66.93,69.17,72.56,83.02,69.26,80.45,90.19,69.65,93.58,60.31,8.95
2019-06-18,37.5,50.76,54.92,59.85,60.98,64.02,62.11,68.94,65.15,68.18,69.32,72.73,71.48,62.5,65.91,67.8,75.0,67.19,72.35,75.38,85.23,71.88,80.68,89.77,71.48,93.18,64.45,11.33
2019-06-19,48.56,49.61,52.49,61.74,69.53,64.15,66.73,48.69,53.7,65.61,72.25,64.3,69.23,55.85,71.96,79.4,67.85,71.91,78.59,88.13,70.22,72.81,93.13,62.07,68.16,12.3,37.39,63.33
2019-06-20,63.22,68.94,70.7,71.81,72.89,69.11,69.64,70.48,69.82,71.37,75.56,66.89,70.15,71.59,74.67,81.11,68.0,71.94,80.84,88.0,68.22,70.15,92.67,58.22,64.54,12.0,32.65,59.18
2019-06-21,63.79,69.46,71.18,72.17,73.63,70.4,70.23,70.2,69.95,71.67,77.11,67.91,70.81,71.18,77.34,84.33,70.9,72.54,84.73,91.04,71.89,71.97,94.28,61.94,66.18,12.94,30.92,52.31
2019-06-24,59.05,64.82,66.83,69.6,72.36,69.6,71.88,66.83,69.85,71.61,74.62,68.34,69.01,69.85,72.61,82.16,68.09,67.45,78.89,87.69,67.34,67.45,93.97,60.55,62.5,13.07,30.21,52.34
2019-06-25,62.0,67.49,68.62,71.64,74.67,70.89,72.94,68.05,70.13,72.59,76.94,70.89,70.0,70.51,74.48,84.69,71.08,71.37,83.18,91.12,71.08,71.37,94.33,63.71,64.71,18.34,32.35,53.14
2019-06-26,58.73,63.73,66.92,69.2,73.67,69.86,71.45,67.22,71.02,72.53,78.39,70.62,70.03,73.44,74.66,85.39,70.62,71.29,79.67,89.8,70.32,70.03,94.82,63.47,64.35,16.13,31.39,54.1
2019-06-27,51.39,58.41,61.55,64.88,69.2,65.31,67.69,64.51,68.21,70.61,74.95,67.16,68.27,69.69,73.57,82.75,68.09,67.88,79.85,88.5,67.72,68.08,93.88,60.11,62.69,15.4,29.04,50.58
2019-06-28,43.49,53.32,56.76,59.46,66.67,60.49,63.68,61.18,63.64,67.57,73.58,64.94,66.75,67.32,71.01,80.49,66.42,67.26,80.59,88.89,67.41,67.77,93.83,59.75,61.13,15.31,26.34,45.78
2019-07-01,35.01,46.1,51.13,56.42,60.96,56.68,58.38,56.17,59.45,61.46,70.53,59.95,60.21,62.97,65.99,76.83,63.73,62.3,73.05,87.15,64.99,63.09,93.95,58.69,58.9,9.82,19.11,37.43
2019-07-02,27.48,37.2,40.56,45.98,53.64,49.91,50.1,50.65,50.09,53.46,61.68,55.7,56.5,50.47,56.26,67.66,57.2,56.89,62.8,82.62,61.12,60.58,92.52,57.57,55.53,8.79,18.64,37.28
2019-07-03,22.27,31.54,38.57,43.95,51.87,46.79,48.76,51.57,52.62,54.56,61.58,55.75,57.3,55.01,57.7,67.12,57.25,58.23,60.54,79.67,59.64,60.25,90.43,56.35,57.3,8.97,22.2,46.27
2019-07-05,28.12,41.59,44.95,50.72,55.77,53.37,55.36,57.45,56.49,58.17,65.14,58.17,59.6,56.25,60.82,68.99,58.17,58.85,68.27,81.73,60.58,60.6,89.66,55.77,54.61,8.89,19.7,40.15
2019-07-08,42.65,53.08,54.98,57.82,62.56,59.24,60.29,61.61,61.14,63.74,68.25,62.56,64.46,60.66,64.22,73.46,62.56,62.99,69.19,81.28,62.56,62.75,91.71,59.48,59.31,15.17,29.17,45.34
2019-07-09,39.39,50.09,53.3,56.33,60.96,58.11,59.23,60.43,59.71,62.92,68.27,62.57,63.65,60.61,64.88,74.15,62.92,63.65,69.34,81.64,63.99,63.28,91.27,60.25,59.96,16.04,30.07,45.76
2019-07-10,25.29,37.57,42.29,46.14,51.71,49.43,51.48,54.71,54.0,57.57,62.71,55.87,57.27,54.14,57.86,65.14,56.02,57.42,64.86,80.14,58.17,59.94,89.86,55.3,57.57,12.61,27.6,50.0
2019-07-11,15.34,26.63,33.33,40.04,47.27,43.79,45.04,49.91,52.03,55.56,61.38,55.32,56.07,55.73,59.79,67.37,57.45,57.54,65.08,80.6,59.57,59.01,90.48,57.09,55.7,15.07,25.74,37.68
2019-07-12,6.09,14.75,21.55,30.44,39.58,36.56,37.41,40.98,47.78,51.99,59.02,51.89,53.55,55.04,59.72,67.21,56.13,55.99,64.87,80.8,57.31,57.46,89.93,53.77,52.32,12.26,21.03,37.41
2019-07-15,8.21,14.55,24.63,30.22,36.19,33.71,36.29,42.91,50.37,53.73,59.7,53.93,55.6,56.34,59.33,67.91,58.43,58.3,64.18,79.48,60.3,59.85,91.79,60.3,57.14,17.6,25.1,39.38
2019-07-16,4.14,11.65,16.54,27.07,32.33,30.45,31.01,37.97,46.99,53.01,59.02,52.63,53.88,53.38,59.4,65.41,57.14,57.75,68.05,77.82,59.02,61.24,87.59,57.14,56.2,16.54,31.78,55.81
2019-07-17,33.67,41.88,46.46,66.38,55.45,59.62,64.88,50.9,53.75,77.22,63.86,63.46,71.13,56.04,84.82,67.5,65.38,70.54,92.41,64.55,59.86,67.86,12.5,24.52,45.54,54.33,75.89,86.9
2019-07-18,25.8,33.2,40.75,56.28,47.39,52.52,59.35,47.2,52.6,75.97,62.36,62.11,68.84,55.93,84.85,67.12,64.99,69.44,92.42,64.4,59.71,66.17,12.24,23.98,42.14,54.2,73.89,84.87
2019-07-19,34.73,43.51,52.28,70.63,63.35,63.4,67.75,54.09,63.28,84.02,70.36,67.7,73.37,78.01,88.55,71.49,68.18,75.44,92.22,64.48,59.81,64.5,12.44,24.4,41.12,54.31,70.71,83.14
2019-07-22,20.72,29.28,36.23,47.63,44.7,49.16,54.28,41.83,50.1,75.0,60.05,60.62,66.08,55.9,84.7,67.04,65.63,69.03,92.24,64.33,61.81,64.31,12.42,27.68,41.0,58.71,70.5,76.4
2019-07-23,16.22,28.82,37.99,47.91,43.65,46.82,52.88,45.04,55.36,74.71,61.74,60.8,65.93,63.64,84.92,67.3,63.52,67.7,91.96,61.91,56.81,63.05,11.83,22.69,39.38,47.73,68.58,82.52
2019-07-24,12.99,25.84,34.89,46.72,41.73,42.75,47.97,47.53,54.19,71.45,59.97,59.15,64.37,59.52,82.79,64.5,60.61,65.43,91.67,62.66,56.52,62.43,12.73,23.13,39.68,43.34,61.73,73.9
2019-07-25,18.56,33.84,44.98,56.33,48.24,48.46,54.29,59.39,66.59,70.96,62.56,61.67,65.66,71.4,81.22,63.0,62.78,65.66,89.74,57.49,57.05,63.38,13.0,27.53,43.94,49.56,66.92,79.8
2019-07-26,17.6,30.81,38.14,50.61,44.94,46.17,48.71,56.23,58.92,66.5,58.77,58.77,63.61,61.37,73.59,59.51,58.77,63.9,88.26,57.04,56.05,63.04,16.3,31.6,46.13,48.15,67.05,79.94
2019-07-29,21.2,36.41,45.14,54.86,48.63,49.13,52.71,60.6,64.09,71.07,60.6,60.1,63.57,66.08,77.06,58.85,59.85,63.57,87.28,55.36,57.61,62.02,12.47,24.69,38.76,51.37,59.69,66.41
2019-07-30,29.64,44.84,51.03,59.1,54.97,55.72,59.14,63.79,69.61,74.86,64.92,63.6,66.34,73.36,82.55,64.54,63.23,65.37,87.99,59.85,60.6,64.59,19.32,35.65,47.86,59.66,65.95,72.57
2019-07-31,42.62,56.63,62.8,69.73,64.2,64.8,68.86,70.78,74.55,80.87,70.24,69.18,73.08,81.78,89.76,70.85,68.43,73.87,92.47,65.11,64.35,69.33,23.26,39.88,56.03,60.27,74.33,85.13
2019-08-01,75.96,79.63,82.94,85.14,79.37,77.72,80.15,84.77,87.34,90.28,78.82,75.51,80.34,89.36,93.03,75.51,71.82,75.76,92.29,65.01,63.35,67.56,23.76,39.04,52.1,57.46,68.51,80.92
2019-08-02,78.29,80.73,83.9,86.34,80.15,78.92,81.22,82.93,86.1,89.02,77.21,75.74,80.71,89.02,93.17,75.49,72.06,76.9,92.2,65.2,64.46,68.53,23.28,40.2,54.06,61.76,71.83,82.23
2019-08-05,95.75,95.25,95.75,96.75,94.75,94.5,94.03,94.25,94.5,96.5,93.75,93.5,93.77,96.5,98.0,93.75,93.25,94.03,96.75,88.75,84.5,90.65,45.25,58.5,72.47,73.75,88.57,91.17
2019-08-06,85.69,90.89,90.89,91.08,89.96,89.96,89.58,92.01,92.01,94.05,91.08,90.52,91.31,91.45,95.35,89.03,87.55,90.35,96.65,81.41,79.55,86.68,31.41,53.9,66.22,77.14,87.07,89.38
2019-08-07,85.29,88.26,89.6,90.19,88.56,88.41,88.27,89.75,90.94,93.02,89.6,88.56,89.81,91.23,95.25,88.56,87.37,89.51,95.84,80.98,79.49,83.95,34.62,55.57,64.2,76.67,82.87,83.64
2019-08-08,72.97,79.46,82.88,85.41,82.34,80.18,81.12,83.6,88.11,89.73,83.96,82.52,84.86,88.83,92.07,84.86,80.18,84.86,93.15,76.04,71.53,77.94,32.07,50.09,62.24,64.68,78.69,83.55
2019-08-09,78.52,82.58,85.2,87.35,84.96,83.77,83.66,86.87,89.26,91.41,86.63,85.68,87.62,88.78,93.79,86.87,84.73,88.12,95.94,79.24,78.04,83.42,33.89,54.18,64.36,76.37,84.65,85.64
2019-08-12,89.65,89.41,90.35,92.47,90.59,90.59,90.27,90.82,92.47,93.41,92.47,91.06,90.51,93.41,96.0,92.47,90.35,91.24,96.47,83.76,81.88,88.81,42.82,58.35,69.59,77.41,87.83,87.83
2019-08-13,73.98,77.7,79.12,83.01,80.18,80.18,80.04,82.3,85.31,90.27,84.25,83.36,84.07,87.43,92.57,82.65,81.77,85.16,95.75,80.35,79.65,82.97,35.75,56.28,64.29,77.7,84.07,84.25
2019-08-14,91.63,91.21,91.49,92.77,91.77,91.61,91.61,91.91,92.62,93.33,92.77,92.32,91.31,92.77,95.6,92.77,90.47,90.72,96.17,86.81,84.78,89.69,47.09,62.16,71.28,77.52,86.75,86.89
2019-08-15,88.79,89.84,89.84,92.29,90.89,90.85,91.06,91.94,92.99,93.17,92.99,92.96,91.97,93.87,95.8,93.7,91.73,91.79,96.5,87.04,86.27,90.69,46.58,64.26,75.55,80.81,88.87,88.87
2019-08-16,69.3,75.35,78.37,82.56,80.23,80.09,80.34,83.72,87.21,91.63,87.44,86.65,88.11,88.14,93.02,87.44,86.18,88.59,96.28,84.88,84.07,89.81,42.56,60.89,71.36,80.56,87.86,87.62
2019-08-19,50.74,61.85,68.89,72.96,71.11,71.75,72.8,72.59,79.26,88.15,79.63,78.81,80.84,84.44,91.48,80.0,80.3,83.52,93.7,78.15,77.7,82.38,40.37,59.48,67.82,79.18,83.14,81.23
2019-08-20,51.12,63.06,69.03,72.76,72.01,71.27,73.08,73.51,78.36,86.19,79.85,77.99,80.38,83.58,90.67,79.85,78.36,83.08,92.91,80.97,78.36,82.69,45.9,60.07,69.62,72.76,82.31,82.31
2019-08-21,55.11,63.91,73.21,73.2,74.08,74.2,74.74,71.67,85.01,76.19,75.77,77.84,77.54,91.78,76.19,75.35,76.53,77.02,47.62,62.25,67.93,68.95,75.63,79.88,77.19,83.53,77.02,55.09
2019-08-22,70.28,76.79,80.69,76.36,75.27,76.37,76.69,84.16,88.72,77.87,75.05,78.34,78.2,92.19,72.67,71.77,74.4,75.19,37.74,54.05,64.11,66.42,67.83,78.77,75.69,88.18,79.7,56.89
2019-08-23,86.41,86.89,88.59,84.95,83.58,84.56,83.81,87.62,91.26,82.52,80.64,81.62,82.39,93.69,77.18,75.98,79.66,80.4,41.02,61.27,68.14,70.74,74.26,83.58,82.95,88.73,83.81,63.64
2019-08-26,83.91,85.89,88.12,84.65,82.92,83.91,82.82,89.85,91.09,83.91,80.94,83.42,84.62,92.57,71.78,72.77,75.25,75.64,39.6,56.68,64.36,65.9,69.55,81.68,76.67,87.62,80.51,53.33
2019-08-27,84.92,87.34,90.32,86.96,86.96,87.15,87.45,91.06,92.36,89.2,87.34,89.2,88.8,93.85,80.63,77.84,85.1,86.1,46.37,62.2,70.76,72.2,70.39,87.34,86.29,93.11,88.22,63.51
2019-08-28,77.43,83.71,87.44,82.36,82.01,83.21,83.07,89.09,91.18,84.75,82.46,86.21,86.96,93.27,76.83,75.56,81.26,82.45,43.65,59.97,69.12,70.19,70.61,86.81,84.78,92.95,87.42,59.32
2019-08-29,67.4,75.77,82.88,77.6,75.87,78.43,80.11,84.88,90.53,80.15,78.61,80.8,84.85,93.81,76.87,73.86,78.61,81.63,42.99,57.04,66.0,68.94,66.54,80.99,82.39,90.31,88.07,70.08
2019-08-30,74.82,78.21,84.99,79.42,78.1,81.02,81.86,83.78,90.56,80.15,78.1,82.0,84.89,94.43,77.97,74.7,82.0,83.38,41.4,55.96,67.15,69.52,66.18,85.89,83.12,93.92,89.92,59.45
2019-09-03,81.33,82.44,87.62,82.62,82.26,83.18,83.49,82.81,88.91,79.3,79.3,81.7,83.3,90.94,76.52,73.75,78.19,81.77,42.51,57.49,66.36,70.83,70.24,83.92,85.99,91.5,88.68,75.62
2019-09-04,66.91,71.2,77.4,71.94,71.64,73.26,75.31,79.62,85.97,74.89,73.26,75.04,77.91,89.07,70.61,68.24,72.23,75.31,39.29,54.51,63.81,67.18,65.14,80.21,78.99,89.51,84.2,61.96
2019-09-05,55.1,62.25,68.69,63.51,64.58,67.62,69.2,73.17,80.32,69.23,70.48,72.63,75.14,87.12,66.19,66.19,71.2,73.84,35.96,55.64,63.86,66.79,69.77,81.93,79.78,87.48,82.19,61.78
2019-09-06,44.55,53.79,61.14,58.06,58.53,60.9,64.37,63.51,75.12,64.69,63.98,67.77,71.01,87.44,63.03,63.27,68.01,72.73,29.86,50.0,59.72,62.9,63.74,77.96,78.13,86.97,84.52,71.01
2019-09-09,43.69,56.31,64.25,60.05,59.58,61.68,64.25,66.36,75.47,65.89,65.19,67.76,69.32,86.21,62.85,61.92,66.59,68.36,28.04,44.16,55.84,57.97,60.75,75.47,71.5,84.81,78.26,55.56
2019-09-10,37.79,50.79,59.93,55.89,56.59,59.4,61.45,65.55,73.99,64.32,64.15,66.61,68.73,83.83,62.21,61.16,65.55,67.64,28.47,44.64,54.31,58.91,61.51,73.29,72.0,81.9,78.73,65.82
2019-09-11,31.41,43.1,55.49,51.13,51.41,56.36,58.92,60.0,70.56,59.72,60.14,62.99,66.52,81.55,60.56,58.03,64.27,66.23,28.73,43.1,54.38,58.48,55.49,73.02,70.61,84.89,81.58,61.7
2019-09-12,13.57,27.3,42.26,40.17,42.96,46.68,48.55,54.09,66.09,57.22,56.52,59.27,61.59,78.96,58.96,56.87,60.84,63.41,28.87,42.96,52.27,55.62,54.96,65.91,65.58,76.57,72.83,61.05
2019-09-13,4.62,16.86,30.95,31.41,35.1,39.53,42.17,50.35,58.66,54.73,51.96,56.74,58.31,73.9,56.58,55.66,59.07,61.93,34.87,44.11,53.02,56.39,55.2,65.81,65.06,76.28,72.53,60.96
2019-09-16,8.82,20.59,34.19,33.82,36.76,44.28,46.01,53.68,63.97,58.82,59.19,62.73,65.02,78.68,62.87,59.19,63.47,65.78,34.93,48.53,57.2,61.22,58.82,70.85,71.86,81.55,79.47,66.54
2019-09-17,9.26,17.41,31.48,32.22,33.33,40.37,43.51,46.3,58.89,53.7,53.33,58.15,60.31,72.22,59.26,57.41,61.85,64.89,35.93,49.26,55.93,58.4,59.26,69.26,69.47,79.26,73.28,61.45
2019-09-18,28.74,44.2,41.22,45.93,50.77,53.99,59.51,67.14,48.61,53.25,61.85,62.41,67.71,25.76,41.6,54.84,56.31,63.18,64.09,70.27,68.36,75.74,75.6,66.76,75.92,58.35,75.92,84.99
2019-09-19,28.66,48.71,46.34,49.35,54.78,56.09,59.95,72.63,57.54,59.27,63.26,62.83,67.16,31.03,48.06,55.87,57.39,63.68,60.78,66.96,65.87,74.63,71.96,65.87,75.62,59.35,75.62,85.07
2019-09-20,41.45,63.37,57.83,60.0,61.56,62.29,64.23,81.2,66.99,65.06,65.45,65.45,69.58,42.41,51.81,60.58,61.31,65.35,62.17,68.37,68.37,74.08,77.13,67.88,75.49,59.61,72.11,80.85
2019-09-23,35.38,55.28,48.65,52.83,55.53,56.27,60.56,78.87,59.95,59.21,61.67,61.67,64.63,29.73,45.21,55.53,57.0,62.34,61.18,65.11,63.14,67.43,69.04,60.69,70.23,55.28,70.23,86.01
2019-09-24,58.78,71.35,65.06,65.62,67.47,67.65,70.69,84.47,67.65,66.73,67.1,65.99,68.2,39.19,52.31,59.15,59.89,63.41,66.73,71.35,66.91,69.73,78.56,67.84,70.31,58.6,63.41,68.01
2019-09-25,43.47,61.57,57.57,57.27,59.97,60.42,64.41,83.09,65.13,62.46,65.18,63.84,66.72,38.13,46.44,57.29,58.48,61.94,56.82,67.56,64.43,67.64,80.51,67.71,72.11,55.06,63.79,75.5
2019-09-26,44.12,62.03,58.05,58.77,60.44,62.79,67.67,83.36,67.81,65.46,66.61,66.61,70.86,44.67,53.53,60.25,60.62,65.41,62.03,68.78,67.7,75.75,78.22,73.14,82.33,67.15,81.95,88.35
2019-09-27,51.44,68.99,64.42,64.66,66.91,68.12,71.75,88.22,74.04,71.63,70.53,71.01,75.5,47.12,54.33,60.14,61.84,66.75,63.22,68.36,68.84,76.5,77.29,73.67,83.0,71.26,84.25,88.75
2019-09-30,46.42,60.99,59.01,59.01,60.49,60.49,65.13,77.28,64.44,61.98,63.7,65.19,68.72,43.7,49.63,56.05,57.04,62.82,55.31,64.69,65.19,71.03,77.53,69.14,75.38,60.25,72.05,80.77
2019-10-01,63.12,74.31,68.99,68.44,70.09,69.91,73.52,88.99,75.6,73.21,73.21,72.66,77.52,48.26,55.23,60.0,62.2,68.95,66.24,70.28,68.99,77.33,77.8,71.74,81.33,65.14,82.29,87.43
2019-10-02,78.01,84.75,79.77,79.77,81.09,80.21,82.65,89.3,79.33,77.13,79.91,79.03,83.87,56.01,61.14,68.77,70.09,77.17,71.41,80.65,80.65,87.67,88.56,84.46,90.56,79.03,88.43,89.8
2019-10-03,72.29,78.69,73.18,71.23,73.0,72.47,76.8,82.77,70.69,68.92,71.76,71.58,75.87,49.38,54.35,61.81,64.12,70.35,61.63,73.71,71.23,78.64,85.79,78.15,86.19,69.27,81.77,86.74
2019-10-04,52.24,63.06,59.29,60.0,61.88,62.59,65.61,79.76,65.18,65.18,67.06,66.59,70.98,43.06,51.06,56.0,59.29,63.9,60.47,67.53,67.29,72.93,76.94,70.82,76.59,64.71,75.85,80.49
2019-10-07,61.02,70.3,66.59,65.43,67.52,67.52,68.82,80.97,68.45,66.59,67.98,68.21,72.18,47.1,52.67,57.54,58.24,63.79,59.63,68.45,68.68,74.58,81.44,74.48,83.45,64.27,76.74,85.61
2019-10-08,80.63,82.72,78.71,78.36,79.58,78.88,79.42,85.51,75.57,72.95,75.74,74.52,77.62,56.2,60.91,66.32,67.89,74.73,67.02,79.58,77.14,81.23,88.31,83.6,89.35,71.38,84.84,87.55
2019-10-09,65.87,73.43,69.51,69.09,70.21,69.99,72.86,81.12,68.67,66.57,70.07,69.85,73.58,44.2,53.01,59.58,62.41,68.36,63.78,75.24,74.33,78.96,85.31,81.49,87.81,71.39,83.74,86.36
2019-10-10,51.3,65.46,60.97,62.52,63.56,64.24,66.55,78.07,66.15,64.08,68.57,67.53,71.58,43.01,52.85,59.07,60.76,67.09,63.56,74.96,72.92,76.62,86.18,79.51,85.97,65.62,81.47,86.33
2019-10-11,12.39,33.49,34.4,38.76,45.41,47.58,54.07,66.28,55.28,57.11,61.93,61.89,66.75,42.66,48.62,56.42,57.27,63.88,56.42,69.04,67.21,74.16,86.93,77.6,84.69,62.59,78.47,86.36
2019-10-14,6.2,18.98,21.53,28.47,31.39,33.7,41.13,59.85,50.0,51.82,55.47,56.41,61.51,29.2,46.35,51.46,54.95,61.51,58.76,66.42,65.2,71.7,80.29,71.06,80.38,63.74,76.98,81.89
2019-10-15,1.1,6.62,7.72,13.24,18.38,22.79,26.14,53.31,43.75,44.85,50.0,51.47,54.92,24.26,37.5,49.26,52.57,54.92,51.84,61.4,60.29,66.29,75.74,69.12,73.48,59.19,69.32,78.03
2019-10-16,43.2,31.36,35.45,43.07,47.54,57.08,60.76,17.75,30.94,40.3,45.54,55.9,60.76,43.65,67.8,69.42,72.88,76.74,81.24,75.22,79.25,80.23,72.99,76.65,78.78,83.96,82.27,63.66
2019-10-17,37.4,30.71,35.38,44.04,47.44,56.71,60.0,19.09,33.95,43.83,47.88,58.35,62.32,46.63,72.34,71.27,74.12,76.52,85.74,75.06,79.06,79.71,66.15,73.65,75.94,84.0,78.26,53.33
2019-10-18,37.72,29.67,34.08,41.4,45.33,52.11,56.65,18.07,31.22,40.34,43.56,52.35,56.94,43.67,67.73,68.44,69.72,72.54,81.1,73.78,75.35,78.9,66.22,71.83,75.43,79.34,76.01,56.94
2019-10-21,25.49,22.55,27.7,34.53,39.02,44.96,50.43,16.67,29.53,39.83,42.79,51.76,55.62,43.18,67.16,68.29,69.32,71.18,80.51,73.61,75.18,78.39,65.85,70.96,74.64,79.16,74.35,53.31
2019-10-22,30.34,29.57,33.49,42.27,44.54,51.78,55.29,26.47,37.0,46.38,48.81,58.19,63.07,46.41,69.24,67.41,69.93,74.08,84.87,72.7,76.69,79.05,55.8,70.11,74.73,83.27,80.56,63.5
2019-10-23,30.1,29.85,32.42,41.29,43.41,49.64,54.22,27.17,36.73,46.25,48.54,55.38,59.21,43.66,65.68,65.05,66.0,69.19,83.78,71.29,73.6,76.59,55.2,65.28,71.26,74.89,75.73,63.17
2019-10-24,32.48,30.77,33.55,43.59,46.34,49.14,50.74,28.63,41.03,51.07,52.59,55.6,58.37,51.92,60.9,61.42,63.58,64.53,75.0,66.59,69.83,70.44,55.6,62.5,65.76,71.34,69.46,56.4
2019-10-25,19.38,20.1,25.12,31.58,38.16,43.0,44.41,23.92,36.84,47.61,48.55,50.72,55.59,50.24,59.09,57.97,60.87,63.13,69.38,64.01,64.25,66.2,48.55,58.94,63.97,66.67,69.27,60.06
2019-10-28,20.98,18.78,28.78,36.34,39.76,42.93,45.2,24.63,34.39,44.39,46.59,52.44,55.81,50.0,59.27,59.51,62.2,63.38,72.68,64.63,65.85,65.91,51.71,60.0,61.87,72.44,65.4,52.02
2019-10-29,21.83,14.13,22.2,31.01,33.76,37.98,40.68,14.13,24.4,37.98,41.1,45.87,49.24,40.55,54.5,53.58,58.9,61.22,69.91,62.57,65.14,65.59,48.07,60.0,62.36,80.37,71.29,52.47
2019-10-30,25.48,18.26,26.36,34.17,37.96,41.51,44.65,15.46,27.1,40.5,44.61,49.34,53.67,45.36,58.17,57.61,60.71,63.15,73.05,65.44,67.06,69.57,53.18,62.19,65.14,77.1,74.16,62.54
2019-10-31,15.62,10.95,12.57,23.16,28.65,32.97,36.75,14.0,15.8,30.88,37.3,41.8,44.59,21.72,44.17,49.91,55.5,58.21,70.2,63.24,64.86,65.49,53.87,59.82,62.87,72.61,67.91,54.85
2019-11-04,23.28,19.12,19.36,27.45,32.84,37.25,40.46,16.18,22.3,34.31,39.22,44.61,48.35,25.98,47.3,50.25,53.92,56.74,70.34,62.01,65.2,69.47,54.41,62.5,65.9,72.79,71.25,64.63
2019-11-05,23.32,20.58,22.77,30.78,35.52,39.53,42.34,20.04,27.14,37.52,43.9,47.18,50.47,31.88,50.64,52.82,56.65,59.17,70.13,62.3,66.67,69.19,54.83,65.03,65.97,79.6,73.53,60.49
2019-11-06,22.85,16.01,18.92,25.76,29.69,35.37,39.58,10.92,18.49,30.13,36.97,42.07,46.83,28.53,47.45,50.51,53.71,56.5,66.38,60.41,63.9,67.67,54.73,62.59,65.56,71.91,71.15,66.01
2019-11-07,22.4,16.58,18.34,24.69,28.57,34.22,37.29,11.11,16.23,29.1,33.16,39.33,42.96,24.34,45.15,47.8,51.5,53.38,66.14,58.55,62.43,64.72,49.74,60.49,61.97,71.25,67.82,56.49
2019-11-08,15.19,11.21,11.45,19.16,21.73,26.87,30.27,9.58,14.02,26.17,30.61,36.92,41.89,20.09,43.93,47.2,50.47,52.06,66.12,57.48,60.75,61.99,47.66,57.71,60.29,68.22,64.16,57.14
2019-11-11,14.75,14.29,14.29,21.2,25.81,31.8,32.86,12.44,17.74,30.41,32.95,37.1,40.71,24.42,43.55,46.08,50.46,52.62,61.98,53.69,56.68,59.52,45.85,55.3,57.62,65.67,62.38,55.0
2019-11-12,10.4,9.19,10.92,18.89,22.18,26.86,30.65,11.09,16.29,28.6,33.45,38.13,41.4,25.82,42.46,46.79,50.95,53.41,58.41,54.59,57.37,61.11,49.57,57.54,60.57,65.68,63.98,61.47
2019-11-13,15.14,11.39,13.06,21.11,24.17,29.53,32.71,11.53,16.25,30.28,34.17,38.58,42.36,26.25,45.0,47.22,51.11,53.6,62.5,55.0,57.38,61.38,46.25,55.85,59.65,65.74,64.55,61.67
2019-11-14,13.21,10.46,11.32,19.21,20.07,25.17,28.75,10.46,13.89,27.62,30.7,35.34,38.93,20.93,42.71,45.11,48.62,50.89,62.09,52.83,56.03,58.21,41.85,52.41,56.79,64.66,61.61,55.18
2019-11-15,4.78,3.19,3.64,8.43,10.02,14.68,17.58,7.29,8.2,16.86,21.87,28.67,33.49,10.25,29.38,38.72,43.81,47.03,53.99,51.25,52.75,54.63,44.87,53.21,56.29,61.7,57.72,49.64
2019-11-18,7.97,4.35,4.71,10.51,12.32,16.73,18.73,10.51,13.77,21.01,22.83,30.18,35.58,16.3,34.42,39.49,44.36,48.31,57.25,50.72,54.18,56.18,44.2,53.82,55.06,62.91,61.8,60.67
2019-11-19,13.5,11.31,9.12,14.96,17.15,21.53,23.68,14.6,14.96,22.99,24.45,33.21,37.22,17.52,32.12,37.96,44.16,48.12,54.01,49.64,53.28,56.02,44.89,54.38,56.77,63.14,64.29,65.41
2019-11-20,9.53,9.91,19.01,21.5,28.31,34.14,38.18,16.39,32.55,36.32,40.88,44.86,49.49,50.91,51.67,57.18,58.86,60.96,50.33,57.6,61.14,61.47,64.36,65.0,68.66,68.57,66.61,54.28
2019-11-21,11.46,12.95,23.78,25.05,32.55,37.26,40.59,22.29,39.92,43.74,47.54,49.46,53.3,59.24,53.5,57.6,58.89,61.12,48.2,55.89,60.39,62.35,62.53,62.74,67.97,66.17,67.48,59.9
2019-11-22,2.85,4.99,13.78,19.71,23.26,26.62,29.36,17.58,33.73,40.38,45.08,47.48,48.75,58.19,52.73,54.68,56.59,58.73,48.46,53.48,57.31,57.34,54.44,58.75,62.6,62.35,62.05,51.8
2019-11-25,1.21,0.24,4.36,9.69,15.01,20.58,21.8,10.65,29.06,33.17,38.5,40.19,42.11,56.17,51.82,51.09,56.42,57.89,43.83,49.15,56.17,55.89,47.46,56.17,58.65,65.62,55.64,39.6
2019-11-26,0.73,0.91,3.64,8.56,13.66,19.31,20.19,10.38,29.14,32.24,38.07,40.07,41.32,56.47,48.45,51.55,54.64,55.47,40.26,49.0,53.37,53.02,52.09,56.28,58.49,60.84,53.21,40.38
2019-11-27,0.59,0.73,3.81,7.91,13.22,18.94,20.06,11.13,32.5,32.65,38.91,41.26,43.01,60.18,48.9,51.69,56.53,56.69,36.6,46.26,54.04,52.43,52.86,57.86,58.97,65.79,56.08,38.45
2019-11-29,1.67,1.19,5.24,10.95,16.75,22.25,25.74,7.62,31.43,34.29,41.39,43.78,46.53,64.05,55.48,56.94,58.13,59.9,45.24,55.5,57.42,60.15,60.29,58.13,61.39,63.4,61.14,51.49
2019-12-02,12.17,11.19,26.28,27.01,34.31,37.71,40.15,17.03,41.85,42.34,47.45,49.88,52.78,75.91,57.66,59.61,62.04,64.9,39.17,54.26,56.69,60.1,64.72,65.69,66.41,64.72,64.65,56.06
2019-12-03,34.0,30.74,45.21,47.2,49.55,51.9,53.85,27.31,52.08,50.81,52.8,55.33,56.29,81.19,66.73,64.56,65.28,65.85,48.1,56.42,58.59,59.1,60.22,62.75,61.16,64.01,59.29,44.65
2019-12-04,21.24,19.08,33.09,33.53,38.29,40.9,42.58,17.77,41.76,43.21,46.53,49.28,50.37,70.66,58.38,57.95,60.84,60.12,44.36,53.18,56.94,55.02,57.08,62.72,60.12,68.79,57.12,36.28
2019-12-05,16.99,16.11,28.2,29.77,33.8,38.35,39.93,17.16,39.75,39.75,45.18,47.46,49.0,67.43,54.82,55.87,58.32,58.44,40.28,52.36,55.87,55.17,59.72,62.87,60.98,63.92,56.81,39.02
2019-12-06,9.98,10.67,21.58,20.65,25.99,31.32,31.97,16.24,39.68,37.82,42.69,46.4,47.12,65.66,51.28,52.9,54.76,53.61,29.0,42.69,48.49,48.32,54.06,60.09,56.01,63.34,53.61,33.41
2019-12-09,32.72,32.27,46.0,44.62,47.14,49.89,51.06,35.93,54.46,51.03,53.09,54.23,55.32,77.57,60.64,62.01,62.24,62.17,38.44,51.03,53.55,54.85,65.45,64.99,61.7,66.13,57.68,42.55
2019-12-10,29.6,28.4,41.31,40.62,43.89,47.33,47.86,29.26,48.88,46.82,50.77,52.15,53.2,70.57,57.83,60.07,61.27,59.79,38.55,53.18,56.11,54.98,71.43,69.02,62.1,65.75,55.34,36.83
2019-12-11,19.17,22.62,32.83,34.62,39.31,42.05,42.92,28.83,46.48,44.55,48.28,50.9,51.36,64.41,54.21,56.97,57.26,57.22,38.76,52.97,53.94,54.51,72.0,65.84,60.8,60.44,52.22,36.77
2019-12-12,4.09,5.96,14.65,17.38,23.0,26.88,28.01,17.38,38.84,37.31,43.61,46.06,46.81,60.48,50.6,52.47,53.77,54.08,33.22,48.55,51.03,50.53,65.08,60.79,57.09,57.19,47.34,33.87
2019-12-13,0.68,1.13,4.07,4.52,9.5,13.67,14.39,7.47,22.4,24.66,35.75,38.72,37.5,55.2,44.57,50.23,51.94,51.65,27.15,47.51,49.66,46.93,71.95,62.87,57.08,51.94,44.34,30.66
2019-12-16,2.88,2.16,5.4,7.19,12.59,15.88,16.73,5.76,20.5,23.74,33.81,37.91,37.55,61.51,49.28,52.52,54.87,53.16,31.29,50.0,52.35,47.96,68.35,62.09,53.53,51.62,42.01,26.39
2019-12-17,7.25,3.99,7.97,10.87,14.49,17.39,18.28,7.97,19.93,22.46,30.07,33.7,35.82,54.35,46.38,49.28,49.28,49.63,28.26,46.01,48.19,47.76,62.68,56.88,51.87,43.48,44.78,41.42
2019-12-18,7.59,18.09,19.19,24.79,29.01,32.25,37.32,42.8,37.17,41.6,41.98,43.85,49.0,21.01,38.24,38.02,42.0,48.15,68.7,60.44,54.29,56.98,37.36,45.71,50.71,44.32,51.0,51.57
2019-12-19,5.63,17.28,19.15,24.53,27.63,31.71,34.94,47.77,38.51,42.56,41.67,43.06,47.73,20.36,37.53,36.18,40.51,45.17,67.92,56.8,50.93,55.11,32.02,38.89,42.05,43.29,48.01,46.31
2019-12-20,6.01,20.16,21.33,27.62,31.29,33.72,38.53,51.74,40.24,45.61,46.61,47.58,50.99,24.95,41.0,41.14,43.65,48.16,68.2,61.71,54.27,55.81,38.95,45.03,44.76,41.11,46.18,43.06
2019-12-23,3.68,17.99,21.49,27.77,31.22,32.72,38.7,59.57,44.98,53.24,51.97,51.38,55.93,28.51,45.93,42.36,44.24,50.56,68.27,59.17,50.92,55.93,37.12,38.94,46.89,38.02,48.31,55.65
2019-12-24,1.98,13.89,18.24,23.5,27.56,30.3,35.17,58.32,45.6,52.03,49.92,49.39,53.18,30.5,46.84,41.85,43.43,49.36,67.1,56.3,49.21,54.24,32.94,35.55,41.95,37.83,47.67,51.69
2019-12-26,2.11,20.89,25.32,29.32,35.32,36.6,40.05,71.1,61.18,62.24,60.0,57.23,60.19,43.46,54.01,51.49,51.06,54.61,64.14,58.51,52.34,56.07,43.83,44.26,52.91,37.02,51.46,62.62
2019-12-27,4.96,28.37,31.44,39.01,42.0,44.15,46.28,72.1,63.36,64.3,62.53,61.58,65.01,45.86,54.14,53.46,54.42,58.4,64.78,62.53,59.43,63.64,47.73,52.98,61.43,49.4,63.64,66.39
2019-12-30,10.82,35.1,39.66,43.27,44.71,46.39,50.25,72.36,63.94,63.7,61.06,61.78,63.93,50.96,57.21,56.01,57.45,61.44,67.07,58.65,59.86,62.19,43.27,52.88,59.2,60.82,62.69,66.92
2019-12-31,4.35,25.0,29.53,34.78,36.96,37.5,40.9,63.59,51.99,55.98,55.25,55.43,59.1,39.13,51.45,49.64,49.46,54.03,64.67,57.61,55.43,60.23,43.12,46.92,54.41,44.2,55.91,67.35
2020-01-02,3.2,16.19,24.02,30.6,32.86,33.75,38.08,58.01,48.58,53.2,52.68,53.57,55.82,38.08,51.07,49.82,50.18,51.76,65.3,57.68,55.36,58.96,43.21,46.07,52.13,43.75,53.97,57.86
2020-01-03,15.88,38.63,40.28,43.13,44.05,44.76,48.28,72.04,60.66,59.95,57.62,56.67,60.84,41.71,53.08,50.71,51.9,55.91,65.88,58.33,55.48,60.34,43.1,47.38,55.17,45.71,58.37,70.69
2020-01-06,12.8,36.47,38.41,44.2,44.2,44.2,47.87,69.81,61.84,60.87,57.73,57.0,59.4,46.62,54.11,52.66,50.48,52.88,64.49,56.76,54.11,56.89,45.17,45.17,51.13,45.17,53.38,59.4
2020-01-07,11.49,30.52,36.8,41.65,42.73,44.17,47.3,64.09,57.63,59.25,56.91,57.27,60.34,47.94,54.58,53.32,53.5,55.87,63.91,57.63,57.45,60.71,49.19,52.06,58.29,49.91,59.78,65.55
2020-01-08,8.61,27.83,31.13,36.73,38.59,38.88,41.22,63.99,54.38,56.24,54.09,54.52,56.4,40.46,51.08,49.35,49.5,51.19,64.42,56.67,53.95,55.36,45.05,44.19,50.3,44.76,51.19,56.1
2020-01-09,4.0,20.0,21.39,28.17,29.91,30.78,36.04,61.57,50.26,53.04,52.0,51.48,53.51,32.7,46.96,46.78,47.13,49.91,57.57,54.96,51.48,55.14,44.17,44.0,50.63,44.7,52.97,60.18
2020-01-10,4.61,20.28,22.35,28.8,30.41,31.8,35.08,60.83,53.46,53.23,52.07,51.61,52.98,39.17,47.7,47.24,47.24,49.88,53.46,52.3,48.16,51.31,44.24,43.32,48.69,44.47,47.97,48.93
2020-01-13,3.18,18.41,21.14,26.59,29.55,32.73,34.04,60.23,51.59,52.5,48.86,50.0,51.88,31.82,45.0,44.32,45.23,47.18,55.23,49.09,49.09,50.94,38.18,43.41,45.54,45.45,48.83,48.59
2020-01-14,3.93,19.66,21.71,26.5,28.21,31.11,33.57,58.8,47.52,50.09,46.67,47.52,49.47,30.43,42.74,42.56,42.39,45.58,53.5,44.62,46.67,48.59,32.65,37.95,42.93,42.39,49.12,54.42
2020-01-15,3.15,19.04,20.55,26.85,28.08,29.95,32.53,61.92,51.51,52.88,48.36,48.76,50.57,33.97,45.34,44.38,43.68,45.74,56.03,46.16,46.29,46.88,32.47,36.68,41.34,39.56,45.88,49.15
2020-01-16,1.35,14.38,15.74,21.66,23.18,23.98,26.76,59.05,48.39,51.44,47.21,46.77,49.47,33.33,45.35,43.99,41.67,44.72,56.01,45.35,44.56,45.6,32.32,32.82,38.03,31.46,42.43,48.59
2020-01-17,1.35,12.81,14.16,20.67,20.45,21.95,25.53,59.55,48.54,49.21,45.84,46.38,49.18,28.99,41.35,39.55,40.72,42.62,51.69,42.7,44.8,45.67,32.81,36.43,40.98,40.27,45.9,48.48
2020-01-21,14.08,31.41,33.21,36.1,35.38,35.74,37.55,62.45,55.6,59.57,51.62,51.62,52.79,47.29,53.79,48.74,48.01,49.44,62.45,48.74,48.74,48.33,32.49,35.74,40.15,38.27,44.61,47.21
2020-01-22,57.34,49.94,51.93,51.91,52.86,55.77,56.23,40.15,45.76,45.06,45.91,47.04,48.65,52.83,51.12,49.73,52.68,52.19,47.96,50.0,47.46,48.65,44.14,53.8,47.98,50.99,45.29,35.69
2020-01-23,58.91,55.14,58.07,57.65,58.35,58.56,58.07,46.54,53.46,51.57,52.01,52.85,52.53,62.47,55.56,54.12,55.81,54.7,45.28,48.63,50.53,49.88,47.57,54.33,51.81,56.45,45.78,31.08
2020-01-24,77.0,72.07,73.47,69.95,67.77,67.3,66.94,57.28,66.43,58.22,58.77,59.72,59.29,74.65,60.33,60.66,60.43,59.29,39.67,49.29,50.24,50.82,53.08,55.69,56.01,56.16,49.45,37.43
2020-01-27,89.47,85.41,85.65,81.82,79.43,78.95,79.46,70.81,75.84,68.66,66.27,65.55,67.57,83.97,68.42,64.83,64.11,65.59,43.06,50.72,58.13,61.14,51.2,57.66,62.62,65.31,67.57,66.58
2020-01-28,80.36,76.94,78.92,76.04,72.79,72.25,73.32,66.49,74.41,68.83,65.23,64.86,65.11,84.14,69.91,64.86,64.14,64.18,47.21,49.73,56.58,57.09,47.03,55.86,58.77,65.59,57.46,43.1
2020-01-29,81.19,76.56,78.29,74.24,71.55,71.41,72.52,63.1,71.64,64.54,62.55,62.99,63.81,81.19,65.99,63.43,62.99,63.06,43.13,50.36,56.89,56.31,52.54,57.62,59.01,65.75,56.16,39.64
2020-01-30,73.14,70.85,73.5,69.61,67.55,68.79,69.17,62.54,70.14,62.72,60.46,61.7,62.94,77.92,62.9,59.4,61.7,62.2,42.76,46.81,57.09,54.68,46.99,57.62,58.35,72.52,58.9,36.88
2020-01-31,91.53,89.18,90.82,88.0,86.29,85.11,85.09,76.47,84.94,77.18,73.52,74.7,75.31,89.65,76.47,71.87,73.29,74.08,51.53,60.76,63.83,64.55,63.83,69.74,67.73,80.38,71.88,49.88
2020-02-03,91.37,89.21,90.17,88.49,86.09,84.65,83.58,76.98,84.89,77.22,73.14,74.1,75.87,88.25,77.46,69.78,71.22,72.89,52.04,56.83,62.35,62.44,53.96,65.47,63.18,80.34,67.66,45.02
2020-02-04,81.82,77.54,78.79,77.01,73.62,73.98,74.86,67.56,74.87,70.05,67.2,68.45,69.32,83.96,72.73,66.49,68.09,68.02,52.23,56.33,60.25,60.26,53.65,60.96,61.0,71.66,62.66,45.1
2020-02-05,70.23,65.95,69.37,64.96,64.53,65.67,66.32,58.4,67.09,60.83,58.83,60.26,60.86,77.78,62.68,59.12,61.68,61.15,44.59,49.43,55.56,53.03,48.86,58.26,57.46,71.65,58.49,36.48
2020-02-06,69.95,65.63,68.22,64.25,63.21,64.42,65.65,58.2,65.8,60.45,58.03,59.24,59.93,76.34,60.97,57.17,60.28,57.6,43.7,47.15,53.2,49.91,48.88,57.34,52.59,67.7,52.24,31.13
2020-02-07,75.97,69.11,72.54,67.73,66.82,67.96,68.48,55.15,64.76,60.64,59.04,61.33,62.09,81.46,65.45,61.78,64.76,65.4,46.22,52.63,57.89,57.82,54.0,63.84,61.85,75.74,61.85,39.57
2020-02-10,72.01,66.82,69.98,67.04,66.14,66.37,66.9,56.88,63.66,60.27,59.37,60.72,60.84,74.27,63.21,59.59,62.08,61.07,45.6,51.02,55.76,56.18,54.4,62.53,59.44,70.88,59.21,39.86
2020-02-11,74.7,67.91,69.44,66.72,66.72,66.89,66.67,54.33,61.12,58.57,57.56,59.59,59.47,69.78,61.97,58.06,61.29,60.35,46.52,51.78,56.54,56.67,54.67,62.82,60.18,71.31,59.47,40.53
2020-02-12,58.23,51.7,56.73,54.83,54.29,56.62,58.25,40.41,53.47,50.75,49.12,53.07,54.02,66.8,57.69,54.56,56.89,57.83,42.04,46.8,52.8,54.72,48.71,58.8,58.82,70.8,61.64,44.29
2020-02-13,61.85,55.29,59.16,58.99,58.66,60.14,61.71,43.87,54.62,54.45,52.61,55.41,56.47,67.06,60.5,57.14,59.12,59.62,47.06,51.93,56.59,56.47,53.61,61.99,60.31,70.44,58.74,40.56
2020-02-14,51.34,51.34,55.8,54.91,53.57,57.53,58.37,47.1,54.02,52.9,50.45,54.16,53.72,63.17,55.8,52.01,57.08,55.81,42.41,46.43,53.93,53.26,48.21,61.8,58.37,77.08,58.6,33.72
2020-02-18,58.63,56.47,61.87,62.23,61.51,61.51,62.59,50.36,60.43,60.07,58.63,61.51,61.85,69.78,64.03,59.71,62.95,65.56,53.24,53.96,59.35,61.48,55.4,64.75,65.56,72.3,66.3,54.81
2020-02-19,46.14,58.66,56.37,58.87,60.63,61.26,25.42,70.98,63.05,62.0,64.42,64.21,20.86,47.81,53.24,58.74,58.95,6.95,58.46,65.47,63.37,1.68,67.58,61.68,0.0,56.63,0.0,0.0
2020-02-20,57.71,71.03,67.99,68.46,68.16,66.75,38.04,81.78,70.09,68.22,67.45,66.75,26.36,53.5,58.18,63.92,62.97,7.88,64.49,67.92,65.09,2.45,71.93,61.32,0.0,47.64,0.0,0.0
2020-02-21,70.77,78.74,76.09,75.85,74.88,73.17,44.86,86.23,76.81,73.67,72.68,70.98,30.81,63.53,64.98,66.83,64.63,7.03,64.25,68.29,65.12,0.81,70.73,61.71,0.0,49.02,0.0,0.0
2020-02-24,91.94,95.16,93.19,92.83,92.65,92.65,73.84,95.16,93.55,93.01,92.83,91.76,56.96,81.18,79.75,80.65,77.42,18.18,79.75,81.0,75.81,3.34,81.36,72.94,0.0,62.19,0.0,0.0
2020-02-25,95.68,96.26,96.12,95.83,95.96,95.09,84.33,96.98,96.4,96.26,95.53,95.09,66.12,91.22,93.24,92.78,89.32,32.54,89.21,89.18,86.44,8.96,85.57,79.51,0.0,66.67,0.0,0.0
2020-02-26,95.79,96.32,95.96,95.96,96.13,95.25,84.34,96.84,96.14,96.14,95.6,94.54,65.21,90.88,93.68,93.13,88.91,33.15,91.4,91.55,86.09,9.47,85.39,75.35,0.0,60.39,0.0,0.0
2020-02-27,98.83,98.6,99.07,99.07,98.83,98.83,94.42,99.3,98.83,98.83,98.83,98.83,89.81,97.2,98.36,98.83,98.36,63.11,98.6,98.59,97.42,35.68,96.01,94.84,2.18,83.33,0.24,0.24
2020-02-28,99.02,98.78,99.02,99.02,99.02,98.77,94.4,98.53,98.78,98.78,98.53,98.53,88.3,97.56,98.04,97.79,97.3,57.76,97.31,96.07,94.84,22.14,91.15,87.96,0.76,80.84,0.0,0.0
2020-03-02,98.4,98.94,98.94,98.94,98.05,97.87,94.3,99.29,98.76,98.4,98.05,98.05,88.42,97.7,98.23,97.87,95.92,56.07,96.28,95.21,91.84,19.67,90.78,78.55,0.74,53.9,0.0,0.0
2020-03-03,98.44,99.43,99.29,99.29,99.01,99.01,97.65,99.43,99.86,99.72,98.73,98.44,95.01,98.58,98.58,98.3,98.16,79.0,98.44,97.31,95.89,48.46,91.22,87.11,6.02,77.05,0.0,0.0
2020-03-04,97.94,98.8,98.63,98.8,98.28,98.28,97.16,99.14,98.46,98.28,97.94,97.77,95.03,97.43,98.28,97.77,97.77,84.55,98.11,96.91,95.71,61.1,92.28,91.42,18.47,86.79,1.24,0.18
2020-03-05,99.09,99.32,99.32,99.09,99.09,99.09,98.12,99.09,99.77,100.0,98.64,98.41,97.41,98.64,98.64,98.18,98.18,93.41,98.41,97.95,97.5,76.0,93.64,95.23,39.06,95.23,5.18,0.24
2020-03-06,98.63,99.32,99.09,99.09,99.09,98.86,98.35,100.0,99.77,99.77,99.09,99.09,97.41,98.17,97.72,97.26,97.26,93.16,97.26,97.26,96.8,77.59,93.84,94.98,48.35,93.15,8.49,0.24
2020-03-09,98.48,99.32,99.16,99.32,99.16,99.32,98.95,99.66,99.83,99.83,99.83,99.83,99.13,99.16,98.65,98.48,98.82,97.21,98.48,97.64,98.48,95.64,96.79,97.97,91.1,96.79,61.78,5.41
2020-03-10,98.24,99.32,99.32,99.32,99.46,99.46,99.16,99.59,99.86,99.86,99.86,100.0,99.44,99.86,99.46,99.59,99.73,98.6,98.65,99.05,99.05,97.48,98.51,99.19,95.93,99.59,87.52,9.96
2020-03-11,99.0,99.5,99.83,100.0,100.0,99.83,99.48,99.83,100.0,100.0,100.0,100.0,100.0,100.0,100.0,100.0,100.0,100.0,99.33,99.5,99.5,98.78,99.17,99.33,98.96,99.33,97.22,72.74
2020-03-12,98.0,99.11,99.33,99.78,99.78,99.55,99.08,100.0,100.0,100.0,100.0,100.0,100.0,100.0,100.0,100.0,100.0,100.0,99.33,99.78,99.11,98.38,99.56,98.66,98.15,96.21,91.22,56.58
2020-03-16,95.7,99.28,100.0,100.0,100.0,100.0,100.0,99.64,100.0,100.0,100.0,100.0,100.0,100.0,100.0,100.0,100.0,100.0,100.0,100.0,100.0,100.0,100.0,100.0,100.0,100.0,98.52,78.6
2020-03-17,99.7,100.0,100.0,100.0,100.0,100.0,100.0,100.0,100.0,100.0,100.0,100.0,100.0,100.0,100.0,100.0,100.0,100.0,100.0,100.0,100.0,100.0,100.0,99.83,100.0,97.22,99.79,100.0
2020-03-18,99.5,99.75,99.87,99.87,99.86,99.86,99.83,100.0,100.0,99.87,100.0,99.86,99.83,100.0,99.87,100.0,99.86,99.83,99.87,99.86,99.86,99.83,100.0,99.72,99.83,57.12,98.17,99.67
2020-03-19,97.52,98.97,99.59,99.59,99.58,99.58,99.53,99.59,99.59,99.59,99.58,99.58,99.53,100.0,99.79,100.0,99.79,99.76,99.59,99.79,99.79,99.76,100.0,99.79,99.76,67.5,98.58,99.76
2020-03-23,99.29,99.29,100.0,100.0,100.0,100.0,100.0,100.0,100.0,100.0,100.0,100.0,100.0,100.0,100.0,100.0,100.0,100.0,100.0,100.0,99.76,100.0,99.06,96.46,99.27,60.85,98.54,99.76
2020-03-24,99.11,99.11,99.64,99.82,99.82,99.82,99.82,100.0,99.82,99.82,99.82,99.82,99.82,99.82,99.82,99.82,99.82,99.82,99.82,99.64,99.47,99.82,98.58,97.33,99.63,82.38,99.82,99.82
2020-03-25,99.14,99.0,99.14,99.71,99.57,99.71,99.7,99.71,99.71,99.71,99.71,99.71,99.7,99.71,99.71,99.71,99.57,99.7,99.71,99.57,99.43,99.7,99.0,96.85,98.52,59.89,96.3,99.26
2020-03-26,99.3,99.65,100.0,100.0,100.0,100.0,100.0,100.0,99.83,99.83,100.0,100.0,100.0,99.83,99.83,100.0,100.0,100.0,99.83,100.0,100.0,100.0,98.95,98.95,100.0,88.31,100.0,99.64
2020-03-30,99.29,99.53,99.76,100.0,100.0,100.0,100.0,99.53,100.0,100.0,100.0,100.0,100.0,100.0,100.0,100.0,100.0,100.0,100.0,100.0,100.0,100.0,99.76,99.29,100.0,86.76,99.51,100.0
2020-03-31,98.24,98.77,99.3,99.47,99.47,99.3,99.45,98.77,99.82,99.82,99.82,99.82,99.82,99.82,99.82,99.82,99.65,99.82,99.82,99.82,99.47,99.82,99.65,98.94,100.0,87.5,99.64,100.0
2020-04-01,98.31,98.87,99.3,99.44,99.44,99.44,99.56,99.02,99.86,99.86,99.86,99.86,99.85,99.72,99.72,99.86,99.72,99.85,99.72,99.86,99.72,99.85,99.72,99.58,100.0,97.19,100.0,99.71
2020-04-02,97.45,98.13,98.3,98.47,98.81,98.81,99.12,98.13,99.32,99.49,99.66,99.66,99.65,98.98,99.32,99.32,99.32,99.65,99.15,99.66,99.49,99.65,99.49,99.32,99.82,95.41,99.65,99.65
2020-04-03,96.62,97.3,97.52,97.75,97.97,97.97,98.6,97.97,97.97,99.32,98.87,98.65,99.53,99.1,98.87,99.1,98.87,99.3,99.1,99.32,98.65,99.53,98.87,97.75,99.53,87.84,99.3,100.0
2020-04-06,95.99,95.99,96.88,97.33,97.77,97.77,97.93,95.55,96.88,96.88,97.55,97.33,98.16,98.66,98.0,98.44,98.0,99.08,98.66,99.11,98.44,99.31,99.11,97.55,99.08,77.73,99.31,99.54
2020-04-07,96.14,96.48,97.32,97.15,97.82,97.82,97.75,97.82,97.99,97.99,97.65,97.65,98.27,98.66,97.65,97.65,97.48,98.61,97.99,97.15,96.98,98.44,96.14,94.97,98.96,89.09,99.48,99.48
2020-04-08,95.83,95.83,96.64,96.77,97.45,97.44,97.49,96.1,97.45,97.04,97.18,97.04,97.63,98.39,97.72,97.72,97.17,98.75,97.98,97.45,96.77,98.47,96.24,94.34,98.89,85.04,99.58,99.72
2020-04-09,96.02,96.02,96.52,96.52,97.35,97.33,97.24,96.68,97.18,97.01,96.68,96.33,97.24,97.01,97.01,97.01,96.67,97.59,97.51,96.68,96.5,97.93,95.52,92.83,98.62,77.33,98.97,99.66
2020-04-13,96.47,96.82,97.17,97.17,97.17,97.16,97.81,96.82,97.53,97.53,97.17,97.16,97.81,96.82,97.88,97.53,97.16,97.45,97.88,97.53,96.45,97.81,96.11,92.55,97.81,73.05,98.18,100.0
2020-04-14,96.44,96.09,96.44,96.09,96.44,95.73,96.7,91.46,93.24,94.66,95.37,94.31,95.6,95.37,96.8,96.8,95.73,96.34,97.15,96.8,94.31,96.7,94.66,81.49,95.6,42.35,97.44,99.63
2020-04-15,97.32,97.51,97.81,98.14,97.62,98.41,98.33,97.32,97.22,97.93,97.41,98.18,98.61,97.81,98.35,96.54,98.41,98.89,97.11,88.77,98.18,98.89,40.17,98.63,98.89,99.77,100.0,99.44
2020-04-16,97.51,97.13,97.42,97.94,96.98,98.18,98.06,96.75,96.83,97.53,96.98,97.73,97.78,97.02,98.14,95.69,97.95,98.61,96.91,86.42,97.73,98.89,33.41,98.41,98.89,99.77,100.0,99.44
2020-04-17,96.18,96.37,96.63,96.91,95.05,97.05,97.23,96.37,96.04,97.12,95.91,96.83,96.4,96.83,97.33,91.4,97.28,97.51,94.24,72.04,95.46,97.78,16.99,96.37,98.34,99.32,99.45,99.17
2020-04-20,98.1,98.48,98.42,98.36,97.64,98.42,98.9,97.71,98.02,97.95,97.21,97.96,98.62,97.63,98.15,95.49,97.74,98.9,94.87,78.76,96.38,98.9,22.32,96.83,99.17,99.55,100.0,99.72
2020-04-21,97.9,98.35,98.46,98.57,98.19,98.8,98.55,97.9,98.77,98.57,97.36,98.63,98.97,98.61,98.25,97.36,98.97,98.97,97.14,91.6,98.8,98.76,53.21,98.8,99.17,100.0,99.79,98.97
2020-04-22,96.17,96.91,97.6,97.8,97.05,97.93,98.02,97.53,98.1,97.67,96.79,97.79,98.19,97.72,97.54,95.58,97.93,98.35,94.43,85.14,97.79,98.35,46.45,98.62,99.01,99.86,99.67,98.85
2020-04-23,93.43,95.48,96.92,97.33,96.69,97.31,97.41,96.71,97.95,97.33,95.86,97.72,98.12,97.54,97.33,95.45,97.31,97.65,96.1,84.47,97.31,98.12,43.48,97.72,98.59,99.79,100.0,99.06
2020-04-24,89.86,92.63,94.7,95.62,94.65,96.51,96.26,93.78,96.31,96.08,95.35,96.98,97.33,97.0,97.24,95.12,97.91,98.13,96.31,87.91,98.14,98.4,47.44,98.37,99.2,100.0,100.0,99.2
2020-04-27,85.95,89.23,90.63,92.04,91.1,93.91,95.64,91.33,93.44,94.61,92.51,96.49,97.34,96.25,96.72,93.91,97.19,98.06,94.61,80.8,97.66,98.55,38.41,98.83,100.0,100.0,100.0,99.27
2020-04-28,86.22,89.75,90.81,92.05,91.17,93.99,96.71,92.4,93.29,94.7,92.58,97.17,97.62,95.58,96.82,93.11,97.35,98.17,94.7,80.57,98.23,98.9,38.52,99.12,100.0,100.0,100.0,99.63
2020-04-29,84.52,87.22,88.92,90.2,86.61,91.74,93.67,90.2,90.77,92.05,89.17,95.3,96.76,91.62,94.18,83.33,96.58,97.35,93.75,71.23,97.44,98.38,27.21,98.58,99.71,100.0,99.85,99.12
2020-04-30,88.75,91.87,92.04,92.91,91.15,94.1,96.77,92.73,92.73,93.6,91.15,96.7,98.03,93.25,94.98,86.81,97.05,98.2,93.43,71.18,97.57,98.74,28.99,98.44,99.64,99.65,99.64,99.46
2020-05-01,91.94,93.78,93.32,94.01,92.13,96.3,97.61,94.7,94.93,94.93,92.36,97.92,98.33,93.78,94.01,86.34,97.45,98.09,87.56,70.37,97.69,98.33,41.2,99.07,100.0,99.77,99.52,99.04
2020-05-04,87.56,91.55,90.85,90.61,89.67,93.19,94.65,93.66,91.78,92.25,89.67,94.6,96.59,89.44,90.61,83.8,95.54,97.08,88.5,69.01,96.24,97.81,37.79,98.36,99.27,100.0,100.0,99.51
2020-05-05,82.52,89.51,89.69,88.99,87.94,91.43,93.12,91.78,91.43,90.73,87.76,94.23,95.29,90.91,89.34,80.94,95.28,96.74,84.27,62.59,95.28,97.1,36.19,97.73,98.91,99.83,99.82,99.28
2020-05-06,81.7,88.13,89.66,88.97,87.57,91.9,93.63,92.04,92.46,91.9,88.83,94.55,96.09,93.3,91.62,84.5,95.67,97.54,85.47,64.25,95.53,97.4,35.2,97.77,99.13,99.86,100.0,99.71
2020-05-07,73.14,80.07,84.8,84.97,82.6,88.34,90.56,87.5,89.19,89.02,84.29,93.58,94.76,90.2,90.03,80.07,94.59,96.15,86.49,61.32,94.26,96.68,22.13,96.45,98.6,99.49,99.65,99.13
2020-05-08,57.27,67.79,75.39,77.18,68.46,81.88,85.19,79.64,85.46,84.34,74.94,88.81,92.82,86.58,85.46,67.34,90.6,95.37,80.31,54.14,91.95,96.06,17.0,95.3,98.15,99.55,99.77,99.54
2020-05-11,61.28,64.82,70.13,70.13,64.6,76.33,79.68,67.48,73.45,73.45,63.72,81.86,88.81,80.75,78.32,57.52,88.27,92.69,73.67,41.59,90.49,94.98,9.73,94.03,97.95,100.0,100.0,98.63
2020-05-12,80.17,83.17,85.0,84.67,80.33,88.17,90.71,87.33,89.83,88.67,80.33,92.0,93.98,89.83,86.33,71.5,93.5,95.35,78.5,52.0,92.67,95.7,16.17,95.5,98.28,99.83,100.0,98.62
2020-05-13,80.08,85.16,88.1,88.1,83.69,90.48,92.38,91.84,92.38,91.71,86.36,93.97,95.01,93.85,91.31,79.28,94.37,95.84,80.35,51.2,92.76,95.98,14.57,94.91,98.61,100.0,100.0,99.03
2020-05-14,73.93,77.72,80.86,79.54,76.73,84.41,87.99,83.99,87.95,84.49,75.74,91.21,92.8,88.61,83.66,69.97,93.03,94.85,74.92,50.66,92.87,95.71,18.81,96.35,98.63,100.0,99.83,98.63
2020-05-15,73.68,76.75,78.95,78.51,75.22,81.9,85.39,80.48,84.65,80.7,73.03,87.64,91.55,86.84,78.95,66.45,88.96,93.84,64.69,46.05,88.52,94.75,23.68,94.26,97.49,99.56,99.32,98.86
2020-05-18,69.47,71.58,75.09,74.04,69.82,78.87,81.52,73.68,78.6,75.79,68.07,84.51,89.13,83.16,76.49,62.11,86.97,94.2,66.67,44.21,89.44,94.57,16.84,94.01,96.74,100.0,100.0,98.55
2020-05-19,69.61,75.97,78.09,79.15,74.56,81.98,85.45,87.63,88.69,86.93,76.33,89.05,93.45,89.75,81.63,67.49,90.81,94.91,67.49,45.94,87.99,94.55,19.08,93.64,96.73,99.65,99.64,98.55
2020-05-20,65.44,75.89,73.05,68.77,80.8,86.64,86.39,85.49,78.84,64.39,86.93,93.53,93.28,61.21,37.68,85.6,94.77,94.43,9.81,94.0,96.01,95.08,99.47,99.72,99.18,98.21,96.39,80.66
2020-05-21,72.65,80.82,77.96,72.86,82.3,88.07,86.68,87.96,81.02,67.14,90.12,93.62,93.46,68.57,45.92,88.07,94.65,94.16,15.1,93.62,96.09,94.86,99.38,100.0,98.83,98.35,97.2,73.83
2020-05-22,70.94,78.72,75.97,70.02,79.68,87.07,85.94,86.5,77.57,63.62,85.45,93.3,93.1,65.45,41.65,84.53,94.46,93.9,10.53,93.3,95.84,94.69,99.31,100.0,99.2,98.61,97.61,79.58
2020-05-26,66.96,77.5,76.27,64.32,78.38,85.06,86.18,85.06,77.68,57.29,82.95,90.86,90.91,66.08,32.86,79.26,94.38,93.64,6.15,87.17,95.25,94.73,100.0,100.0,100.0,99.3,98.0,79.09
2020-05-27,64.27,74.01,72.74,61.02,76.06,84.56,85.07,84.46,76.84,55.93,80.88,90.93,90.48,64.27,32.2,77.76,94.19,93.12,6.64,86.97,95.89,94.88,99.86,100.0,100.0,99.29,98.24,76.13
2020-05-28,68.9,79.21,78.35,66.84,81.38,87.93,88.77,87.8,83.51,61.68,87.59,91.72,92.69,70.79,37.11,85.0,94.83,94.83,7.39,90.69,97.24,96.26,100.0,100.0,100.0,99.31,98.75,88.06
2020-05-29,55.38,67.51,69.57,55.84,73.33,84.83,85.27,83.07,77.35,53.09,80.92,91.03,90.97,65.68,32.04,80.23,94.71,94.3,4.81,87.13,97.47,96.44,100.0,100.0,100.0,99.31,99.29,83.85
2020-06-01,60.84,69.93,72.03,61.54,76.46,86.71,85.51,84.85,82.98,59.44,85.31,91.38,91.55,74.59,35.43,84.15,93.71,93.72,5.83,88.58,96.74,95.17,100.0,100.0,100.0,99.3,99.03,80.68
2020-06-02,49.13,62.15,63.89,54.86,68.75,78.82,80.94,81.08,78.3,53.47,79.86,89.76,90.47,70.31,28.82,78.65,92.36,92.99,2.6,84.9,95.66,94.42,99.83,99.83,100.0,99.13,98.92,82.37
2020-06-03,39.81,58.11,59.5,50.21,64.91,76.01,77.87,78.78,73.79,50.9,77.67,89.18,88.79,62.83,26.21,75.87,91.54,91.95,2.77,85.44,95.7,94.4,99.72,100.0,100.0,99.17,98.85,78.74
2020-06-04,41.95,58.39,58.72,47.99,63.42,75.34,77.78,78.19,72.48,48.83,75.5,87.42,88.37,59.56,20.64,70.47,90.1,90.97,2.18,82.89,95.64,94.1,99.83,100.0,100.0,99.16,99.13,79.17
2020-06-05,43.78,57.56,58.0,44.67,61.33,73.56,75.4,75.78,68.44,45.56,71.33,84.67,84.14,56.67,14.22,66.89,88.44,89.2,0.67,78.22,93.33,92.64,100.0,99.56,99.54,98.67,97.47,65.52
2020-06-08,46.15,61.54,61.32,48.35,66.15,75.16,75.28,76.7,72.09,48.57,73.41,85.93,86.62,59.78,19.78,71.43,89.67,89.34,1.1,79.34,94.73,93.88,99.78,99.78,99.77,99.34,98.41,80.73
2020-06-09,48.18,67.22,68.87,58.44,72.19,78.64,78.8,86.26,81.29,61.75,81.95,90.73,89.4,68.71,34.6,79.14,91.56,90.94,2.65,81.62,94.87,93.85,99.67,99.67,99.49,99.01,98.12,85.13
2020-06-10,58.96,69.99,71.31,61.22,74.9,79.89,79.37,82.47,78.62,59.23,81.41,90.28,89.0,72.51,37.18,80.35,92.54,91.2,2.39,83.67,95.74,93.67,99.73,99.73,99.31,99.07,98.07,76.75
2020-06-11,85.74,93.61,94.59,91.8,94.59,95.55,96.08,97.7,96.72,93.93,96.23,97.53,97.1,95.08,88.85,96.39,96.87,96.42,46.07,95.9,98.19,97.79,99.84,99.84,99.66,99.01,98.81,90.12
2020-06-12,81.05,85.84,87.15,83.01,89.32,92.54,92.74,92.59,91.72,83.88,92.81,94.52,94.33,91.07,71.68,93.9,95.83,95.46,27.23,94.34,96.49,96.15,99.56,99.34,99.09,98.46,97.73,86.85
2020-06-15,77.0,81.88,85.02,82.58,89.2,91.26,91.01,91.29,91.99,86.41,94.08,96.15,95.32,90.59,71.08,95.12,96.5,95.68,33.8,95.82,97.55,96.76,99.65,99.65,99.28,98.95,97.84,79.86
2020-06-16,75.79,78.95,81.75,80.7,86.67,89.82,89.53,87.37,88.07,80.7,92.98,95.44,94.95,85.61,75.09,95.09,96.84,96.03,55.79,96.14,98.25,97.47,99.3,99.65,99.28,99.3,98.19,85.56
2020-06-17,89.6,92.25,83.33,92.67,95.32,94.62,94.54,93.76,68.82,95.11,97.23,95.96,95.08,29.41,95.32,98.3,97.09,96.17,99.59,99.57,99.33,99.18,99.36,98.65,97.27,87.0,93.72,93.99
2020-06-18,88.3,90.57,81.21,91.87,95.12,94.18,93.73,91.7,64.97,94.92,97.03,95.75,94.82,31.9,95.73,98.3,97.09,95.91,99.59,99.58,99.33,98.91,99.15,98.43,97.0,86.8,91.83,92.64
2020-06-19,91.15,92.47,84.38,94.32,95.55,94.87,94.84,92.28,67.58,95.54,97.25,96.21,95.11,32.81,96.55,98.31,97.32,96.74,99.59,99.58,99.33,99.18,98.94,97.99,97.01,85.49,93.75,95.11
2020-06-22,85.9,82.52,62.77,88.26,92.6,91.54,90.79,73.87,40.55,89.27,95.35,94.65,93.77,7.99,93.32,97.46,94.88,94.04,99.39,99.37,98.66,98.37,98.73,97.1,95.12,61.02,81.84,88.08
2020-06-23,85.8,86.54,69.71,89.81,93.34,92.57,92.29,83.43,51.29,92.95,95.62,94.76,94.12,11.57,94.04,97.24,95.61,94.32,99.53,99.19,98.65,98.17,98.38,97.3,95.74,64.53,86.41,92.29
2020-06-24,86.48,86.97,72.69,90.04,93.27,91.28,91.75,84.77,57.48,93.1,95.51,94.28,94.01,18.95,94.25,96.97,94.69,94.34,99.23,98.68,98.5,97.73,98.28,94.55,94.66,41.14,79.61,93.53
2020-06-25,79.76,80.57,72.06,87.45,91.63,88.57,87.5,80.16,59.51,91.7,94.9,93.27,93.06,20.45,94.74,97.55,94.9,93.75,99.39,98.98,98.57,96.76,98.37,94.08,93.98,33.88,62.96,85.19
2020-06-26,82.95,83.41,76.14,87.95,92.89,92.66,91.84,84.77,67.27,93.41,95.41,94.95,94.21,33.41,95.45,97.71,95.64,94.74,99.32,98.85,98.85,98.42,98.39,95.87,95.53,43.81,81.84,94.21
2020-06-29,74.31,78.7,68.52,84.49,90.74,88.43,89.0,80.32,57.87,90.74,94.21,91.9,92.11,20.6,94.21,97.45,94.68,94.5,99.31,99.31,98.84,98.09,98.84,94.91,94.02,35.42,61.0,86.36
2020-06-30,65.45,73.3,62.13,83.07,89.7,86.74,87.36,80.45,54.97,90.58,94.59,92.5,92.06,15.01,94.07,97.73,95.64,94.77,99.48,99.65,99.13,98.74,99.13,97.03,94.4,48.17,61.19,78.16
2020-07-01,64.8,70.13,55.4,77.7,86.22,85.37,85.03,75.74,43.06,84.99,92.69,91.14,90.26,4.07,89.76,96.62,94.66,94.04,99.3,99.58,99.3,98.84,99.16,97.47,94.62,60.9,61.92,58.28
2020-07-02,63.82,68.94,48.81,74.91,84.42,81.51,83.36,75.43,37.2,78.67,90.58,88.7,89.38,1.88,83.28,95.89,93.66,93.63,99.32,99.49,99.32,99.12,98.29,96.92,95.04,60.79,73.63,80.71
2020-07-06,65.97,69.44,53.7,73.38,85.88,83.56,84.65,76.16,38.66,80.32,90.97,88.89,89.93,2.55,83.1,93.98,92.36,93.29,99.77,99.77,99.31,99.28,98.61,96.3,94.48,62.96,80.82,86.57
2020-07-07,72.07,76.72,59.83,79.66,88.1,87.59,87.32,80.17,43.45,82.76,91.55,89.83,90.89,3.28,82.93,94.66,92.41,93.21,99.66,99.66,98.79,99.11,98.62,96.55,95.36,65.86,84.46,89.11
2020-07-08,67.08,70.11,55.79,76.58,85.67,84.16,84.17,74.66,41.46,80.17,91.18,89.12,89.87,4.13,83.06,94.9,92.7,92.87,99.59,99.72,98.9,99.0,98.62,96.56,95.15,62.67,81.6,88.3
2020-07-09,66.0,67.83,57.33,77.33,85.33,84.33,84.31,72.83,46.0,83.33,91.83,89.67,90.34,7.5,86.67,95.83,93.67,93.62,100.0,100.0,99.17,99.14,98.67,96.5,95.69,63.0,82.41,89.48
2020-07-10,54.53,57.84,45.92,66.67,79.91,78.59,80.37,63.58,37.09,75.5,88.96,86.31,88.36,5.3,82.78,95.58,92.49,93.15,99.56,100.0,98.9,99.09,98.9,96.69,96.12,59.6,84.7,91.32
2020-07-13,64.19,69.21,59.61,76.64,82.97,82.31,83.11,71.62,53.06,82.1,92.14,90.83,91.22,16.16,86.9,95.63,94.76,94.37,99.34,100.0,99.34,98.87,98.69,98.03,97.07,72.71,89.86,93.02
2020-07-14,58.06,62.66,51.64,70.56,79.44,79.11,79.8,68.75,45.39,77.63,90.62,88.65,89.47,8.39,81.25,94.41,93.75,93.72,99.01,99.84,99.01,98.81,99.18,98.03,96.94,76.15,90.49,94.4
2020-07-15,47.89,54.88,43.14,64.91,75.73,73.94,76.5,60.69,37.34,71.11,86.81,84.26,87.3,6.73,78.89,93.8,93.12,92.76,98.68,99.34,98.41,98.22,98.94,97.35,96.72,71.03,89.62,94.54
2020-07-16,45.44,53.26,41.53,63.36,73.94,72.67,75.47,60.42,35.18,70.52,86.64,83.31,87.14,4.89,77.85,93.65,92.31,92.39,99.02,99.67,98.2,98.48,98.7,96.73,96.28,66.61,89.51,95.77
2020-07-17,35.5,41.34,27.71,54.76,66.23,66.23,69.37,49.57,21.21,61.69,78.14,76.25,80.86,3.46,71.86,92.21,87.8,90.77,98.48,98.48,97.82,97.52,98.48,96.3,95.95,71.02,89.64,95.95
2020-07-20,32.53,35.29,28.72,51.9,63.67,63.19,68.93,40.83,19.03,60.21,76.82,74.65,79.64,4.15,72.32,93.08,90.28,91.43,98.62,98.96,98.26,97.86,98.96,95.14,95.0,64.24,86.43,95.71
2020-07-21,30.31,35.19,26.83,51.22,62.37,61.67,67.74,39.72,21.25,62.72,78.05,75.26,80.29,5.57,76.66,93.73,91.29,92.11,98.61,98.61,97.91,97.49,97.91,94.77,94.27,58.54,85.3,95.34
2020-07-22,31.19,17.84,55.4,79.26,76.22,77.48,78.9,6.19,76.77,93.13,90.14,91.59,91.79,99.13,99.24,98.29,97.69,96.94,98.09,94.61,93.89,93.56,55.32,79.92,86.8,94.3,94.36,91.14
2020-07-23,52.31,36.62,72.23,81.89,79.11,80.93,83.68,16.5,84.31,94.37,92.29,92.7,92.87,98.79,98.79,98.17,97.77,96.78,97.99,94.73,93.71,94.25,57.81,78.09,86.9,92.29,93.79,91.72
2020-07-24,44.47,30.02,69.75,80.59,76.99,78.82,79.11,15.12,80.81,94.36,92.26,92.26,92.17,98.42,98.87,97.95,97.95,96.34,98.42,95.22,94.31,93.21,46.92,76.99,83.55,94.31,91.91,84.07
2020-07-27,31.03,17.47,57.93,74.48,71.26,74.02,76.01,10.8,76.55,91.03,89.2,89.2,89.07,98.39,98.62,97.93,97.93,96.44,97.93,95.17,93.79,93.59,46.21,76.32,81.71,94.02,92.4,84.09
2020-07-28,31.89,17.16,56.33,73.83,70.36,73.31,77.42,7.63,73.83,90.81,87.87,88.39,89.61,98.44,98.61,97.92,97.92,96.95,97.92,94.97,93.76,94.27,44.02,75.91,86.56,94.63,94.44,91.4
2020-07-29,21.76,10.04,49.65,68.34,65.45,69.09,72.4,5.58,71.13,90.24,84.9,87.41,88.58,98.47,98.61,97.9,97.76,96.82,98.05,93.99,93.57,94.22,44.06,77.62,86.99,95.52,94.51,91.18
2020-07-30,24.28,12.39,52.63,69.78,66.27,70.02,72.18,8.15,73.68,90.83,86.2,87.39,88.56,98.81,98.81,97.96,97.96,97.01,98.13,93.87,93.36,93.13,41.91,72.74,80.81,94.21,93.13,86.62
2020-07-31,19.91,8.37,47.06,66.29,64.09,68.18,71.13,4.98,70.59,90.05,85.23,87.27,88.5,98.42,98.64,98.41,98.41,97.42,98.42,94.55,94.32,94.13,46.82,80.0,87.09,96.36,94.13,85.45
2020-08-03,25.98,12.87,51.49,65.06,63.91,67.59,70.48,6.9,67.59,88.05,82.3,84.37,86.19,98.39,98.16,97.47,97.7,96.43,97.24,91.72,92.87,92.38,47.59,78.85,84.29,95.4,92.62,82.62
2020-08-04,25.68,11.47,49.49,61.64,60.1,64.21,67.73,5.14,65.41,83.73,76.37,79.97,83.16,98.12,97.77,96.75,97.09,95.57,96.58,90.24,91.1,90.96,46.23,73.8,81.74,93.32,92.02,84.04
2020-08-05,19.29,8.76,42.95,58.69,56.91,61.29,65.16,3.83,61.7,78.8,74.28,77.56,81.87,97.67,97.4,96.44,96.31,95.61,96.44,89.88,90.83,91.5,48.56,76.06,84.7,93.71,93.34,88.24
2020-08-06,15.73,6.79,39.4,56.29,54.8,58.44,63.18,4.3,60.93,77.32,72.19,75.83,79.62,97.02,97.19,95.36,95.36,95.03,95.86,88.41,90.07,91.27,48.51,75.83,84.93,94.04,93.84,89.55
2020-08-07,12.72,4.82,36.62,51.54,51.1,55.26,59.86,2.85,56.14,75.66,69.3,73.25,77.55,96.49,96.93,95.18,94.96,95.01,96.05,87.28,88.82,90.7,45.39,73.03,84.58,93.42,94.33,90.93
2020-08-10,9.54,3.25,31.89,49.02,47.29,53.36,58.61,2.17,54.45,71.37,66.38,69.41,74.72,95.44,96.31,94.14,94.58,93.96,95.23,87.85,89.15,90.38,44.9,72.45,84.56,91.97,93.51,90.16
2020-08-11,14.22,7.52,41.34,56.21,55.23,59.97,63.74,3.76,60.78,77.61,72.39,75.98,78.25,95.92,96.57,95.26,95.42,95.45,95.26,89.71,90.36,90.73,48.53,77.29,85.33,92.32,93.42,88.7
2020-08-12,8.26,1.83,27.79,44.82,45.74,51.51,56.99,1.57,52.29,67.89,64.74,68.86,73.27,95.67,96.46,94.23,94.35,93.76,94.63,86.89,88.96,90.23,48.1,74.9,85.62,91.59,93.22,89.69
2020-08-13,8.25,1.78,25.57,43.37,43.2,50.73,55.8,1.62,50.49,65.21,62.62,66.5,70.76,95.31,96.44,93.04,93.82,93.28,93.85,83.33,86.67,89.24,44.66,73.01,83.87,90.89,92.61,88.24
2020-08-14,7.74,2.37,24.73,39.35,40.86,48.7,54.81,3.01,49.25,61.94,61.08,64.5,70.02,94.19,94.84,91.83,92.64,91.72,90.32,79.14,83.77,88.81,50.75,76.41,87.47,90.48,93.51,93.29
2020-08-17,8.25,2.41,17.87,34.71,35.74,43.79,50.0,2.75,42.61,61.17,59.11,62.41,69.15,95.53,96.56,92.78,92.41,93.26,95.19,84.54,84.14,89.72,44.67,62.76,80.5,82.41,89.72,92.2
2020-08-18,12.11,3.11,17.65,34.6,38.06,46.02,50.53,1.73,31.83,56.75,56.06,60.21,66.19,92.39,94.81,91.35,91.0,91.1,94.81,87.89,88.24,91.1,56.4,70.24,82.92,82.7,88.26,91.1
2020-08-19,5.56,39.3,59.28,66.03,68.06,71.35,86.06,93.35,94.8,92.78,91.49,91.89,95.35,95.05,90.24,87.3,90.41,96.47,67.3,72.12,81.49,95.99,79.19,87.57,99.2,93.51,99.52,100.0
2020-08-20,4.0,42.6,61.6,65.0,65.32,68.75,70.78,91.4,93.4,92.2,91.13,91.53,91.78,94.0,90.4,88.1,90.73,91.32,68.8,72.18,81.65,86.3,76.61,87.7,90.41,93.15,92.47,89.27
2020-08-21,2.02,38.12,58.97,60.09,59.95,64.03,68.65,91.48,93.27,90.36,87.1,88.46,91.19,93.72,85.65,78.96,82.35,89.9,56.05,62.22,72.85,84.2,65.16,81.9,90.93,91.63,95.34,95.85
2020-08-24,2.97,38.36,57.08,56.16,57.53,64.38,69.34,89.95,91.55,89.04,88.13,88.58,89.86,92.47,85.16,79.91,84.93,88.92,56.85,61.64,76.03,85.38,66.21,87.21,91.04,94.98,94.34,90.33
2020-08-25,1.03,34.42,53.18,53.87,56.45,62.48,67.44,90.02,91.74,90.02,88.64,88.98,90.04,93.63,87.09,82.1,86.92,89.5,59.38,62.82,77.45,85.23,67.13,87.26,90.21,94.49,93.95,89.86
2020-08-26,0.69,32.69,56.51,58.03,59.86,67.08,70.44,91.14,93.35,92.11,91.39,92.5,93.4,95.98,92.8,91.81,93.19,93.97,70.22,73.33,85.69,90.67,76.39,91.67,92.68,96.94,95.98,93.4
2020-08-27,1.52,40.64,64.08,67.96,68.7,74.11,77.27,92.92,96.46,95.28,94.59,95.6,95.28,96.8,96.29,94.59,95.43,94.76,82.8,83.42,91.54,91.43,80.71,94.25,92.48,97.63,94.93,86.36
2020-08-28,0.45,35.06,61.8,65.62,67.27,73.59,79.95,93.48,96.85,96.63,95.94,97.07,97.67,97.3,96.4,95.71,96.39,96.74,84.27,83.3,92.33,94.41,77.65,94.81,96.74,97.97,98.37,97.2
2020-08-31,0.0,35.62,64.84,67.58,69.86,76.26,82.51,94.75,97.26,96.58,96.12,97.26,97.4,98.17,96.8,96.35,97.72,97.87,86.99,88.58,93.38,94.8,86.76,93.84,96.69,98.4,99.29,97.4
2020-09-01,0.68,39.8,66.33,70.07,72.79,80.27,84.51,94.9,97.28,96.43,96.09,97.11,97.36,98.3,96.43,96.6,97.79,97.89,85.2,88.44,93.71,95.25,88.78,95.92,97.36,98.47,99.3,97.54
2020-09-02,0.0,24.46,63.99,68.48,72.55,81.93,84.81,94.29,97.69,96.88,96.74,97.55,97.89,99.32,97.55,97.55,98.1,98.45,87.23,90.9,96.88,96.77,92.26,98.37,98.03,98.51,99.3,97.05
2020-09-03,6.09,69.41,90.46,90.95,91.78,94.74,95.58,98.85,100.0,99.51,98.68,99.67,99.66,100.0,98.36,98.36,99.18,99.15,92.27,95.23,97.37,97.79,94.08,98.68,98.98,98.36,99.32,98.47
2020-09-04,0.0,35.51,70.81,79.96,83.44,86.49,87.84,96.73,97.82,97.17,97.39,98.04,98.65,99.13,98.04,98.26,98.47,98.65,94.99,96.73,97.39,98.65,96.51,98.26,98.42,98.04,98.87,97.97
2020-09-08,9.43,67.48,83.25,85.37,86.99,88.13,88.76,97.89,98.37,97.24,96.75,97.07,96.81,98.7,96.59,96.75,96.59,96.31,93.17,93.66,94.15,94.3,91.87,92.36,94.13,94.63,95.64,94.46
2020-09-09,3.91,53.85,73.92,78.62,80.44,81.83,83.13,95.7,96.74,95.83,95.83,95.82,95.95,97.65,96.48,96.22,95.95,96.22,93.61,94.26,94.9,95.01,91.92,92.55,95.14,94.12,96.49,97.17
2020-09-10,15.76,63.5,76.69,81.19,82.48,83.2,84.97,95.18,95.82,95.66,95.5,95.64,95.49,96.62,96.46,95.98,95.64,95.66,93.25,93.57,93.05,94.49,89.55,90.95,94.32,94.02,96.49,97.33
2020-09-11,0.64,35.04,57.69,68.16,69.02,71.61,76.22,93.59,92.74,94.87,94.23,93.76,95.33,93.16,95.51,95.3,95.05,95.33,94.87,94.66,94.41,95.11,88.25,89.68,94.22,92.26,97.11,98.0
2020-09-14,2.39,35.84,58.7,65.87,69.97,71.58,75.35,93.86,94.2,95.56,95.22,95.21,95.42,95.9,96.59,95.56,95.55,95.07,95.56,93.86,93.15,93.66,86.35,89.04,92.61,89.38,95.77,97.18
2020-09-15,5.15,32.3,50.86,61.51,65.64,69.42,73.14,82.82,89.69,92.78,93.13,92.78,93.64,94.5,95.88,95.53,95.53,95.05,95.53,94.85,94.16,94.35,91.75,92.44,92.93,90.72,95.05,96.47
2020-09-16,80.82,89.94,92.47,93.39,93.31,93.39,93.32,94.6,95.17,96.19,96.03,95.37,94.92,94.02,96.39,95.82,96.04,94.92,95.99,94.98,95.37,94.92,93.1,94.93,95.99,97.36,97.06,97.06
2020-09-17,64.68,76.77,84.59,89.0,88.94,89.89,91.47,91.45,92.68,94.2,94.57,94.73,93.6,92.49,94.8,93.95,94.73,94.13,94.4,94.36,94.29,94.67,92.28,94.29,96.0,97.36,97.07,97.6
2020-09-18,70.13,85.9,86.73,88.62,88.33,89.91,91.22,93.69,92.5,93.61,93.75,94.3,93.35,87.88,92.02,92.71,93.2,93.09,92.02,93.75,93.86,94.15,91.25,94.96,95.74,97.37,96.81,97.07
2020-09-21,74.07,87.96,91.36,91.43,91.48,93.22,92.57,93.89,95.01,96.02,95.22,95.19,94.16,93.67,96.22,95.43,95.4,94.43,95.82,94.59,94.53,94.43,91.89,93.65,94.96,96.72,96.55,97.08
2020-09-22,65.07,85.74,89.97,90.29,89.79,92.04,92.06,94.32,95.06,95.84,95.06,95.19,94.05,92.96,95.38,94.26,94.86,93.45,94.92,93.78,93.53,93.65,90.27,93.53,93.65,96.68,96.03,94.64
2020-09-23,64.79,88.62,91.3,92.22,92.49,93.18,92.72,95.93,95.71,96.24,96.5,95.99,94.94,94.61,95.86,95.21,95.45,93.83,94.48,94.17,94.39,93.67,92.36,94.39,93.99,96.79,95.09,93.2
2020-09-24,56.55,82.74,87.9,89.68,91.2,92.6,92.53,96.23,96.03,96.43,96.4,96.4,95.48,95.63,95.83,95.4,95.8,94.8,94.84,94.4,95.0,94.57,93.6,95.6,94.34,96.4,95.7,93.21
2020-09-25,51.22,81.07,86.41,87.53,88.54,91.69,91.0,95.99,96.44,95.77,95.96,95.96,95.12,95.99,95.77,94.61,95.51,94.09,93.99,93.71,93.26,93.57,92.58,93.93,93.57,95.73,95.12,92.54
2020-09-28,39.68,80.5,85.94,87.98,89.57,90.93,91.33,95.69,97.28,96.83,96.83,97.05,96.49,95.24,95.46,94.56,95.24,94.85,92.29,92.97,93.88,94.38,91.84,95.46,95.32,97.51,96.49,93.21
2020-09-29,36.75,75.9,82.74,85.47,86.32,89.4,90.11,94.36,95.38,96.07,96.58,96.41,95.94,93.85,94.19,95.04,95.04,94.88,92.31,93.68,94.02,95.05,92.99,95.9,96.11,96.75,96.29,94.52
2020-09-30,33.98,77.03,85.01,86.93,88.41,90.62,91.31,95.6,97.11,96.7,97.38,97.38,97.15,95.32,95.46,95.59,95.45,95.58,91.33,93.52,93.79,95.44,93.1,95.59,96.44,96.14,97.44,96.58
2020-10-01,49.75,79.06,85.59,87.44,89.58,90.92,91.67,93.63,93.97,95.14,95.97,96.3,96.35,93.8,94.47,95.29,95.63,95.31,91.46,94.12,94.12,96.01,94.12,95.8,96.88,95.97,97.22,95.83
2020-10-02,64.51,85.94,90.18,90.85,91.26,91.48,91.67,94.42,95.98,96.43,97.31,97.31,97.69,94.87,95.98,96.19,96.86,96.53,91.96,94.39,95.29,96.3,93.72,96.19,96.53,97.09,96.99,95.37
2020-10-05,59.18,79.37,87.3,88.44,89.57,90.02,89.67,93.88,94.33,94.33,94.33,94.78,93.9,93.42,92.74,92.97,93.88,93.66,90.48,92.52,92.97,93.19,92.97,92.74,92.96,95.69,95.31,92.96
2020-10-06,66.72,84.8,88.68,88.68,89.7,90.03,90.73,93.58,93.41,94.09,94.26,94.76,94.06,92.57,92.57,92.91,93.75,93.71,90.2,92.4,93.24,94.23,92.06,92.91,93.71,95.78,95.8,93.18
2020-10-07,53.85,78.95,83.0,85.56,86.77,87.31,87.85,93.79,92.71,93.52,93.66,93.66,93.99,86.91,89.61,90.55,92.44,92.6,89.74,91.36,92.04,93.3,91.09,92.17,93.16,95.01,95.53,93.72
2020-10-08,35.95,67.32,75.0,76.63,78.59,80.88,81.93,92.48,91.01,90.36,91.5,92.48,92.57,85.46,84.8,88.24,88.73,90.88,82.35,87.91,89.87,92.06,90.69,91.83,92.74,94.12,94.93,93.07
2020-10-09,37.66,67.53,71.65,72.94,75.76,77.06,79.42,91.99,88.31,86.58,87.45,88.1,89.93,78.35,77.71,82.9,84.2,88.59,75.97,83.77,85.71,89.04,87.01,89.18,92.17,90.91,94.85,93.74
2020-10-12,37.77,66.95,70.82,71.46,73.82,74.46,75.88,91.2,88.41,86.48,88.2,87.55,88.05,77.25,77.47,80.47,81.97,86.5,77.68,82.19,86.27,88.94,87.77,88.84,91.59,90.34,93.81,91.81
2020-10-13,52.02,72.21,74.64,75.12,77.06,77.06,78.17,90.63,89.01,87.24,88.05,87.24,88.33,81.42,78.03,80.29,81.74,86.33,73.99,79.16,83.84,88.33,85.78,87.88,90.83,89.82,93.17,92.17
2020-10-14,64.9,76.55,77.46,77.33,78.76,78.96,79.76,89.12,87.31,84.46,85.75,85.84,87.4,78.5,76.04,79.15,80.0,85.25,73.45,80.31,82.86,87.53,88.21,87.53,90.21,85.32,91.55,91.02
2020-10-15,62.3,76.68,77.64,78.75,80.03,80.74,80.6,91.37,89.94,89.14,90.58,90.05,89.39,82.43,81.47,84.03,84.27,86.57,80.67,85.78,85.39,88.89,88.02,86.52,89.88,83.79,91.21,91.54
2020-10-16,66.03,76.01,78.34,78.56,79.83,80.56,80.35,88.32,88.32,87.9,89.6,89.32,89.18,83.65,81.32,84.29,84.4,86.98,76.86,84.5,84.19,88.52,89.17,87.82,90.07,83.33,91.39,93.16
2020-10-19,71.53,79.66,83.73,84.75,85.76,85.37,86.71,93.22,92.88,92.54,92.88,92.18,93.01,91.53,89.49,91.86,91.5,91.96,83.39,89.49,88.78,90.56,91.19,89.8,90.91,84.35,88.81,89.86
2020-10-20,74.74,79.52,83.62,85.32,86.01,86.69,87.72,89.08,90.78,91.81,91.81,91.81,91.93,92.15,91.13,93.17,94.2,92.98,87.03,91.81,92.15,90.88,91.81,91.81,90.88,88.05,87.02,82.81
2020-10-21,89.5,91.29,91.94,90.75,89.81,90.28,90.24,92.0,91.94,92.38,91.61,91.48,91.34,88.77,91.5,90.84,91.48,91.34,89.88,89.81,90.28,90.87,81.94,88.28,90.55,91.48,92.13,88.98
2020-10-22,86.79,87.77,88.36,88.17,87.28,87.67,88.99,90.34,89.94,90.93,90.66,90.46,91.46,86.0,89.55,89.26,89.86,91.24,88.17,87.28,88.47,91.01,80.52,87.28,91.24,88.07,93.26,93.26
2020-10-23,85.4,87.39,87.61,86.95,86.61,86.83,87.76,91.15,90.71,90.71,90.85,90.62,91.58,85.84,88.27,87.05,88.62,90.82,85.84,83.48,87.95,90.56,79.24,87.28,91.58,89.29,93.88,95.15
2020-10-26,86.49,91.22,91.67,92.12,92.12,91.89,92.33,92.57,93.47,93.69,93.69,93.69,94.19,91.44,92.79,92.79,92.57,93.26,90.09,90.54,91.44,93.26,86.26,90.32,94.42,92.34,96.98,97.21
2020-10-27,91.51,94.91,96.26,97.11,97.11,97.79,97.89,97.62,98.3,98.13,98.13,97.96,97.89,97.11,96.94,96.6,96.94,97.02,93.21,94.74,94.74,95.96,92.02,95.76,96.49,97.45,98.07,96.32
2020-10-28,87.7,93.03,93.85,94.54,94.38,95.07,95.33,94.95,97.4,97.27,96.99,96.99,96.75,95.9,96.31,95.62,95.34,95.76,93.03,92.47,92.19,94.91,89.59,93.15,95.19,94.66,97.17,96.75
2020-10-29,83.19,92.51,94.51,95.01,95.16,95.99,97.24,97.0,98.17,98.34,97.83,98.0,98.1,97.5,97.5,96.83,96.83,97.24,96.17,93.66,92.82,95.86,83.97,90.48,94.83,92.49,97.24,97.93
2020-11-02,82.21,92.57,94.82,95.27,94.59,94.59,95.34,97.07,97.3,97.3,96.62,96.85,96.74,96.85,96.85,95.05,95.05,95.1,92.34,90.32,89.19,91.14,77.03,85.59,90.21,90.54,94.17,95.1
2020-11-03,77.52,91.44,92.28,93.12,92.28,92.79,92.36,96.31,96.48,96.14,95.13,94.97,95.14,94.97,95.13,92.79,92.62,93.23,90.1,86.74,87.58,90.62,69.8,83.22,89.93,90.44,93.92,94.1
2020-11-04,68.5,79.36,85.92,86.86,85.39,86.6,86.82,89.54,91.69,91.69,89.95,90.21,91.4,93.83,92.36,88.74,88.87,91.12,85.92,77.08,83.11,87.93,56.17,79.22,88.07,91.96,94.59,92.93
2020-11-05,65.1,72.24,81.49,83.6,82.79,83.6,83.89,81.82,87.99,88.64,87.01,88.64,89.26,92.37,92.05,89.29,89.94,91.11,87.99,83.28,86.36,88.42,62.18,84.25,88.09,94.32,93.12,88.76
2020-11-06,47.96,53.76,61.72,68.6,68.17,72.69,75.56,60.86,75.05,80.22,78.71,81.08,84.67,85.59,88.17,86.88,87.53,89.56,89.46,85.59,87.53,89.33,69.89,86.45,89.56,94.41,93.56,89.78
2020-11-09,69.72,73.77,77.61,79.1,78.89,79.96,79.78,75.91,85.07,84.86,83.37,84.01,85.71,89.77,89.55,87.63,87.42,88.35,83.8,81.45,84.43,87.91,76.55,83.58,88.13,86.99,90.33,88.13
2020-11-10,69.02,68.54,72.23,74.32,75.12,74.16,75.5,64.85,73.84,74.96,74.96,75.92,77.98,82.99,81.7,80.74,79.78,84.77,79.94,78.81,78.65,85.6,79.13,80.42,87.25,79.61,86.92,88.08
2020-11-11,62.03,64.61,67.31,68.98,68.73,68.26,70.97,65.38,69.88,71.17,70.53,69.81,73.1,73.23,75.03,75.55,73.68,76.96,78.51,77.09,75.35,78.16,72.33,73.55,80.56,74.58,81.36,80.83
2020-11-12,71.11,73.02,75.87,77.78,77.94,77.03,77.27,73.49,80.16,82.06,81.11,80.06,81.71,85.56,86.35,82.86,81.18,84.84,84.13,79.21,78.47,84.18,71.9,76.71,84.35,76.08,85.01,86.33
2020-11-13,47.26,54.01,60.97,64.98,65.4,65.82,67.98,60.34,68.57,71.52,71.31,70.7,73.68,75.53,78.27,78.06,77.71,80.26,81.65,79.32,79.41,82.68,78.27,80.04,83.77,80.04,82.89,80.04
2020-11-16,52.86,53.54,61.62,64.31,63.64,65.2,68.4,51.18,61.28,67.68,66.67,65.88,70.83,74.41,77.44,74.41,72.97,76.74,78.45,74.75,73.65,79.17,67.34,69.93,79.86,72.64,80.9,82.99
2020-11-17,67.46,58.64,64.41,65.42,66.1,67.46,68.64,45.08,56.27,62.03,64.07,64.41,67.94,69.49,73.9,73.9,72.54,73.87,77.29,76.27,75.25,75.26,72.2,74.92,75.96,77.29,73.52,66.55
2020-11-18,42.69,57.19,64.11,71.23,71.85,70.69,77.12,73.25,78.47,80.82,78.53,76.92,86.68,82.12,81.82,78.92,75.73,89.97,80.82,77.76,75.07,90.91,74.81,70.95,92.95,68.97,96.71,99.06
2020-11-19,46.67,61.57,67.84,69.02,68.18,68.77,68.08,72.35,77.25,77.06,74.31,75.3,74.33,82.55,79.41,77.27,77.47,74.55,73.53,75.89,76.28,73.66,75.69,77.27,69.42,80.24,66.52,42.41
2020-11-20,46.59,61.76,66.15,67.25,66.96,67.18,67.34,71.87,73.41,73.41,71.62,72.51,73.16,78.68,74.51,72.73,71.84,73.92,70.11,69.84,71.62,74.18,71.62,72.06,74.18,74.06,72.66,66.58
2020-11-23,41.83,56.15,63.76,64.65,65.55,66.89,68.59,72.04,76.06,73.38,70.69,72.04,73.21,80.76,74.5,72.93,73.6,74.6,69.13,68.68,70.92,70.44,69.57,76.06,69.52,77.85,71.13,53.58
2020-11-24,32.04,49.58,57.17,59.53,59.36,61.72,64.46,70.49,74.37,73.36,69.14,70.66,73.52,79.76,76.56,72.01,72.51,75.26,72.68,67.79,69.65,71.78,63.24,66.1,68.47,77.57,75.09,63.59
2020-11-25,24.73,39.27,47.28,52.72,54.5,56.4,58.09,58.15,66.85,68.75,66.08,67.44,67.65,75.95,74.59,70.84,71.25,71.17,76.77,68.94,70.16,69.2,63.08,65.94,63.43,77.11,64.84,45.57
2020-11-27,25.88,41.59,50.44,53.32,54.44,56.22,60.78,63.72,70.13,70.35,68.0,69.78,72.71,76.11,72.79,70.67,71.78,76.38,69.91,68.22,70.44,75.69,65.11,70.89,75.46,77.33,81.19,74.77
2020-11-30,25.73,41.83,49.44,52.8,53.47,55.03,56.48,60.4,64.21,64.88,65.32,67.79,66.9,72.48,68.23,65.77,68.46,68.98,63.53,62.64,67.79,66.9,65.77,73.38,65.28,79.64,64.35,35.65
2020-12-01,43.5,51.83,56.0,55.83,56.33,59.17,61.72,57.5,62.17,61.0,60.83,65.5,67.76,67.17,61.0,63.0,66.67,70.86,53.5,61.33,69.0,71.72,71.83,79.67,80.0,84.0,82.41,69.48
2020-12-02,43.01,51.8,55.66,55.66,56.06,58.59,58.82,59.79,63.25,60.45,60.99,65.65,63.91,66.58,59.52,61.78,66.44,64.6,50.07,59.92,66.58,64.6,71.77,79.36,66.67,83.89,63.91,29.89
2020-12-03,49.84,53.55,57.1,57.1,57.58,60.48,60.83,58.06,61.61,60.97,62.74,66.45,64.83,67.1,62.26,64.35,67.1,66.17,55.32,63.39,68.87,66.0,75.16,77.9,67.17,79.84,62.33,32.17
2020-12-04,39.1,47.22,52.78,53.42,54.49,55.56,56.95,54.27,60.47,58.55,59.83,62.61,64.24,70.51,61.75,62.39,65.6,67.77,52.14,59.83,64.74,66.45,69.23,73.93,71.08,77.14,71.96,54.75
2020-12-07,40.04,47.03,53.39,53.81,55.72,58.26,61.14,55.3,62.08,60.81,61.86,63.77,66.59,72.46,66.53,64.19,68.43,72.05,56.14,60.59,68.01,70.96,68.01,75.42,81.0,80.51,83.41,78.17
2020-12-08,29.19,36.2,45.3,45.93,47.21,50.4,54.44,48.17,55.82,54.86,56.14,58.53,62.83,66.67,61.24,60.29,63.0,67.27,50.88,56.3,62.36,65.95,61.72,70.49,71.38,76.87,79.28,73.85
2020-12-09,43.22,46.8,54.35,55.12,56.39,58.21,60.19,50.77,59.46,58.44,60.49,61.79,64.95,70.84,65.98,65.22,66.79,69.97,58.57,62.66,66.41,68.65,69.31,72.18,72.62,74.23,75.0,71.03
2020-12-10,35.33,44.48,52.05,53.79,55.68,57.37,59.41,56.78,61.36,61.36,62.62,64.34,66.45,67.51,65.93,65.46,66.88,68.9,62.46,64.83,68.94,68.41,66.56,73.22,68.9,75.91,72.18,60.72
2020-12-11,43.82,53.88,60.59,59.12,60.59,61.81,64.05,64.99,70.44,63.1,66.88,67.72,69.5,75.05,63.73,68.97,69.2,71.68,49.06,63.1,68.99,70.37,82.39,82.07,83.44,79.32,79.3,70.59
2020-12-14,49.5,59.2,66.22,65.55,67.89,68.79,70.0,65.89,74.25,72.91,74.25,73.15,73.79,78.93,75.59,76.25,74.5,76.21,71.24,72.91,73.49,76.21,79.6,79.19,80.0,77.18,76.9,71.72
2020-12-15,42.76,47.14,54.21,57.24,58.59,59.93,62.63,53.2,59.6,61.95,64.65,64.31,68.17,65.99,67.0,69.7,69.02,71.63,68.69,69.36,70.37,72.32,78.11,77.78,77.16,77.44,74.74,68.86
2020-12-16,31.01,41.28,46.2,61.74,65.84,64.94,67.54,57.61,57.6,74.95,76.54,74.24,74.08,57.98,77.71,78.4,74.89,75.39,86.0,84.57,78.14,77.23,80.25,72.94,73.56,61.9,63.87,55.5
2020-12-17,27.11,39.19,44.4,56.69,62.63,62.63,66.32,57.51,57.5,74.02,74.74,73.65,74.67,57.69,77.17,76.18,74.08,75.72,83.66,80.9,77.54,77.81,78.85,72.57,77.02,67.82,73.89,78.59
2020-12-18,28.88,40.4,45.83,59.33,62.91,63.58,70.31,57.77,60.61,74.07,74.18,73.71,78.91,61.74,77.21,75.0,74.35,79.95,82.12,77.87,76.51,83.85,76.02,73.28,84.64,72.2,88.28,93.49
2020-12-21,59.31,72.81,77.69,80.78,79.55,79.14,77.14,88.32,86.96,85.88,84.87,82.8,81.04,84.69,85.49,83.23,81.94,78.7,85.88,85.69,82.37,76.88,82.62,78.71,73.77,75.27,62.34,39.48
2020-12-22,46.7,62.61,67.6,75.76,75.55,74.92,75.92,80.37,79.82,82.73,81.03,79.32,80.58,76.14,83.33,79.78,76.87,81.36,86.82,82.29,79.8,83.11,75.55,73.78,81.75,75.73,84.85,86.6
2020-12-23,35.34,53.0,59.88,69.3,70.48,69.95,71.67,77.86,78.43,81.13,79.52,77.43,79.72,76.63,80.15,78.75,75.46,80.19,81.87,79.9,76.38,81.42,78.12,73.23,80.96,68.5,82.51,85.29
2020-12-24,33.07,53.89,58.37,62.26,62.35,62.94,65.04,73.35,71.98,73.15,71.18,70.39,73.67,72.18,73.15,70.39,69.61,73.01,74.71,72.75,70.98,75.0,68.43,64.12,75.0,62.94,76.33,80.75
2020-12-28,34.44,52.22,57.78,60.0,62.89,63.78,66.97,74.44,71.56,71.78,70.44,70.0,74.31,67.78,69.56,70.44,70.0,73.85,76.22,76.44,74.22,77.52,75.56,73.78,75.0,71.78,75.92,74.77
2020-12-29,39.09,57.21,61.74,64.43,65.44,67.11,70.71,78.02,75.0,75.5,74.5,74.5,82.32,71.14,74.33,73.49,73.83,83.88,80.37,77.01,77.68,85.96,69.97,73.83,85.62,77.68,89.77,92.55
2020-12-30,33.78,50.68,55.27,58.92,60.7,62.2,63.5,67.57,69.46,71.22,70.46,70.73,71.75,71.08,73.51,73.58,73.04,72.59,78.78,77.64,75.88,73.85,75.61,75.34,68.95,71.82,63.22,48.81
2020-12-31,34.6,52.06,54.7,58.32,60.0,60.99,63.99,70.18,67.87,70.18,68.76,69.42,72.18,63.92,69.03,69.09,68.6,73.04,77.27,75.7,73.55,76.45,74.88,70.74,73.55,68.6,72.87,70.14
2021-01-04,66.22,72.67,74.22,76.0,77.33,74.67,77.01,83.33,83.33,84.0,83.11,80.22,82.3,76.67,80.22,81.33,77.78,82.53,82.44,84.67,79.33,83.68,83.11,76.0,82.3,66.0,77.93,79.77
2021-01-05,60.1,66.39,69.04,71.52,73.18,71.85,75.0,76.82,77.15,78.64,80.46,77.98,81.16,74.5,80.13,83.77,79.14,82.88,83.28,86.09,80.79,84.76,86.26,76.82,82.53,62.25,76.71,80.82
2021-01-06,60.19,66.01,69.44,73.02,74.74,73.15,75.38,76.72,77.91,80.56,81.08,79.1,81.12,76.59,81.35,84.26,80.16,82.76,84.39,87.04,81.35,85.09,86.11,76.85,82.08,62.57,75.1,80.03
2021-01-07,41.51,49.68,53.53,58.01,59.13,60.42,63.58,58.65,60.9,66.03,67.15,67.79,71.52,64.42,72.6,73.4,71.15,75.5,79.65,81.41,77.4,81.95,77.24,73.88,80.96,69.39,80.79,83.11
2021-01-08,31.63,46.07,47.98,54.14,55.2,55.84,61.18,63.06,60.51,64.33,66.88,66.45,71.49,59.66,66.88,68.15,67.09,73.03,74.95,76.43,71.97,80.26,77.49,70.7,82.46,64.54,82.68,88.82
2021-01-11,48.63,57.68,61.47,64.0,65.68,65.26,68.11,69.05,70.74,71.79,72.42,70.74,75.05,70.74,73.89,76.84,73.47,77.44,79.16,78.32,76.0,82.0,79.79,75.16,84.6,66.74,83.95,88.5
2021-01-12,37.56,51.03,53.25,58.0,58.8,59.43,63.07,64.98,63.39,66.72,67.99,67.19,70.59,58.48,69.41,69.41,68.15,72.88,77.81,76.7,74.17,79.08,76.55,71.16,81.05,65.45,80.56,85.78
2021-01-13,28.72,41.93,49.05,53.37,56.04,56.82,60.58,60.23,60.99,64.55,66.33,65.22,70.04,62.13,69.89,70.9,67.9,74.11,75.86,76.87,71.97,78.58,77.51,70.19,81.87,60.76,80.95,88.17
2021-01-14,36.99,46.71,50.47,54.23,57.21,57.8,61.46,58.46,56.27,60.66,63.17,63.31,67.97,56.11,63.95,66.3,64.57,71.87,73.04,77.12,71.97,79.67,80.09,72.13,84.39,63.62,82.76,89.43
2021-01-15,38.12,48.96,53.54,58.13,59.38,59.33,62.55,61.25,61.46,65.21,67.29,65.2,69.7,61.67,70.62,71.46,66.88,74.03,77.08,77.71,72.12,78.57,77.92,67.71,79.87,58.28,78.79,87.01
2021-01-19,45.64,46.64,50.0,56.38,59.06,58.72,63.45,47.65,53.02,58.39,63.09,62.08,68.28,60.74,66.11,71.48,67.79,73.45,77.52,82.55,75.5,80.34,84.23,74.5,83.79,61.74,78.28,85.86
2021-01-20,37.25,46.3,51.92,61.75,62.82,67.54,69.44,56.76,61.54,71.22,69.54,74.35,77.01,66.71,76.26,72.97,76.96,80.56,80.44,75.0,81.28,83.33,71.32,82.2,84.41,89.53,88.89,82.25
2021-01-21,37.4,46.71,52.71,57.75,58.01,61.33,64.98,57.56,63.76,64.53,62.89,65.23,71.59,69.38,69.96,67.97,70.51,79.07,73.26,67.58,74.22,83.04,64.65,75.39,84.8,85.16,89.65,91.41
2021-01-22,40.65,51.52,56.96,60.87,60.96,63.16,68.75,63.04,66.52,67.39,64.25,67.98,77.25,70.87,73.7,67.76,70.83,81.25,77.61,67.76,72.59,86.0,61.18,71.93,88.25,83.11,93.75,97.0
2021-01-25,50.77,59.16,64.68,66.67,66.23,68.43,70.16,66.89,69.76,71.3,67.99,72.19,75.17,74.61,75.72,71.52,76.38,79.5,77.92,72.19,79.91,81.32,64.24,79.25,79.04,87.2,83.83,68.34
2021-01-26,40.0,50.33,55.33,59.33,60.83,64.17,67.64,58.5,65.17,68.0,66.33,68.83,73.49,70.5,73.83,71.5,75.67,81.24,80.0,74.33,80.0,83.99,66.67,79.0,82.96,85.0,85.89,81.41
2021-01-27,85.75,87.9,89.52,90.05,90.3,90.3,90.13,88.31,89.25,90.32,90.03,89.49,90.13,89.78,91.67,91.64,90.57,91.24,88.58,88.81,87.6,89.57,81.67,83.56,88.87,81.94,89.01,90.13
2021-01-28,78.36,83.77,87.21,88.36,88.49,88.82,89.13,88.36,89.67,90.33,89.97,90.13,91.68,90.49,91.8,91.28,91.28,92.7,87.87,86.68,89.14,90.83,79.77,87.5,91.17,89.97,93.72,94.57
2021-01-29,82.71,88.62,90.59,90.59,90.77,90.55,91.16,91.03,91.03,92.12,92.09,92.09,93.2,93.0,93.0,91.87,92.53,93.42,86.21,87.03,89.67,91.16,83.96,89.67,93.2,91.21,95.01,95.46
2021-02-01,70.2,75.94,82.12,85.21,85.43,86.53,86.3,83.22,86.98,87.86,88.3,88.74,89.5,87.64,89.85,89.18,90.29,90.41,89.4,89.18,88.52,89.04,83.44,88.52,88.81,90.51,89.95,86.76
2021-02-02,61.68,59.87,66.78,69.74,69.41,71.88,75.17,58.39,72.2,75.49,75.16,77.63,80.95,85.2,85.86,84.7,84.87,86.39,84.21,82.4,84.7,86.56,68.91,82.73,86.22,89.97,88.61,84.18
2021-02-03,43.23,47.57,57.03,59.4,59.66,62.68,64.95,50.07,64.52,68.33,67.67,70.04,72.69,81.34,82.13,79.63,81.73,81.66,79.76,75.56,80.16,80.03,65.44,80.03,77.17,87.65,82.2,61.55
2021-02-04,23.41,29.3,39.17,46.82,48.57,52.07,54.61,39.97,51.59,57.64,58.44,63.38,66.12,67.04,72.61,69.11,72.29,74.67,77.55,72.61,78.18,80.26,64.81,78.18,80.1,86.31,84.05,72.04
2021-02-05,23.63,29.32,37.55,43.46,47.05,50.21,53.81,38.19,50.21,54.64,54.85,60.55,64.92,64.14,69.41,66.46,70.89,73.42,71.31,69.2,76.58,79.52,64.98,78.9,82.79,87.13,86.49,78.43
2021-02-08,21.34,28.24,38.7,42.26,45.19,50.63,53.66,39.12,51.26,53.77,56.49,61.3,64.87,62.76,66.74,65.27,70.29,73.71,68.2,69.25,75.1,77.37,70.92,82.43,84.7,87.03,87.07,79.09
2021-02-09,16.38,23.15,31.97,39.84,43.46,48.82,52.27,35.28,46.14,52.44,55.59,60.0,64.77,58.74,65.67,67.24,72.44,75.81,70.39,73.54,78.11,82.14,76.38,84.25,87.5,88.82,88.47,83.28
2021-02-10,9.47,16.04,25.25,34.85,40.91,46.84,51.31,33.71,45.33,53.28,57.58,62.28,66.71,59.85,67.68,72.47,76.08,78.46,74.12,78.28,83.29,86.42,84.72,87.09,88.9,89.87,88.9,82.9
2021-02-11,3.12,4.52,13.24,22.74,30.84,37.72,42.49,16.98,37.69,46.42,49.53,56.96,62.2,59.66,66.67,68.85,74.02,77.54,72.59,75.23,79.66,84.81,79.75,85.13,87.88,89.05,89.82,84.17
2021-02-12,0.62,1.24,4.14,8.7,14.29,23.12,28.39,10.14,25.47,36.02,41.61,47.29,52.04,51.55,54.45,57.76,63.12,68.82,58.8,65.22,74.17,75.48,77.64,83.54,86.24,87.71,86.02,77.42
2021-02-16,1.34,2.34,5.69,12.71,17.73,24.08,27.49,14.38,26.76,39.13,44.48,49.83,53.26,57.19,58.53,61.2,64.55,70.1,63.21,66.56,73.58,77.66,74.58,82.94,84.54,86.29,84.19,74.91
2021-02-17,9.85,25.48,35.14,42.66,50.97,54.47,57.24,57.92,61.78,63.32,65.18,67.32,68.86,64.09,66.99,72.37,72.76,74.12,72.2,80.16,79.77,79.82,86.58,83.46,81.36,77.24,77.85,70.39
2021-02-18,12.34,26.41,35.28,43.07,51.53,55.02,58.46,57.79,60.82,61.47,63.32,65.94,71.39,63.42,64.29,70.09,72.27,79.1,66.67,78.82,79.69,84.33,87.34,85.59,88.31,81.0,85.57,88.31
2021-02-19,7.38,18.12,25.5,29.53,40.18,43.34,49.13,46.76,48.99,50.78,58.24,59.37,62.53,54.36,56.15,62.75,65.01,68.98,58.84,72.46,71.56,79.9,85.1,82.39,84.37,76.75,83.37,83.62
2021-02-22,17.58,31.67,37.15,39.3,47.1,50.75,55.31,51.91,52.74,53.4,59.7,61.86,65.75,55.39,55.56,63.52,66.83,72.43,58.87,73.3,76.29,83.05,87.73,86.4,87.67,82.26,85.1,85.1
2021-02-23,9.09,21.39,29.28,33.42,40.75,45.04,49.52,44.12,45.72,48.8,55.76,58.45,62.52,52.01,53.21,61.53,64.61,69.43,54.81,71.45,75.2,80.36,87.53,86.46,86.86,81.77,83.96,81.33
2021-02-24,7.65,15.31,26.22,29.64,37.75,40.03,45.36,35.34,42.51,44.3,52.12,54.08,58.52,51.47,50.33,58.99,60.46,66.1,46.25,64.05,66.83,75.38,85.95,82.03,85.67,76.14,83.14,86.68
2021-02-25,53.04,61.96,65.22,68.48,71.62,72.27,74.32,70.87,72.39,74.35,77.73,77.95,82.88,72.61,75.22,82.53,82.53,85.81,79.57,87.34,85.81,87.39,91.7,88.43,89.64,79.91,85.81,85.59
2021-02-26,50.23,54.55,56.36,57.5,62.1,63.01,66.51,55.0,57.5,60.0,64.38,66.21,71.46,60.68,62.73,71.23,70.78,77.83,67.5,79.68,78.54,84.67,91.1,85.39,87.03,74.2,82.78,85.38
2021-03-01,28.48,38.13,42.55,47.14,51.39,53.03,55.84,50.74,52.37,53.36,59.25,60.88,65.14,56.63,55.81,64.32,64.81,70.39,56.63,73.81,71.36,75.8,87.4,81.18,84.09,69.72,76.48,77.83
2021-03-02,29.8,36.6,40.13,43.01,49.15,50.59,54.73,44.31,47.19,48.89,54.51,56.21,62.16,52.68,53.2,61.31,63.01,69.59,53.86,71.11,69.02,76.49,86.67,80.13,85.54,68.37,81.76,85.95
2021-03-03,47.31,51.11,53.64,55.7,57.59,59.65,63.24,53.8,57.75,58.07,63.77,65.35,70.1,60.6,60.28,67.41,67.72,73.04,62.5,75.47,73.26,80.56,86.23,82.91,86.6,72.63,82.84,85.29
2021-03-04,57.23,59.12,61.84,61.43,66.25,66.46,70.13,63.73,66.88,66.67,70.65,69.81,74.89,71.28,69.81,75.68,72.12,79.65,68.34,80.92,76.73,83.33,86.58,81.97,87.23,67.92,82.25,87.45
2021-03-05,35.73,43.97,47.78,50.53,55.18,55.39,59.48,54.76,56.24,56.66,62.16,62.58,68.19,58.99,59.2,66.81,66.6,71.9,61.1,74.0,72.09,78.0,85.84,80.34,86.27,69.13,80.83,85.4
2021-03-08,37.93,45.61,50.63,53.13,57.52,58.78,62.52,56.27,58.46,59.72,64.73,65.83,69.79,61.6,63.01,71.16,69.44,75.12,63.48,76.65,74.92,79.81,88.56,82.92,87.88,69.59,83.04,86.75
2021-03-09,23.49,32.29,38.94,41.08,46.61,49.5,53.64,45.48,50.75,51.01,55.9,57.05,62.47,56.16,54.02,60.55,61.84,68.18,51.63,67.09,67.38,72.21,85.68,79.72,85.45,66.88,80.39,84.81
2021-03-10,19.5,25.85,34.06,38.08,44.27,46.81,51.36,39.63,48.61,50.77,55.73,56.61,61.32,56.81,57.89,63.78,62.67,69.66,58.05,70.28,68.58,72.07,84.37,77.6,82.66,64.54,77.37,82.5
2021-03-11,20.37,25.1,31.89,35.19,41.56,43.69,48.5,36.83,45.47,45.47,49.79,52.17,57.05,53.91,52.26,57.82,59.63,63.89,50.41,63.79,62.73,68.38,82.72,74.95,79.06,62.11,72.65,78.63
2021-03-12,12.93,14.44,22.2,24.78,32.33,35.57,40.04,25.86,37.72,40.3,45.91,48.59,52.57,50.22,49.35,56.03,56.83,61.52,50.43,63.36,62.47,66.89,85.34,77.44,78.75,62.04,71.14,74.5
2021-03-15,4.67,5.33,9.0,13.0,17.0,21.0,25.0,17.67,26.67,30.33,40.0,42.67,47.6,46.0,44.0,48.0,51.33,55.48,38.0,53.67,53.33,60.62,71.67,64.33,72.6,55.33,69.52,78.08
2021-03-16,16.3,21.01,21.39,28.4,31.85,37.53,48.07,29.17,29.27,36.77,39.55,50.75,60.67,25.14,48.83,52.33,60.77,70.18,72.18,66.53,71.86,78.15,54.36,69.3,80.46,84.22,88.69,89.97
2021-03-17,30.92,34.9,37.83,43.69,46.96,57.23,63.08,39.24,39.89,53.01,58.5,63.4,69.74,40.26,62.91,63.97,67.87,73.08,77.09,70.24,74.89,80.77,64.17,72.77,82.56,83.83,87.95,89.74
2021-03-18,18.05,23.65,22.62,29.84,32.73,38.0,51.41,30.51,29.53,36.24,39.19,48.83,65.47,24.86,46.12,49.29,57.11,72.63,68.8,65.66,69.21,82.86,54.34,68.37,86.7,81.74,93.86,96.93
2021-03-22,18.02,26.31,27.24,33.85,36.9,43.86,52.81,34.59,36.01,43.13,46.37,56.99,66.84,34.14,60.15,59.27,63.14,72.19,77.18,67.54,71.19,79.59,51.41,67.16,79.85,80.93,88.78,91.07
2021-03-23,24.15,30.51,31.93,38.81,40.28,46.63,54.29,40.11,38.75,45.07,47.22,55.29,64.38,36.14,56.87,55.4,59.94,69.14,71.49,64.51,67.15,75.24,45.68,60.74,77.14,76.6,85.9,90.67
2021-03-24,20.91,28.11,28.03,35.24,37.34,41.47,50.76,37.75,38.24,43.38,44.86,51.03,60.79,36.46,54.19,53.01,56.46,66.72,67.19,61.65,64.34,74.32,44.99,59.04,76.6,73.51,85.41,90.73
2021-03-25,24.09,26.0,25.05,30.98,35.65,40.27,45.34,34.61,32.12,41.3,43.16,45.66,55.1,30.21,45.12,46.24,51.06,61.17,62.72,57.8,58.57,72.02,45.66,55.49,75.49,68.4,85.68,92.41
2021-03-29,38.56,40.31,39.87,44.01,44.88,48.15,52.81,42.92,41.39,47.71,47.71,51.2,57.3,41.39,51.2,50.54,53.81,59.78,66.01,56.64,57.95,66.97,41.83,51.85,66.74,67.54,83.37,88.54
2021-03-30,32.62,34.76,34.93,38.88,40.53,42.67,48.13,38.39,38.88,44.32,44.98,49.26,54.59,37.73,49.75,46.95,52.39,58.67,63.76,55.52,56.84,64.12,41.02,51.57,64.12,66.72,81.29,87.24
2021-03-31,26.29,30.01,32.14,37.98,39.28,40.21,45.6,35.72,37.58,43.96,44.47,47.14,53.43,38.38,51.0,47.8,51.8,57.83,65.07,56.32,56.06,64.29,41.28,50.47,62.64,60.05,80.22,88.32
2021-04-01,24.88,26.98,27.95,34.41,35.17,37.76,42.31,31.18,32.79,40.06,41.17,44.25,50.33,32.63,47.66,44.57,49.59,56.52,63.65,53.16,55.59,62.71,37.76,50.73,62.71,65.32,81.27,87.46
2021-04-05,24.62,25.05,25.49,30.28,31.81,35.08,39.41,28.32,29.85,38.78,38.56,41.18,46.62,30.94,43.57,41.18,44.01,50.23,60.57,49.46,51.2,60.14,33.99,45.53,58.33,56.21,75.9,82.88
2021-04-06,25.85,27.64,29.43,33.5,34.31,36.59,41.51,33.17,33.82,41.46,40.33,42.11,47.06,33.33,45.85,42.93,45.37,50.76,58.37,49.92,52.2,59.66,34.8,46.02,58.15,55.61,73.61,80.84
2021-04-07,19.61,20.78,20.65,28.05,28.18,32.21,37.99,24.81,26.49,34.81,35.19,38.96,45.23,28.57,43.9,41.82,44.68,51.14,61.82,50.0,51.82,62.42,33.25,45.45,60.0,55.58,78.52,87.79
2021-04-08,13.5,13.34,14.29,19.47,21.35,25.12,32.9,18.21,20.57,29.67,30.93,34.22,42.63,22.61,37.36,39.72,42.7,48.78,52.75,48.04,50.86,60.62,37.83,47.72,61.75,56.2,78.12,87.84
2021-04-09,7.48,7.28,8.73,15.59,17.05,20.37,26.18,17.67,18.71,28.48,29.52,33.68,42.92,21.0,38.67,39.92,42.41,48.28,55.51,49.27,51.56,60.94,34.51,45.53,60.73,56.13,77.47,87.98
2021-04-12,9.5,11.36,11.98,18.6,20.45,25.21,30.64,17.98,20.87,29.75,31.61,34.71,42.77,23.76,39.05,39.46,43.39,49.79,57.23,47.31,48.35,58.51,36.16,45.25,58.51,57.85,75.96,85.96
2021-04-13,5.76,6.23,6.39,11.21,13.08,17.91,25.36,13.24,15.11,25.08,27.41,31.15,38.68,17.45,35.05,36.45,42.21,48.48,52.8,45.95,47.82,58.27,37.54,45.48,59.23,57.32,76.4,86.04
2021-04-14,7.87,10.99,10.86,17.35,18.1,22.78,29.81,23.35,21.72,30.71,33.08,36.42,43.74,20.35,37.33,38.45,43.8,49.42,54.56,46.69,48.81,58.97,36.2,46.43,60.13,59.32,78.06,86.06
2021-04-15,2.0,3.07,3.53,7.22,7.83,12.19,17.52,11.98,11.67,21.66,23.2,28.7,36.31,13.82,31.34,34.1,38.89,46.66,50.84,43.63,46.91,57.64,35.18,43.83,59.55,54.48,77.87,88.69
2021-04-16,4.29,4.9,4.69,7.96,7.76,10.06,16.53,12.86,10.61,18.78,18.78,23.2,32.2,9.39,22.24,24.29,30.39,41.53,43.88,36.94,41.07,50.0,28.16,37.17,52.75,44.56,68.22,85.59
2021-04-19,12.79,14.43,11.48,17.05,18.03,22.37,27.03,21.31,18.69,26.23,30.16,36.18,43.24,18.69,34.43,38.69,41.12,49.66,54.75,46.23,50.0,60.14,37.05,47.7,62.84,62.5,79.73,89.19
2021-04-20,28.81,24.5,24.17,29.14,28.15,30.46,37.07,19.54,18.54,25.83,30.79,36.75,44.22,20.2,37.09,40.07,44.04,51.02,57.28,48.34,51.99,62.24,39.74,52.65,64.29,66.89,79.93,85.03
2021-04-21,18.42,12.51,18.6,19.52,25.62,34.66,42.12,11.36,22.27,25.33,32.25,40.21,53.33,43.13,35.88,42.0,56.7,69.55,37.94,48.12,60.95,75.45,60.5,76.42,88.94,88.53,94.09,95.15
2021-04-22,33.14,28.38,32.38,35.05,40.31,45.11,55.94,24.19,38.67,39.43,44.34,51.06,60.69,54.1,46.67,52.59,59.88,69.76,43.05,52.59,63.72,78.19,64.49,77.35,89.42,86.56,93.95,96.33
2021-04-23,25.85,22.01,24.79,25.43,32.54,39.66,45.1,19.02,27.78,31.62,39.22,44.18,53.92,44.87,39.53,45.47,53.45,65.44,34.62,47.2,57.54,71.81,60.78,71.98,86.03,83.62,90.69,94.85
2021-04-26,24.89,22.94,28.35,29.0,32.03,37.45,45.76,23.81,31.17,31.6,36.58,43.72,54.02,43.07,37.23,43.29,53.68,61.83,34.42,42.86,56.49,71.21,51.95,72.29,88.39,87.88,93.53,94.87
2021-04-27,21.44,17.51,26.02,26.02,30.11,35.68,43.58,20.62,31.26,30.11,36.17,42.88,53.04,47.3,37.15,44.03,53.52,62.33,31.26,42.72,55.81,70.78,56.46,72.01,88.34,85.27,92.91,94.93
2021-04-28,19.55,15.46,23.78,24.57,29.14,35.76,43.58,18.49,29.33,29.72,36.16,43.58,53.14,43.06,37.12,44.77,54.17,63.39,34.61,46.09,57.75,74.73,60.0,75.63,89.75,86.09,93.44,95.63
2021-04-29,19.61,14.63,23.63,24.28,28.39,35.16,42.43,17.52,28.78,28.3,35.16,42.58,52.08,43.25,36.5,43.71,53.06,62.9,32.64,42.58,55.97,73.21,55.0,71.13,88.85,85.48,93.51,96.34
2021-04-30,31.33,28.11,31.33,32.62,37.28,42.24,50.67,26.18,36.48,36.05,40.95,47.63,56.22,47.21,42.27,47.41,54.96,67.56,36.91,48.92,59.7,79.33,61.64,76.72,90.44,87.5,94.67,96.89
2021-05-03,27.92,22.94,27.06,26.84,31.39,37.45,46.09,18.4,27.27,29.22,33.77,41.77,50.56,42.86,37.66,42.42,50.22,61.74,34.63,45.24,56.06,70.02,52.16,66.88,85.46,83.98,91.72,94.63
2021-05-04,34.89,34.41,36.03,37.0,40.39,46.69,52.59,29.4,37.64,37.96,42.0,48.63,55.76,47.01,43.3,47.66,54.44,66.61,39.1,48.95,59.45,74.12,58.0,73.34,88.15,85.46,93.32,94.82
2021-05-05,33.81,29.16,34.32,33.81,37.03,42.71,50.4,22.58,32.9,33.68,39.61,44.77,53.07,47.23,41.42,46.32,52.52,62.8,35.87,46.45,56.9,69.33,56.39,69.42,85.47,83.61,91.47,92.67
2021-05-06,26.52,23.4,29.33,29.95,33.85,39.16,47.5,21.22,31.36,33.23,39.47,43.99,52.66,45.87,41.34,46.65,52.11,62.64,38.22,48.52,57.57,70.69,58.35,68.8,86.31,82.68,91.79,93.72
2021-05-07,14.88,10.95,13.02,15.7,18.8,25.21,35.61,9.3,16.94,19.21,26.45,33.47,43.71,36.16,32.44,40.5,46.9,56.72,27.07,39.46,52.48,65.88,51.86,65.29,84.01,82.64,91.04,93.39
2021-05-10,33.47,27.93,31.62,33.68,34.91,40.86,47.57,22.79,31.21,32.85,37.37,44.76,51.8,48.67,42.92,45.38,50.51,61.73,36.76,45.38,55.24,69.77,53.8,69.4,86.68,82.55,93.45,94.93
2021-05-11,46.44,43.96,49.07,47.06,48.92,53.87,60.13,40.4,48.61,46.13,48.92,53.41,63.48,56.35,51.24,52.79,60.22,71.61,41.95,53.87,63.31,75.92,65.94,79.57,89.79,84.83,94.74,96.01
2021-05-12,75.56,75.81,76.3,76.18,77.42,78.23,80.0,74.57,76.92,74.69,75.68,79.35,83.46,76.43,72.95,76.67,78.86,86.15,65.63,74.94,82.21,89.49,84.99,89.3,92.82,93.03,96.03,96.41
2021-05-13,57.4,58.47,62.9,62.44,62.44,64.88,68.67,59.85,64.12,61.53,63.36,66.1,72.94,67.18,63.66,64.73,68.56,78.64,57.86,64.12,70.86,83.86,73.28,81.13,89.87,83.13,94.15,96.52
2021-05-14,24.75,24.95,30.63,32.45,36.11,41.02,48.0,24.54,36.31,38.54,41.18,46.73,54.11,50.71,48.48,47.67,55.1,65.05,45.64,51.12,60.41,70.95,55.17,73.27,86.32,84.29,92.0,93.68
2021-05-17,35.83,35.83,40.39,41.69,46.25,50.33,56.38,33.88,48.21,46.25,47.56,53.27,59.4,61.24,53.42,53.75,58.5,66.44,47.56,53.09,60.46,70.81,59.28,71.9,83.56,83.33,88.59,89.6
2021-05-18,61.18,49.01,50.66,52.3,52.63,56.58,60.14,29.28,40.46,41.78,45.07,50.0,57.77,52.63,50.66,52.3,57.57,66.55,51.64,55.59,62.17,73.99,61.51,75.66,84.8,85.2,90.88,91.55
2021-05-19,52.08,53.58,52.89,60.02,66.5,70.6,64.86,54.16,51.71,61.47,67.37,73.17,66.52,49.35,63.29,70.61,77.02,68.17,71.01,81.07,87.93,71.49,87.42,91.66,68.93,95.51,52.94,4.37
2021-05-20,38.45,47.73,48.48,53.6,56.87,61.45,58.8,58.52,53.6,57.58,61.26,64.12,63.3,51.14,57.58,62.21,69.27,64.16,65.34,75.0,81.3,68.45,80.53,87.98,66.74,90.08,58.58,12.23
2021-05-21,42.04,49.04,48.83,51.17,55.46,59.53,57.42,56.9,51.38,52.65,59.1,61.67,59.85,46.92,50.74,59.31,64.45,58.88,54.56,64.88,75.59,63.02,77.73,86.51,64.96,89.72,56.93,10.71
2021-05-24,33.98,40.65,40.22,42.37,47.31,52.69,48.56,51.18,44.95,47.53,52.47,57.63,54.1,40.86,46.45,53.55,61.08,55.65,52.9,61.51,71.83,56.98,71.61,84.95,55.65,89.46,45.01,4.43
2021-05-25,26.02,35.93,37.56,39.19,44.07,49.59,46.48,50.41,45.2,47.48,53.01,57.07,55.2,41.46,47.48,53.82,59.67,55.54,53.82,62.11,68.94,58.56,74.96,82.11,58.22,84.72,47.82,9.56
2021-05-26,19.03,27.82,28.87,31.1,37.63,42.5,38.67,39.37,37.14,39.9,46.18,52.11,47.08,30.58,38.19,47.89,55.92,48.17,46.85,58.95,66.71,55.77,69.08,81.84,55.09,87.5,44.23,5.56
2021-05-27,15.02,18.05,19.01,21.25,27.72,33.33,29.42,29.23,26.2,29.07,36.54,43.27,37.19,21.09,30.19,39.58,48.56,38.84,38.66,50.64,58.01,46.12,62.02,72.92,50.08,81.89,38.02,4.13
2021-05-28,31.13,30.7,29.0,29.0,34.05,38.12,36.64,33.05,31.56,30.06,37.69,44.11,38.63,21.75,27.93,37.26,46.9,38.85,32.2,45.4,55.46,45.47,62.53,72.16,52.76,81.58,41.72,7.51
2021-06-01,28.94,36.33,34.89,35.85,40.68,44.69,39.04,45.02,39.87,42.12,45.5,49.2,43.52,35.21,36.98,45.02,49.52,43.36,41.32,53.54,57.72,45.02,62.7,66.56,47.01,75.4,33.55,5.48
2021-06-02,18.36,22.59,22.34,24.9,29.78,35.04,33.02,33.38,30.55,32.48,39.54,43.26,38.99,25.55,32.09,41.08,46.6,41.91,39.67,51.48,56.48,45.62,60.33,65.47,49.87,75.35,39.52,8.62
2021-06-03,20.93,25.43,27.29,28.68,33.8,37.36,36.16,35.35,34.73,34.88,41.55,45.12,42.24,31.94,35.66,43.57,48.37,44.16,40.93,52.09,56.59,46.88,60.47,65.12,51.36,74.26,41.12,11.52
2021-06-04,16.02,18.28,18.07,18.48,22.59,28.95,24.15,25.46,24.85,25.87,33.26,39.63,34.53,22.38,27.72,36.76,43.74,37.5,31.83,43.74,52.36,40.47,55.65,62.01,44.49,74.54,32.84,5.72
2021-06-07,12.86,16.12,15.31,18.78,22.86,30.0,25.42,25.51,24.08,27.55,32.45,38.78,32.98,21.22,28.16,37.14,43.88,37.39,36.12,44.08,49.39,41.39,53.27,59.18,43.28,69.8,36.34,6.3
2021-06-08,15.54,21.23,21.69,23.38,29.23,33.69,31.06,32.92,30.77,31.54,38.0,42.46,37.4,29.23,32.77,42.62,47.23,40.57,36.46,47.69,52.46,42.0,60.92,62.92,44.22,67.69,32.17,5.23
2021-06-09,23.8,26.39,26.63,28.73,34.65,37.58,34.39,30.58,30.95,32.8,40.2,43.63,38.73,32.55,36.37,45.01,48.58,42.68,39.46,53.02,55.62,43.69,67.82,67.24,44.59,65.51,28.79,4.2
2021-06-10,10.47,13.81,13.81,17.91,21.7,26.83,22.33,25.8,25.64,29.29,34.14,40.4,32.7,26.1,32.78,41.43,45.12,36.64,37.18,47.04,50.0,39.94,54.93,58.54,38.84,63.87,26.42,3.3
2021-06-11,15.93,13.1,11.49,14.31,18.55,23.73,18.41,14.31,14.11,19.56,26.41,32.25,25.31,15.52,21.77,35.69,42.6,31.38,35.28,45.97,49.49,38.7,58.27,59.84,38.49,65.11,23.85,1.88
2021-06-14,17.8,16.18,15.86,17.15,23.62,26.95,21.33,22.01,22.01,24.27,34.95,39.61,29.0,23.62,28.8,41.1,45.78,32.67,35.28,49.19,52.27,37.0,62.78,63.31,34.0,65.26,17.67,0.33
2021-06-15,22.88,24.18,26.8,28.76,31.05,35.29,27.85,30.39,27.45,33.01,41.18,45.1,36.91,28.76,36.93,45.42,50.65,40.6,45.1,55.23,58.82,42.62,67.65,69.93,38.59,72.88,20.81,0.34
2021-06-16,24.11,26.07,28.1,33.52,40.72,32.7,36.52,23.75,31.05,37.93,47.7,34.38,38.79,38.26,59.96,66.87,37.32,42.57,70.69,76.65,40.04,42.82,79.24,16.56,27.71,0.21,4.03,47.86
2021-06-17,25.85,27.09,29.15,34.99,41.43,33.26,37.19,25.49,31.37,38.43,47.61,34.73,39.2,36.53,60.42,65.74,36.82,42.96,74.76,75.9,40.59,44.22,77.29,15.69,28.64,0.42,7.04,51.76
2021-06-18,46.44,42.17,45.49,55.73,62.62,51.15,56.64,37.72,43.83,58.78,66.4,46.56,52.63,51.38,71.18,73.56,50.73,54.89,78.05,79.72,44.26,52.13,80.91,21.71,35.34,0.84,15.79,71.93
2021-06-21,29.84,29.31,32.72,37.9,43.85,34.79,39.0,26.11,32.72,39.24,49.01,35.42,39.75,38.42,60.76,65.87,37.92,44.5,72.38,74.6,41.25,45.5,77.58,17.29,29.25,0.62,10.5,58.25
2021-06-22,16.55,14.88,18.0,23.2,31.87,24.57,28.36,17.52,22.14,33.33,38.39,30.08,33.58,28.57,46.84,57.97,33.7,38.06,65.93,69.5,38.9,41.98,74.36,17.64,28.73,0.94,8.96,49.81
2021-06-23,15.79,14.53,17.66,22.25,30.09,21.98,25.34,17.85,21.17,31.58,37.85,28.59,32.19,26.9,38.52,52.28,32.02,35.17,57.18,64.73,34.56,37.56,73.37,17.92,27.12,1.14,6.56,43.22
2021-06-24,21.99,19.74,21.05,24.25,32.2,22.16,23.4,21.43,22.93,33.46,40.53,27.65,30.0,25.56,40.79,46.4,29.36,33.62,55.08,60.42,29.55,34.89,63.26,16.29,23.62,0.76,6.6,43.4
2021-06-25,13.92,10.34,10.97,18.78,23.4,16.81,16.43,16.67,14.56,25.74,36.17,23.83,24.64,14.56,35.23,44.26,27.45,30.92,53.38,61.49,32.55,35.27,67.87,19.79,24.4,1.49,5.8,38.41
2021-06-28,20.73,15.6,16.45,21.15,27.56,19.66,20.26,18.38,16.24,25.21,34.83,22.86,24.67,16.24,31.84,42.52,26.92,28.63,45.51,57.69,30.34,32.38,65.38,19.87,23.13,2.56,6.83,34.58
2021-06-29,22.13,20.52,21.81,26.82,32.96,24.23,24.5,25.2,23.75,31.5,38.77,28.27,30.33,21.81,35.54,45.4,30.05,32.33,50.89,58.8,33.44,34.0,64.46,21.65,24.33,3.39,7.67,33.67
2021-06-30,20.47,15.91,17.21,21.12,27.58,20.26,22.24,18.25,18.25,24.77,32.94,23.14,26.55,19.56,31.94,40.65,27.45,30.19,43.16,54.9,30.59,34.1,62.75,21.7,28.03,3.66,10.38,42.72
2021-07-01,10.95,9.37,9.84,14.92,21.18,15.45,17.9,16.98,16.83,22.06,29.78,20.54,23.32,17.78,29.52,38.38,24.36,28.41,40.32,51.43,28.66,33.5,60.35,19.9,26.11,3.82,10.67,42.86
2021-07-02,12.92,10.38,11.23,16.1,21.91,16.17,18.86,16.95,17.37,22.03,29.79,20.43,22.59,19.07,30.72,38.51,24.68,28.51,40.47,50.64,28.09,33.55,58.72,19.79,25.22,3.62,10.31,41.01
2021-07-06,24.0,20.96,21.28,23.68,28.8,22.24,24.13,21.92,24.48,28.96,34.4,26.4,28.1,26.24,34.4,41.76,28.8,31.9,45.12,52.96,29.6,33.55,57.28,19.84,27.11,2.88,10.74,42.64
2021-07-07,23.37,21.2,20.95,25.8,30.65,23.63,24.8,21.97,24.9,31.16,37.55,27.71,28.63,26.95,37.29,45.08,29.89,32.85,47.89,54.79,32.31,34.17,59.77,20.82,25.46,2.94,7.78,35.88
2021-07-08,43.91,40.99,41.14,44.07,48.07,40.37,41.18,35.29,39.14,45.3,48.54,39.6,40.7,44.84,50.08,53.93,41.29,42.61,57.94,62.25,38.83,41.34,67.18,25.42,30.05,3.7,11.13,39.59
2021-07-09,18.98,19.18,18.37,20.2,25.71,20.61,22.53,21.22,21.84,27.76,34.69,25.71,26.74,21.43,33.88,40.82,27.14,30.11,46.53,52.45,30.41,33.68,52.65,20.82,27.58,4.08,12.42,44.0
2021-07-12,9.94,12.78,12.17,18.26,23.94,18.46,21.71,18.86,20.69,29.01,35.29,28.6,30.69,20.28,35.29,44.22,32.25,35.91,50.1,56.59,37.32,39.87,61.87,27.79,32.78,6.49,14.82,45.72
2021-07-13,16.51,17.74,16.67,21.87,28.29,23.24,25.83,21.87,22.17,29.82,36.24,29.66,31.81,22.32,35.47,43.88,33.64,36.22,48.32,55.05,38.38,40.31,61.01,30.43,33.39,7.19,16.54,40.16
2021-07-14,9.93,9.56,9.19,12.75,17.4,13.76,16.2,14.34,13.73,22.43,29.66,23.34,25.7,14.46,29.41,39.46,27.76,30.38,46.45,51.96,33.66,36.96,55.51,25.43,30.25,5.65,13.92,43.29
2021-07-15,18.25,18.25,16.14,20.51,25.79,20.76,21.72,20.81,20.51,28.21,33.94,27.27,28.28,20.66,33.94,42.53,31.21,30.63,45.1,52.19,34.55,33.91,59.73,27.58,28.28,5.76,9.84,29.37
2021-07-16,30.66,32.87,33.07,35.87,39.08,34.07,37.01,38.08,35.07,39.08,42.89,37.5,39.92,33.87,40.28,46.29,37.1,42.2,48.1,55.91,37.7,41.37,64.33,30.04,37.21,5.85,19.75,57.59
2021-07-19,70.42,71.06,72.99,72.67,75.56,70.97,71.19,70.74,75.56,75.24,76.53,67.74,69.87,75.24,74.92,77.17,61.94,64.24,73.95,81.35,57.42,58.94,85.21,50.65,51.66,13.87,28.81,54.64
2021-07-20,50.65,48.7,47.08,50.97,55.52,50.65,52.0,44.16,43.18,47.4,51.3,45.45,47.67,41.56,48.38,55.84,47.73,48.0,61.04,67.21,48.38,49.33,80.19,40.26,42.67,8.12,20.33,44.0
2021-07-21,27.48,29.42,33.8,40.29,34.28,35.7,38.28,31.58,39.74,46.01,36.73,38.61,41.39,49.3,64.48,37.96,40.13,44.21,75.09,37.1,38.1,40.8,6.02,14.18,23.89,37.85,44.96,48.37
2021-07-22,45.79,47.29,50.28,55.7,45.76,43.69,45.03,50.28,51.78,58.5,46.14,44.82,46.51,57.94,64.67,43.69,43.88,46.51,75.33,35.22,37.66,41.01,5.27,13.94,22.41,36.72,43.55,46.51
2021-07-23,45.49,45.07,49.48,54.3,44.4,42.92,42.69,46.12,51.15,56.6,44.61,42.92,43.65,59.12,63.52,43.55,42.92,44.12,68.55,31.71,31.92,35.01,5.29,12.68,17.27,33.83,39.09,39.81
2021-07-26,38.22,39.7,43.52,47.77,40.98,40.34,41.36,41.19,46.92,52.87,42.46,40.76,42.23,57.11,61.57,41.4,39.07,41.79,68.37,31.85,33.12,35.67,6.37,13.16,20.57,34.39,40.48,42.89
2021-07-27,41.73,46.39,46.87,52.01,43.98,44.94,45.7,47.99,53.29,56.66,46.71,47.51,47.85,60.83,64.37,44.14,44.62,44.87,69.5,33.07,36.44,37.42,6.58,17.66,21.52,43.98,43.38,38.08
2021-07-28,34.33,36.92,42.75,46.89,40.91,40.0,41.37,42.36,47.93,53.24,44.03,44.03,46.05,58.55,63.08,43.77,42.6,44.98,69.17,33.38,35.58,38.29,7.53,17.4,23.03,39.35,45.52,47.26
2021-07-29,28.23,31.07,37.85,42.43,37.66,37.34,38.17,38.8,44.95,50.95,42.56,41.93,42.9,54.42,60.09,43.51,42.09,43.56,68.93,35.28,36.39,37.85,8.54,17.41,22.19,37.97,40.29,38.83
2021-07-30,31.79,35.37,40.0,45.26,40.59,39.96,41.18,41.47,46.32,53.26,45.45,47.15,47.93,57.47,65.05,47.15,47.57,47.71,72.84,38.27,40.8,42.48,9.3,20.08,25.71,46.09,45.75,41.61
2021-08-02,40.51,45.84,49.89,55.65,48.4,48.4,50.0,48.4,53.73,59.7,49.04,49.68,50.22,59.91,67.38,49.04,47.33,48.24,76.97,41.58,41.79,44.71,11.09,21.75,29.52,44.56,47.14,47.36
2021-08-03,25.44,28.93,35.61,42.93,36.09,36.09,38.42,37.68,44.99,50.87,43.08,42.13,44.5,54.85,61.53,44.67,44.2,45.48,71.38,37.36,38.79,41.71,10.02,18.92,27.26,40.06,44.17,46.8
2021-08-04,28.3,30.71,36.29,42.39,37.31,37.44,39.71,35.53,42.77,48.6,42.89,42.39,44.17,52.92,58.88,45.18,44.42,45.74,69.42,38.71,39.59,42.86,11.42,21.83,29.62,39.72,46.92,52.56
2021-08-05,25.27,28.64,32.77,38.59,33.84,34.61,36.97,34.46,37.98,46.55,40.58,39.51,42.18,44.72,54.06,41.35,41.35,44.39,69.37,38.59,40.12,43.13,10.26,21.59,29.38,40.74,46.76,51.66
2021-08-06,21.7,24.34,26.98,32.86,26.77,28.8,30.54,31.03,33.27,41.78,33.67,33.06,36.61,37.93,47.06,34.48,36.92,38.91,55.98,32.05,36.31,38.28,8.92,20.28,27.2,41.58,43.31,42.68
2021-08-09,17.94,24.4,26.01,31.45,28.02,30.85,31.54,35.48,35.48,40.12,33.87,34.27,36.72,38.71,46.37,33.87,35.89,38.8,53.83,32.26,34.88,38.38,11.09,23.99,28.63,40.52,43.36,44.61
2021-08-10,15.5,18.39,21.43,25.68,23.1,24.77,27.07,26.75,31.16,35.41,30.7,31.46,33.65,38.6,44.38,33.59,35.11,38.03,49.39,29.48,33.43,36.15,12.16,24.62,28.95,40.12,42.57,40.22
2021-08-11,17.66,16.57,18.64,23.14,18.64,20.27,22.14,16.93,25.94,31.79,24.12,27.23,29.06,39.59,43.61,29.72,33.09,33.33,47.02,23.75,28.82,29.69,5.48,18.93,22.01,39.44,39.62,33.58
2021-08-12,13.94,15.59,16.19,20.39,14.84,16.27,16.93,21.44,26.39,30.13,22.19,23.8,24.53,32.98,37.33,22.34,25.3,24.22,40.78,19.64,22.74,22.52,4.05,11.75,14.29,29.37,27.8,26.09
2021-08-13,4.78,8.76,10.76,14.74,10.76,12.63,12.6,24.1,28.88,33.07,23.51,25.45,25.0,37.85,38.84,24.3,26.65,25.41,40.84,19.52,23.05,22.52,4.18,12.42,14.46,29.86,27.48,24.79
2021-08-16,7.99,10.86,14.06,16.93,14.06,16.35,15.79,25.24,31.95,37.38,27.16,28.85,27.63,42.49,44.41,30.99,32.37,29.61,46.65,23.64,25.32,25.33,6.39,13.46,16.45,30.13,31.25,28.29
2021-08-17,21.94,19.68,28.06,31.61,26.13,26.45,26.16,21.61,32.9,40.32,35.48,35.48,35.43,49.35,52.9,42.9,40.65,41.06,60.0,36.13,36.45,34.77,11.29,21.29,21.85,36.45,33.44,26.49
2021-08-18,41.82,48.41,53.66,47.62,48.71,47.54,51.7,54.89,60.39,46.44,47.49,46.15,51.26,67.36,39.07,40.51,40.35,47.71,9.5,23.75,24.34,36.04,41.37,38.71,51.26,30.9,48.6,69.13
2021-08-19,64.31,69.52,71.75,62.45,60.49,58.24,60.29,69.14,72.3,58.55,56.93,52.25,55.67,79.93,47.77,47.75,44.38,49.37,9.85,25.28,24.72,34.24,43.45,37.83,48.53,24.16,44.54,66.18
2021-08-20,31.25,40.21,48.12,40.0,40.13,37.39,40.0,55.0,60.21,45.21,44.54,41.18,44.52,66.46,38.33,39.08,34.66,41.19,7.92,19.54,20.17,28.81,35.5,28.57,41.19,18.91,41.43,69.52
2021-08-23,27.64,33.33,39.24,33.33,33.33,30.59,35.22,41.77,49.16,37.34,38.19,34.81,38.04,60.76,32.28,32.91,29.96,35.87,7.81,16.46,17.72,26.74,36.71,29.32,40.65,18.57,40.65,70.87
2021-08-24,24.56,30.62,38.28,31.26,32.85,30.78,35.86,40.83,48.64,36.68,38.12,35.57,40.13,61.4,31.9,32.38,32.22,38.98,7.18,15.63,19.94,30.92,35.25,33.17,46.88,27.75,51.15,78.78
2021-08-25,17.63,26.77,33.59,26.64,27.48,26.58,31.78,36.42,44.66,34.36,34.97,33.55,37.63,57.92,28.96,30.84,29.94,37.1,6.95,14.32,18.58,29.12,37.55,33.68,45.08,26.71,47.87,75.66
2021-08-26,29.78,39.03,43.73,37.3,37.74,36.64,39.71,50.31,54.55,41.69,42.3,39.31,44.89,60.97,33.39,34.59,34.28,40.03,8.78,16.67,21.07,32.58,37.89,36.48,47.16,31.13,50.24,72.45
2021-08-27,14.02,25.1,31.8,26.57,27.1,26.47,30.74,42.68,46.86,36.61,36.13,34.87,39.61,57.11,30.54,29.41,30.46,37.45,7.74,14.08,18.49,30.09,32.98,33.82,45.24,29.62,50.22,73.81
2021-08-30,13.56,19.92,27.33,20.34,21.61,22.25,27.35,36.65,42.8,27.97,30.93,31.36,35.67,50.42,24.36,29.24,29.87,37.64,6.36,15.25,19.92,31.07,43.43,38.35,49.02,29.87,50.98,74.18
2021-08-31,12.64,19.12,26.07,19.27,21.8,21.17,25.61,35.55,41.86,28.59,31.12,31.44,36.05,51.03,25.75,28.12,29.07,36.87,7.11,14.69,19.43,30.18,39.49,36.18,46.82,29.23,49.76,75.04
2021-09-01,10.97,15.64,21.56,15.64,18.03,17.91,22.01,30.77,39.22,23.96,26.36,26.86,32.55,48.3,20.05,24.21,25.35,32.55,5.17,11.35,15.64,24.09,40.35,34.55,45.31,26.61,45.57,67.71
2021-09-02,8.83,12.94,19.48,14.61,16.74,17.81,20.25,29.22,37.44,24.05,26.48,26.33,32.18,49.01,22.07,25.11,26.18,32.65,6.24,12.63,16.13,23.55,39.73,33.64,43.17,24.96,43.33,65.46
2021-09-03,17.34,19.96,26.01,18.35,19.15,19.76,23.7,28.23,37.7,23.59,26.21,26.01,32.22,52.22,23.99,26.41,25.81,35.14,6.45,11.69,15.12,24.12,37.9,29.23,43.87,21.17,45.53,74.84
2021-09-07,27.84,30.71,36.31,29.35,31.16,31.77,35.2,37.07,44.18,31.77,32.98,32.22,37.23,55.37,28.44,31.77,32.83,38.79,5.6,14.98,20.88,28.35,36.46,35.1,44.86,31.47,48.91,68.22
2021-09-08,24.73,27.39,34.06,28.0,30.06,30.74,33.54,32.12,42.3,31.27,34.42,33.17,37.17,55.27,32.12,35.88,35.48,40.18,7.15,21.45,24.06,30.29,42.06,37.91,44.31,29.53,44.06,61.95
2021-09-09,34.58,36.81,41.13,34.43,35.77,34.88,38.58,41.73,46.2,36.21,37.26,36.98,42.28,53.06,32.19,35.62,34.58,42.28,9.09,21.46,24.1,33.49,39.2,35.78,46.6,29.64,50.77,72.38
2021-09-10,50.5,54.85,57.82,49.31,48.12,46.61,50.1,57.82,57.62,46.34,44.55,43.82,47.02,58.02,38.81,40.79,39.64,44.15,12.08,23.37,25.5,33.06,39.21,36.65,43.53,30.48,46.0,63.45
2021-09-13,38.1,39.68,41.9,37.78,39.68,37.9,42.48,46.67,50.48,38.1,39.68,39.49,42.81,52.7,31.75,37.14,36.31,41.83,11.43,26.03,26.75,36.27,41.9,37.26,45.75,30.89,50.65,70.26
2021-09-14,42.63,42.63,43.27,40.71,43.27,43.59,45.39,44.87,48.72,39.1,41.35,41.35,44.74,50.0,33.97,40.71,38.78,43.75,16.99,30.77,32.37,38.82,45.83,40.71,47.37,33.65,49.67,67.11
2021-09-15,26.58,30.11,25.32,28.11,29.27,34.02,39.51,35.04,24.77,30.19,30.84,35.88,41.48,12.02,24.15,26.72,34.23,43.95,48.3,44.01,49.48,56.05,30.45,52.78,61.48,70.1,77.04,77.53
2021-09-16,26.54,29.53,22.55,25.42,26.67,32.51,37.68,32.51,20.18,25.8,27.65,33.33,39.66,7.09,20.72,23.73,30.66,39.66,47.08,41.57,46.5,54.93,28.04,51.23,60.59,68.52,76.85,78.82
2021-09-17,44.39,45.61,39.38,41.73,41.1,47.43,54.55,46.67,35.39,36.28,35.42,41.07,51.11,15.25,27.26,29.16,37.78,50.12,52.82,46.58,52.57,60.69,28.77,52.36,67.81,71.87,82.06,84.03
2021-09-20,80.74,75.83,67.03,73.36,71.29,70.9,73.77,68.83,51.45,64.35,61.72,63.52,70.59,30.8,54.41,51.95,54.92,64.71,68.11,62.5,64.75,73.53,42.58,58.61,74.26,69.67,84.8,87.99
2021-09-21,63.7,64.25,57.24,64.6,62.84,63.62,66.18,61.64,50.35,58.82,57.16,61.46,64.72,36.99,52.75,50.75,56.04,59.23,63.73,60.0,62.85,66.18,41.64,59.6,66.54,74.77,75.14,70.38
2021-09-22,48.54,53.38,45.91,48.71,49.21,52.18,58.1,55.29,42.81,44.0,44.24,49.19,56.5,23.71,34.12,36.0,44.07,52.26,51.29,49.33,53.56,60.29,38.18,52.68,65.11,61.67,75.33,80.58
2021-09-23,32.47,42.44,35.98,36.9,36.43,39.78,42.29,56.09,41.7,41.51,40.52,42.57,47.71,18.08,30.26,31.04,36.25,44.79,42.62,37.73,42.38,50.83,31.6,44.42,56.88,52.42,67.92,77.29
2021-09-24,22.77,30.23,22.98,23.4,24.84,29.23,34.75,45.55,28.16,32.71,32.36,37.37,40.43,10.14,22.77,24.43,29.65,39.48,38.51,33.61,41.13,50.12,29.02,43.01,55.32,55.95,66.43,74.47
2021-09-27,37.74,40.67,33.54,34.17,33.12,34.59,38.66,44.03,32.29,32.7,30.19,35.22,38.66,12.79,20.75,23.06,29.14,35.85,32.08,29.35,37.53,45.57,26.21,42.35,52.7,58.07,67.17,73.43
2021-09-28,61.81,65.13,57.69,55.47,54.36,56.42,58.82,63.55,49.76,49.92,49.76,51.98,56.05,29.64,38.03,39.3,44.37,50.82,45.64,44.69,50.87,57.35,39.46,49.92,57.52,62.28,71.73,75.65
2021-09-29,65.86,68.03,62.15,59.97,57.56,58.33,62.35,68.67,55.24,52.81,53.21,53.97,58.12,33.5,39.77,42.31,46.67,54.03,47.83,48.08,52.69,58.39,43.97,51.54,59.18,59.1,71.47,79.26
2021-09-30,64.49,67.13,59.35,56.23,55.0,56.09,59.74,65.89,50.47,50.16,49.84,52.19,55.88,29.44,36.92,39.38,43.28,49.76,45.95,45.0,50.0,57.17,40.78,49.53,58.45,58.28,70.53,77.13
2021-10-01,52.39,57.38,49.9,50.52,48.64,50.52,53.12,59.04,45.95,46.57,46.97,48.02,51.18,28.07,35.76,36.74,40.29,47.1,45.11,41.75,46.35,55.27,37.79,46.56,55.7,53.03,69.03,80.0
2021-10-04,60.84,61.68,55.58,56.21,53.47,54.11,57.17,60.84,47.58,47.79,48.42,49.68,54.13,26.53,36.84,38.32,42.53,46.52,47.37,47.16,50.74,57.83,42.95,51.79,59.13,58.53,70.43,75.0
2021-10-05,53.53,57.3,49.92,50.24,48.04,49.29,52.67,59.18,45.68,45.21,44.27,44.9,48.95,23.55,32.5,34.69,37.99,44.25,43.96,38.62,43.17,50.41,34.85,43.01,54.46,50.71,64.02,75.04
2021-10-06,48.37,52.76,44.24,44.24,43.61,45.61,48.77,54.64,40.73,42.23,41.6,43.11,46.18,19.8,29.2,30.58,36.59,41.91,40.6,37.22,42.98,48.77,35.21,45.49,53.82,53.01,62.35,67.66
2021-10-07,27.08,38.43,32.22,31.47,31.62,34.19,38.07,51.29,35.1,34.95,35.25,37.37,42.9,13.77,23.75,25.11,31.32,39.63,36.61,36.01,40.54,47.43,33.74,42.66,53.82,49.77,62.25,74.41
2021-10-08,29.66,33.67,24.45,25.85,24.85,28.26,34.09,39.28,22.44,25.45,25.45,29.66,35.54,8.22,16.83,18.24,24.65,34.5,35.27,31.06,37.47,44.42,25.25,38.48,48.97,45.69,61.36,75.41
2021-10-11,40.32,43.11,38.52,37.92,36.13,38.12,41.68,46.31,33.13,34.53,33.33,36.53,41.89,16.37,25.75,25.95,32.14,39.01,37.13,33.13,39.52,46.2,24.95,39.52,48.46,51.7,59.75,69.61
2021-10-12,40.9,41.95,35.04,36.69,35.79,36.39,39.63,46.62,31.43,32.93,32.33,34.89,38.85,11.73,22.41,23.01,30.23,36.22,37.74,33.83,39.4,44.27,24.51,37.59,45.51,49.32,56.97,66.25
2021-10-13,33.86,36.99,29.52,30.84,29.16,32.13,35.82,43.25,27.47,30.0,28.55,31.52,36.44,8.8,20.48,20.0,27.29,34.58,37.83,30.0,36.59,43.41,20.48,34.3,44.9,47.83,59.08,72.14
2021-10-14,16.3,19.11,10.96,12.44,11.7,14.29,17.79,27.7,12.15,17.04,15.85,20.98,24.85,4.0,10.67,11.11,17.56,23.16,34.52,26.07,31.7,38.96,17.48,28.87,38.65,41.52,51.84,63.5
2021-10-15,5.51,6.69,5.51,6.69,5.71,7.92,11.43,17.52,10.43,14.17,14.37,18.22,23.27,5.51,11.81,12.6,19.41,24.69,32.48,25.59,29.5,38.16,18.5,28.12,38.37,39.21,50.82,65.92
2021-10-18,9.78,8.83,3.79,4.1,4.42,6.65,9.74,16.09,8.52,11.67,11.99,15.19,17.53,3.79,7.89,8.83,13.29,19.48,25.24,25.87,30.38,36.36,22.71,31.65,38.31,43.35,51.3,57.14
2021-10-19,2.23,2.87,1.59,1.91,2.23,2.55,4.58,13.38,6.69,11.78,11.78,13.69,16.01,4.46,11.46,11.15,15.29,19.93,34.08,28.03,30.89,36.27,15.92,26.75,33.33,40.45,46.73,55.88
2021-10-20,19.08,8.31,12.5,10.2,14.25,16.54,19.48,3.37,8.49,7.03,12.08,17.04,24.13,25.8,16.41,24.15,28.61,35.03,9.61,21.62,30.6,38.52,37.8,49.25,55.67,51.0,58.28,57.99
2021-10-21,15.23,5.87,6.79,7.34,8.5,14.05,15.53,2.2,7.52,6.06,9.8,15.71,20.5,20.73,13.21,21.63,27.54,33.54,10.09,20.89,29.76,37.68,35.3,46.03,51.76,52.31,56.52,53.21
2021-10-22,15.43,7.82,10.08,10.29,13.28,16.39,17.37,6.38,12.55,10.7,15.56,20.12,26.53,29.01,20.99,27.18,31.33,38.26,12.76,24.48,32.37,41.55,38.8,46.68,54.46,49.38,59.39,59.39
2021-10-25,17.29,7.71,8.33,7.92,10.62,15.0,17.17,5.0,8.96,8.75,12.92,16.87,20.82,19.58,18.13,22.08,28.12,32.83,14.38,21.88,31.67,36.05,32.71,45.21,48.71,55.42,54.51,51.29
2021-10-26,23.46,12.44,14.17,11.81,14.96,19.53,21.92,9.13,11.97,12.13,16.22,21.42,26.14,20.63,19.37,23.78,30.71,34.9,15.28,26.14,34.33,39.29,39.84,47.56,53.41,55.59,56.66,55.52
2021-10-27,23.0,13.34,17.79,15.37,18.85,23.57,25.98,13.98,17.28,17.41,20.64,25.99,31.1,25.54,21.98,27.13,34.27,37.8,17.79,28.28,37.71,41.99,41.53,50.57,54.86,58.98,58.92,53.15
2021-10-28,11.3,7.43,8.67,9.6,12.42,16.93,20.0,13.47,14.86,15.79,18.01,21.58,27.52,20.9,18.89,23.29,28.73,34.88,15.94,24.38,33.07,38.72,37.27,45.5,53.12,51.24,57.76,58.56
2021-10-29,9.71,7.02,7.64,9.09,12.45,17.22,20.3,13.22,13.84,15.08,18.26,23.03,28.42,19.63,17.98,23.24,30.29,36.11,15.29,26.76,36.1,41.45,41.29,48.76,54.49,55.81,61.32,59.83
2021-11-01,6.07,4.18,4.18,4.18,6.49,9.21,13.61,7.95,8.58,10.04,14.23,18.2,21.17,13.81,13.81,18.41,24.69,29.37,15.06,21.97,31.8,36.93,33.68,42.26,47.73,51.46,55.94,53.78
2021-11-02,3.59,2.34,2.81,2.18,3.28,5.46,8.21,5.62,5.46,5.46,7.96,14.2,16.75,12.48,10.92,15.91,21.37,24.32,10.92,17.0,26.99,31.72,29.64,39.78,44.44,48.05,49.76,45.89
2021-11-03,4.73,2.62,3.74,4.11,4.86,7.1,9.77,6.23,6.85,8.22,10.96,16.19,19.67,13.7,14.2,17.93,23.91,28.28,16.94,21.67,30.51,36.63,27.65,39.73,45.63,49.81,53.86,53.86
2021-11-04,19.55,10.53,11.73,12.18,13.23,17.44,19.84,5.56,10.38,10.98,14.29,20.0,23.41,23.16,20.0,22.26,30.08,35.97,15.94,22.26,34.29,40.62,31.88,45.56,51.78,55.79,60.16,60.62
2021-11-08,27.78,18.06,16.67,16.87,17.26,20.63,25.1,10.91,13.1,14.48,16.67,22.82,26.73,19.05,18.06,20.83,28.97,33.88,17.86,21.83,32.14,39.18,28.77,42.26,48.98,53.57,58.37,63.06
2021-11-09,33.93,22.72,20.33,20.33,22.12,25.56,30.15,11.81,14.65,16.74,19.13,24.66,29.85,20.93,21.67,24.81,32.14,38.31,24.66,28.85,36.47,42.46,33.03,43.2,50.62,50.97,57.69,67.08
2021-11-10,49.34,34.73,32.69,31.86,33.05,35.17,38.44,13.05,19.04,20.96,22.51,28.09,33.13,30.3,28.02,31.14,36.97,43.14,27.43,30.66,39.02,44.75,33.77,44.66,52.41,53.42,60.94,68.73
2021-11-11,29.75,21.65,22.24,21.21,24.3,27.37,31.4,12.37,18.7,20.91,22.39,27.51,32.16,32.84,27.84,31.96,37.43,42.99,25.48,30.19,37.87,43.14,35.79,44.23,51.07,51.48,58.08,66.31
2021-11-12,10.76,5.09,7.05,7.24,8.02,10.43,14.4,6.46,8.61,10.18,13.5,19.09,23.53,16.83,19.57,22.11,28.94,35.9,26.81,29.75,35.63,41.38,31.7,40.75,47.06,43.9,53.14,64.71
2021-11-15,13.48,7.52,7.21,7.84,7.52,11.32,15.16,7.84,11.91,12.85,13.17,17.3,22.58,17.87,18.18,20.06,27.67,32.9,20.06,24.14,30.82,40.32,28.21,37.11,46.13,45.91,59.68,73.23
2021-11-16,8.23,5.38,4.75,5.06,5.38,7.28,10.39,9.18,12.97,14.87,13.29,16.77,19.81,20.89,20.57,18.67,24.37,29.22,23.73,20.57,28.16,34.09,18.04,29.43,37.01,43.04,50.32,57.14
2021-11-17,8.35,8.52,10.79,12.29,15.5,18.29,22.57,15.3,15.83,16.95,23.06,26.42,32.04,15.65,18.81,24.81,30.08,35.19,33.89,36.05,40.45,45.39,38.57,50.2,56.55,52.03,58.98,59.71
2021-11-18,8.68,9.72,13.11,13.94,17.21,21.3,26.15,17.53,19.57,20.45,25.92,31.03,34.87,22.44,23.61,29.01,33.87,39.71,37.55,41.01,42.39,48.18,41.01,53.35,58.11,54.77,59.81,58.84
2021-11-19,13.52,16.29,17.56,18.0,22.2,27.13,30.92,26.34,23.12,24.49,29.34,34.21,37.92,18.28,22.45,29.34,34.82,39.37,38.78,43.82,45.14,49.76,50.58,56.48,58.7,59.51,57.97,47.83
2021-11-22,14.71,16.96,19.14,19.81,24.86,29.7,33.98,28.03,26.48,27.22,31.6,36.36,40.72,23.61,25.37,32.37,40.0,45.54,39.63,47.78,49.09,52.29,59.34,60.0,62.41,60.0,62.17,52.29
2021-11-23,11.23,11.91,15.56,15.41,20.03,25.04,30.4,20.43,21.67,24.54,30.19,34.96,39.21,24.44,25.96,32.99,39.24,45.5,37.23,44.18,46.87,51.98,52.43,56.18,61.87,60.92,65.29,60.43
2021-11-24,12.01,13.01,15.91,16.26,20.1,24.14,29.17,21.8,20.91,22.3,29.67,34.48,37.93,21.59,24.39,31.58,36.7,42.67,34.49,43.3,44.09,50.43,52.99,54.19,59.91,53.45,60.63,59.63
2021-11-26,75.0,76.64,77.87,77.87,76.86,78.72,78.27,74.8,74.8,77.46,75.0,78.51,80.37,76.43,78.28,76.24,80.99,82.24,80.33,78.1,84.5,85.28,73.14,84.3,85.28,91.12,87.62,78.97
2021-11-29,43.27,46.79,43.27,42.86,47.41,50.93,52.67,45.55,41.61,42.44,48.45,53.0,55.01,40.37,41.41,48.86,55.69,57.57,41.61,53.83,60.25,60.77,62.94,69.57,65.46,80.33,70.15,47.33
2021-11-30,67.92,71.05,72.14,71.52,72.3,72.14,72.9,72.93,69.17,69.01,68.86,70.27,72.42,64.95,66.67,68.39,70.42,72.1,69.01,74.96,76.84,76.77,79.5,80.75,78.55,77.78,74.52,59.84
2021-12-01,81.57,83.46,82.45,82.83,83.29,83.04,83.18,83.96,81.69,80.81,82.28,82.15,83.57,73.61,78.16,80.63,80.76,82.92,81.82,84.18,83.8,85.27,84.68,83.8,82.66,78.86,77.31,62.71
2021-12-02,63.85,69.85,71.85,73.08,73.61,73.92,75.36,76.46,73.85,74.77,75.93,75.77,78.7,68.77,72.0,75.93,76.54,78.7,77.85,80.56,81.33,82.35,83.33,82.25,81.4,76.23,75.36,62.96
2021-12-03,85.01,87.06,86.65,86.65,86.6,86.8,87.26,85.63,86.65,85.22,87.42,85.36,86.41,80.7,82.34,86.19,83.92,87.05,83.78,86.6,86.39,87.69,88.25,87.01,86.62,81.03,84.29,80.04
2021-12-06,69.02,69.85,69.85,69.65,70.48,71.73,73.61,72.14,70.06,71.1,72.97,73.39,76.39,65.7,70.69,72.14,73.39,75.75,74.43,79.83,79.63,81.12,81.08,82.54,81.55,80.46,79.61,69.1
2021-12-07,43.26,46.98,47.44,50.23,52.25,54.57,56.16,49.92,49.15,50.39,53.8,56.9,58.72,47.13,51.01,56.59,60.93,62.08,55.5,62.95,66.2,67.52,73.02,74.42,71.84,76.59,69.28,53.6
2021-12-08,23.92,29.0,29.24,29.62,34.94,37.92,40.41,38.66,35.69,35.32,42.26,44.86,47.06,31.35,33.83,43.12,47.09,48.34,37.67,50.19,53.9,55.88,60.72,61.71,63.55,66.05,63.81,54.99
2021-12-09,32.04,40.57,38.92,39.37,42.66,45.66,47.22,50.9,44.61,44.76,46.86,49.55,50.62,37.43,37.57,44.46,48.35,49.23,40.12,50.75,54.64,56.02,59.28,61.08,62.04,65.72,61.27,51.39
2021-12-10,14.68,19.05,18.06,17.66,21.63,27.58,28.83,28.77,26.59,26.19,31.35,36.51,38.85,23.41,25.79,35.12,41.47,42.94,26.19,39.09,46.83,48.26,52.38,57.74,57.87,64.48,56.44,42.74
2021-12-13,16.96,25.44,25.64,26.43,32.35,35.9,38.34,39.25,36.09,35.31,40.83,44.97,46.86,32.35,33.33,41.62,48.32,49.49,34.91,44.77,50.1,53.75,54.64,60.36,62.27,69.63,65.52,55.78
2021-12-14,32.54,35.51,35.36,36.55,39.97,43.24,45.87,42.5,38.63,38.63,44.13,47.85,50.46,34.03,36.26,45.62,50.22,52.6,37.44,50.67,56.32,58.1,63.45,68.35,65.6,74.74,67.74,55.5
2021-12-15,9.29,13.93,13.33,14.88,19.17,24.58,26.66,28.93,26.19,26.43,32.62,38.66,39.43,22.02,22.86,35.0,43.44,44.47,25.83,39.4,48.21,49.63,54.76,60.5,57.74,67.78,56.14,38.45
2021-12-16,24.6,28.55,26.65,27.96,33.24,36.76,38.94,34.41,31.77,32.06,38.95,42.65,45.76,28.99,31.33,42.61,46.76,48.18,34.85,46.12,50.15,53.79,58.86,60.88,61.06,64.85,60.61,51.21
2021-12-17,24.51,32.3,32.49,32.3,36.58,39.53,41.94,43.77,40.27,38.72,42.22,45.79,47.98,33.46,35.99,44.36,48.34,50.2,35.6,46.89,52.25,54.64,58.95,62.82,61.29,69.28,62.5,50.4
2021-12-20,57.63,58.57,57.63,57.01,58.57,59.38,60.58,54.83,53.89,52.34,54.21,58.44,58.97,48.29,47.35,52.02,57.19,59.62,50.47,58.26,62.81,63.14,68.54,72.81,68.91,77.81,67.31,53.85
2021-12-21,41.82,39.94,38.99,39.62,44.65,48.74,49.68,37.11,38.05,38.68,43.71,47.48,49.68,34.91,38.05,45.6,50.94,51.61,40.25,50.94,55.03,56.13,61.64,66.04,63.23,69.81,62.26,49.03
2021-12-22,25.53,23.42,22.34,26.07,33.29,35.87,41.98,22.31,20.98,31.75,36.99,39.07,47.42,20.41,35.34,43.32,47.05,56.73,56.78,63.01,58.97,68.05,66.35,55.16,69.77,43.12,73.5,87.11
2021-12-23,31.22,27.04,25.05,26.86,35.28,36.75,42.33,25.77,23.59,32.12,39.67,41.13,46.83,18.87,35.03,44.61,45.7,53.99,47.91,58.68,55.03,64.42,65.63,53.2,68.51,39.67,70.76,87.73
2021-12-27,24.9,24.28,23.46,26.34,31.28,32.1,37.08,26.95,23.66,29.63,36.63,36.21,42.58,17.9,32.3,40.95,41.36,52.12,43.83,55.35,53.29,59.75,61.93,51.85,63.14,40.74,64.62,83.47
2021-12-28,21.0,20.68,18.04,21.77,27.22,27.68,33.81,26.91,18.97,25.51,31.57,33.13,38.3,12.13,25.97,35.93,36.39,44.55,42.77,53.03,48.52,57.21,57.23,49.14,58.65,36.86,57.53,81.41
2021-12-29,19.07,13.68,13.3,16.19,21.76,22.89,27.98,17.31,12.92,19.45,26.42,27.42,32.9,11.79,23.46,32.33,32.83,40.16,39.27,47.04,43.77,53.24,53.46,46.54,55.44,32.08,53.24,79.27
2021-12-30,18.65,13.0,10.55,14.22,19.17,20.71,24.96,15.75,10.55,17.28,23.16,23.77,31.44,9.48,19.88,27.76,29.29,37.44,36.54,44.02,41.1,51.5,51.69,45.09,55.29,32.21,54.98,79.94
2021-12-31,12.45,9.39,6.33,11.63,14.96,16.8,22.57,15.71,9.8,17.55,22.34,21.11,29.32,8.78,20.0,27.25,26.02,35.86,38.37,43.24,38.11,48.95,48.36,37.91,52.53,22.75,51.48,85.23
2022-01-03,8.47,4.75,4.55,6.2,10.95,11.16,16.42,9.3,6.82,13.43,19.42,19.21,24.09,8.47,18.8,25.21,25.0,33.69,36.36,42.56,35.74,44.56,48.35,36.57,49.68,21.28,45.42,76.33
2022-01-04,10.79,6.78,5.55,6.63,10.94,11.25,16.22,9.4,6.16,11.4,17.87,16.64,22.26,7.55,14.64,23.57,22.5,28.93,28.51,37.9,33.59,41.02,48.84,36.06,45.79,20.03,40.38,72.18
2022-01-05,34.73,30.3,25.0,27.46,29.93,29.56,34.94,24.63,20.44,25.25,29.06,28.94,34.82,15.64,27.09,34.11,30.42,38.37,41.5,46.43,37.81,45.74,48.89,37.32,48.16,21.31,43.2,74.21
2022-01-06,29.61,30.51,26.79,29.32,31.85,31.4,36.66,30.21,25.89,30.06,34.67,32.89,38.34,18.45,29.46,36.76,33.63,40.64,42.56,47.32,39.58,47.39,51.49,38.84,50.77,21.28,46.32,75.46
2022-01-07,40.83,33.73,29.19,29.78,32.54,30.97,35.16,20.71,17.75,21.1,27.02,26.23,30.69,13.61,23.67,31.36,28.01,35.77,36.49,43.59,37.28,42.48,50.3,36.88,45.12,18.34,39.23,65.85
2022-01-10,39.02,33.53,28.82,31.96,34.9,33.33,36.29,26.86,21.96,27.45,31.57,30.0,33.47,15.1,27.25,34.71,32.35,38.31,42.16,45.69,39.61,46.37,46.67,35.69,45.36,22.55,41.13,70.16
2022-01-11,29.54,24.37,17.58,20.53,24.37,23.34,28.12,17.58,13.0,19.5,24.37,24.22,29.18,8.12,19.79,28.8,27.77,33.59,37.67,42.84,37.81,43.01,47.42,36.48,44.22,22.6,40.43,65.2
2022-01-12,19.05,17.99,12.66,15.5,19.17,18.39,23.32,17.28,12.9,19.05,23.43,23.72,29.43,8.88,19.41,28.52,27.16,33.94,36.57,42.13,36.65,43.35,48.52,36.77,45.67,21.95,42.0,69.72
2022-01-13,47.31,41.48,35.66,38.28,40.17,39.04,42.62,33.48,26.78,31.44,37.85,36.11,41.27,19.07,31.88,41.92,38.01,44.73,45.41,51.09,44.88,50.45,54.73,41.96,51.2,25.44,45.18,72.44
2022-01-14,33.66,33.46,28.63,31.14,34.43,32.3,36.47,35.2,26.89,30.56,36.17,33.66,38.88,18.38,26.31,36.94,35.02,40.08,40.43,46.81,42.02,47.9,50.87,40.27,47.29,24.71,42.89,68.14
2022-01-18,74.29,69.59,66.46,63.95,63.95,61.76,65.27,58.62,54.86,56.11,56.43,52.04,55.63,46.39,53.29,52.98,51.72,54.02,61.44,60.5,51.1,58.84,58.31,46.39,57.88,29.78,54.02,77.17
2022-01-19,71.54,63.57,64.25,68.32,63.69,65.81,65.86,48.84,52.94,58.96,54.64,60.42,61.0,54.98,63.82,57.26,62.01,60.0,61.16,52.14,60.05,58.14,32.86,55.27,57.0,76.84,66.57,40.71
2022-01-20,80.47,78.12,77.03,75.77,71.58,71.58,71.08,69.98,69.44,67.45,62.3,62.84,65.17,67.99,66.37,58.83,61.02,60.69,63.47,51.0,57.38,57.03,32.24,50.82,54.58,73.77,63.34,43.58
2022-01-21,88.44,87.63,86.61,85.8,81.8,81.39,79.45,84.18,82.76,80.93,74.64,75.87,74.36,78.3,77.08,67.69,70.35,69.98,73.63,62.78,68.51,66.97,46.83,62.58,62.59,80.57,68.36,47.34
2022-01-24,88.75,90.18,89.98,89.78,87.32,86.5,86.11,88.14,87.53,88.14,85.28,84.46,83.58,85.07,86.91,77.71,78.73,77.26,83.84,72.19,74.85,69.47,51.74,63.19,60.21,80.37,65.05,39.79
2022-01-25,88.25,88.87,89.49,89.64,87.33,86.4,86.78,88.1,87.94,88.41,86.71,85.32,84.87,86.55,87.17,81.14,82.38,82.17,83.31,74.96,78.52,75.48,61.82,68.62,66.72,81.45,72.77,48.89
2022-01-26,89.03,90.4,90.4,90.77,89.38,89.62,87.9,89.9,89.28,89.9,88.75,87.25,86.23,87.16,88.78,83.38,84.0,84.3,85.91,77.25,80.25,78.38,59.13,69.25,66.28,82.75,74.0,47.88
2022-01-27,87.08,90.27,90.43,90.73,90.55,90.55,88.7,90.88,90.12,90.12,89.33,89.18,87.91,88.45,90.27,87.5,87.5,85.71,86.47,81.4,83.84,81.48,67.84,77.9,71.11,84.91,73.31,40.03
2022-01-28,80.12,83.98,85.8,86.41,84.32,84.52,82.6,86.61,87.22,88.24,84.52,83.91,83.65,84.99,87.22,80.45,81.67,80.29,85.8,73.52,76.37,73.58,52.34,64.97,61.43,82.28,69.6,38.16
2022-01-31,70.64,71.66,74.54,74.74,71.05,72.07,72.25,73.92,77.21,77.21,72.9,72.48,73.73,78.64,79.67,70.43,72.07,71.82,80.08,65.5,69.82,67.58,48.46,62.01,59.11,79.47,64.41,35.59
2022-02-01,57.43,59.11,62.48,62.33,60.64,62.33,62.56,58.5,63.71,64.93,60.18,62.48,61.61,68.91,68.91,60.18,63.86,62.4,69.68,57.27,61.72,59.24,43.95,55.59,55.13,75.96,57.98,32.39
2022-02-02,45.65,48.84,51.65,55.45,53.0,55.45,55.43,50.92,54.59,57.65,54.22,57.04,57.32,60.47,64.87,57.04,61.32,59.22,70.75,56.79,62.06,58.96,40.76,55.94,52.78,77.6,56.94,29.04
2022-02-03,76.78,78.55,78.99,79.59,77.07,77.07,77.13,75.59,77.22,77.22,73.82,73.52,74.24,75.44,77.37,70.27,72.04,72.26,78.85,66.86,71.6,69.97,51.92,64.79,64.33,81.8,71.8,45.27
2022-02-04,68.24,64.31,65.1,65.1,64.31,65.49,66.46,60.98,62.35,65.1,60.59,63.33,64.04,63.14,68.63,60.39,64.51,63.84,72.94,59.8,66.27,65.66,44.31,60.98,59.19,79.8,70.3,43.03
2022-02-07,67.06,65.11,65.89,65.89,64.13,65.89,66.33,61.21,61.4,64.13,59.84,61.79,62.73,60.04,65.5,58.87,62.18,60.92,69.98,58.67,63.94,61.52,43.27,59.06,56.71,79.14,64.53,38.48
2022-02-08,63.58,60.35,60.06,60.5,57.42,59.32,59.21,53.16,55.21,55.8,51.4,53.74,54.38,56.39,57.12,50.66,53.89,53.63,57.27,48.46,54.77,53.02,37.74,53.16,51.21,71.66,56.19,33.53
2022-02-09,52.47,50.82,52.0,52.12,50.0,53.42,53.4,46.82,48.24,50.82,47.18,51.53,51.7,52.71,53.65,48.82,52.59,52.55,56.82,46.35,54.72,51.7,33.29,53.42,48.18,76.06,54.13,27.79
2022-02-10,77.28,74.24,73.37,73.08,70.33,70.49,70.21,67.0,67.29,65.41,63.1,64.53,64.52,62.52,65.56,58.61,62.65,61.38,66.57,58.03,63.08,61.23,44.57,59.59,57.04,76.31,61.83,36.83
2022-02-11,82.5,85.38,85.96,86.92,85.58,85.11,82.87,89.23,89.23,89.23,87.31,86.65,83.27,84.23,84.42,80.58,80.66,78.69,84.81,78.85,78.72,72.91,62.12,75.44,63.94,82.4,64.94,33.47
2022-02-14,84.26,88.89,88.89,89.2,88.27,89.16,88.25,91.05,90.74,90.43,89.51,89.78,86.67,85.8,87.65,83.33,84.52,81.9,84.88,79.32,82.04,79.68,64.2,79.26,74.92,87.62,77.78,53.97
2022-02-15,79.44,79.44,80.69,81.93,80.06,81.62,80.51,79.75,78.19,79.13,76.64,78.19,77.0,74.77,77.26,73.83,75.08,75.08,78.82,68.85,77.57,73.8,56.7,74.45,69.65,87.85,76.68,51.76
2022-02-16,76.72,76.52,76.11,74.09,74.29,72.86,73.04,71.86,70.65,66.6,67.35,64.69,68.66,71.05,61.34,67.14,63.06,67.51,47.37,64.9,61.84,62.9,84.29,66.94,67.51,44.49,55.99,59.22
2022-02-17,89.35,89.14,89.98,87.27,87.16,86.11,85.52,86.85,87.47,84.34,86.11,81.89,81.38,87.47,81.21,83.58,78.32,80.23,65.34,79.79,70.95,73.56,89.47,76.21,77.47,51.79,60.69,68.51
2022-02-18,90.72,90.52,90.31,89.69,89.83,88.59,87.28,86.8,87.42,84.95,87.97,84.23,83.99,88.04,80.82,84.65,80.5,82.46,64.12,79.25,74.07,75.0,89.42,80.71,80.26,62.45,65.13,64.47
2022-02-22,91.67,91.36,90.91,89.09,89.97,88.6,88.26,87.27,87.27,83.03,85.26,82.37,84.35,83.64,74.55,81.16,77.51,80.59,63.94,76.75,72.95,76.06,89.06,80.85,82.0,65.5,69.95,68.39
2022-02-23,93.54,93.13,92.53,91.72,91.89,91.48,91.65,90.3,90.1,89.09,89.66,88.44,88.73,88.89,84.65,88.64,86.61,87.27,72.53,84.79,82.96,86.01,91.68,87.42,86.22,75.46,79.12,73.07
2022-02-24,90.91,91.12,90.91,90.06,90.45,90.45,88.84,88.79,88.79,87.95,88.32,85.99,86.21,85.2,80.97,86.41,82.8,85.34,69.13,82.8,77.92,80.96,92.14,83.65,84.68,67.52,71.99,70.24
2022-02-25,85.56,88.28,88.49,87.24,87.39,86.34,85.28,86.82,87.24,84.31,85.08,82.14,83.12,83.68,78.87,81.72,77.94,80.52,65.9,76.26,72.27,74.03,86.55,78.36,76.41,65.13,65.37,61.47
2022-02-28,87.93,90.0,89.27,88.29,89.63,88.66,87.92,88.66,88.41,87.2,88.17,87.07,87.17,86.83,82.93,87.56,85.24,86.04,72.07,85.85,82.93,84.65,92.8,88.54,87.17,75.12,75.6,70.69
2022-03-01,92.19,92.64,92.78,93.08,94.26,94.4,93.78,92.78,93.23,92.64,94.26,93.81,93.32,92.34,91.02,92.78,92.78,92.41,84.54,92.19,90.87,90.29,94.26,92.34,91.65,84.39,86.34,79.82
2022-03-02,87.13,90.25,90.64,88.89,90.06,89.47,88.96,90.84,91.23,88.69,91.03,89.86,89.16,88.69,85.96,89.86,87.33,88.96,76.22,87.13,85.77,87.35,92.01,89.47,89.96,77.78,82.53,79.12
2022-03-03,85.8,88.17,88.95,87.97,89.15,88.95,88.44,90.53,91.32,89.74,91.32,90.14,89.66,88.95,87.38,90.53,88.56,89.25,80.87,88.95,87.57,88.44,91.52,89.55,90.87,81.26,84.99,80.32
2022-03-04,89.98,91.36,91.75,91.36,92.14,92.34,92.32,91.75,92.73,92.14,92.93,93.12,92.73,90.96,89.0,91.94,90.77,91.11,82.32,90.96,89.0,89.7,93.32,90.96,91.92,83.69,87.07,82.83
2022-03-07,92.97,94.14,93.79,93.79,94.49,94.71,94.68,93.9,93.08,93.2,94.72,94.59,94.56,93.08,92.73,95.08,95.18,95.04,89.68,94.84,95.42,94.07,95.55,96.24,94.92,94.12,92.99,85.37
2022-03-08,90.63,91.79,92.22,92.51,93.66,93.92,93.89,93.37,92.65,92.22,94.09,93.92,93.89,92.65,92.07,94.67,94.36,94.49,88.47,94.81,93.92,93.89,95.82,95.66,95.23,91.46,92.7,88.82
2022-03-09,85.09,88.34,88.53,89.29,90.82,90.96,91.29,90.06,91.01,91.4,92.54,92.5,92.28,90.25,90.44,92.73,93.27,91.88,87.19,93.31,92.12,92.48,93.69,92.88,91.88,87.5,88.12,83.56
2022-03-10,82.97,83.97,85.37,86.17,87.37,87.7,86.93,85.77,87.78,87.37,89.58,89.52,88.59,86.17,85.17,89.58,88.31,87.34,79.56,88.98,87.7,88.59,92.18,89.52,89.21,81.65,82.99,78.63
2022-03-11,82.53,84.74,85.94,87.75,88.76,89.29,89.21,88.76,89.16,89.96,91.57,91.92,91.29,85.94,87.75,92.17,92.53,90.87,84.94,92.37,91.72,91.08,94.38,92.93,91.49,85.86,86.51,80.29
2022-03-14,91.94,92.97,92.2,91.74,91.79,91.2,92.38,91.77,90.78,92.29,91.98,91.6,92.38,87.06,92.48,92.37,90.6,92.14,93.58,93.51,91.6,92.86,87.4,85.4,93.1,81.4,94.52,97.62
2022-03-15,74.14,72.43,72.74,80.95,80.0,78.44,82.42,68.66,70.27,82.78,80.95,79.04,83.37,64.6,84.8,81.71,77.64,87.41,89.93,87.05,83.23,90.02,75.05,72.65,90.5,72.26,93.59,97.39
2022-03-16,77.95,72.65,72.08,80.44,79.47,77.89,81.52,65.98,64.66,81.72,79.66,78.09,82.23,60.6,83.36,80.23,76.69,84.83,89.58,85.93,82.07,89.34,74.33,71.51,88.86,70.12,92.18,96.68
2022-03-17,68.94,65.53,62.43,73.72,73.43,72.56,76.12,58.7,54.67,72.63,70.97,70.38,75.89,49.56,74.27,71.54,70.97,76.83,86.5,76.66,74.16,83.22,65.09,64.02,80.61,66.0,85.82,93.14
2022-03-21,62.35,57.75,55.11,69.22,69.51,68.06,74.29,51.45,48.77,68.49,67.61,67.06,75.47,46.3,72.13,69.51,69.25,77.59,86.89,75.38,74.01,85.85,59.28,62.5,83.73,67.46,91.27,96.46
2022-03-22,59.73,59.33,55.95,67.98,67.25,67.12,73.02,56.67,52.8,67.42,67.25,66.52,74.43,48.02,69.1,67.83,67.42,76.37,84.41,73.91,72.67,84.66,65.36,63.06,83.42,64.26,89.59,95.59
2022-03-23,46.88,50.16,50.11,58.06,59.65,60.65,67.75,51.59,50.0,62.97,62.24,61.74,70.85,49.89,66.74,64.71,63.56,74.23,81.03,69.53,67.68,80.7,57.06,57.51,81.27,58.47,87.75,95.92
2022-03-24,47.94,50.81,51.34,56.35,56.22,56.58,62.78,54.56,51.52,57.78,57.48,57.66,66.0,49.73,60.11,58.92,58.92,69.82,74.42,63.24,61.98,78.07,50.27,52.07,78.27,54.77,86.52,96.38
2022-03-28,42.51,50.0,45.75,50.2,50.61,51.42,59.79,53.24,47.77,53.85,53.04,54.66,61.04,43.72,54.05,53.04,53.85,62.5,67.0,58.7,56.48,71.88,44.33,50.4,73.96,54.86,87.5,95.0
2022-03-29,30.32,35.22,33.84,39.05,40.74,40.12,48.11,42.42,38.28,43.95,44.41,45.94,56.62,30.63,45.33,45.94,45.48,58.68,62.63,54.21,51.76,66.25,40.74,42.88,67.67,41.04,84.86,95.43
2022-03-30,29.91,36.84,36.09,40.67,41.88,42.63,51.53,47.34,41.04,46.97,48.33,48.95,58.29,35.11,48.7,47.83,49.07,59.95,63.16,56.51,54.28,69.26,43.12,47.46,72.32,49.81,87.63,95.92
2022-03-31,47.67,54.14,50.08,52.78,52.94,53.09,60.71,58.5,52.48,55.19,54.75,55.2,63.2,43.46,53.98,52.64,53.54,63.2,66.47,59.28,56.26,73.14,46.15,50.53,75.16,50.68,88.2,96.43
2022-04-01,34.4,39.6,37.4,40.4,41.77,42.17,51.45,46.0,39.8,45.0,45.78,47.19,56.2,31.8,44.4,44.78,46.18,59.3,59.8,54.82,52.41,70.45,41.77,46.18,75.0,46.59,89.26,97.73
2022-04-04,22.52,23.73,20.89,25.96,27.18,30.83,39.54,28.19,24.54,32.86,33.27,35.09,47.28,19.88,34.28,38.13,40.16,52.51,54.56,50.91,49.29,66.95,41.58,45.64,69.04,47.26,85.56,95.61
2022-04-05,47.27,50.3,46.97,51.21,50.61,50.91,57.97,50.45,45.15,50.0,50.0,51.52,59.84,38.79,50.15,50.3,50.3,63.59,66.36,57.58,56.82,74.69,47.12,50.61,76.56,50.76,88.12,96.56
2022-04-06,48.0,52.61,50.18,53.45,53.21,53.82,60.75,54.79,51.15,53.7,53.33,54.91,64.25,44.73,53.58,53.09,54.79,67.88,68.12,60.73,60.97,77.38,53.33,54.79,81.25,55.76,88.62,96.38
2022-04-07,43.86,45.61,42.54,47.51,48.1,49.56,55.42,46.64,41.37,47.81,48.54,49.85,58.43,38.89,48.98,49.56,50.15,62.8,64.04,57.31,57.16,74.25,49.56,52.49,78.61,52.49,88.25,96.54
2022-04-08,37.45,42.86,40.93,44.59,45.37,47.88,53.88,49.42,41.89,48.07,47.88,48.26,57.46,33.98,47.68,48.46,47.88,60.83,60.62,55.21,54.83,72.76,46.33,48.65,76.14,47.49,88.07,97.81
2022-04-11,61.85,61.08,59.34,62.62,61.08,60.69,67.33,59.54,55.68,58.57,57.61,57.42,67.33,50.87,57.8,54.91,56.45,70.3,71.68,63.01,62.24,78.22,52.22,56.45,83.17,60.31,90.89,97.62
2022-04-12,64.24,64.68,62.21,64.53,63.08,63.08,68.01,63.08,56.69,60.76,60.17,59.59,68.46,51.74,59.16,57.41,56.98,70.25,71.51,65.55,63.52,76.68,55.96,56.98,82.06,57.41,88.64,97.31
2022-04-13,48.37,44.06,43.82,46.62,47.55,48.71,55.65,38.11,36.6,45.22,45.45,46.96,54.69,37.06,50.12,48.72,50.0,60.46,65.5,57.81,55.84,70.91,46.15,49.3,73.44,52.22,86.18,96.39
2022-04-14,52.07,52.36,48.07,51.22,50.93,52.3,59.91,49.79,43.63,49.07,48.21,49.14,58.28,37.2,49.36,48.93,50.29,60.95,65.09,58.23,56.03,71.3,48.5,49.57,77.37,52.01,86.98,97.49
2022-04-18,50.3,49.39,46.04,50.91,50.91,51.38,58.31,48.17,42.68,48.78,46.65,47.4,57.37,36.28,47.56,47.26,48.93,60.19,62.8,53.96,52.29,69.28,42.38,48.01,75.24,51.68,87.15,96.87
2022-04-19,34.88,36.11,33.64,34.88,34.88,37.65,46.84,33.33,28.09,37.65,38.58,40.43,49.37,23.15,42.28,41.05,41.67,53.16,57.72,48.46,47.84,64.24,39.51,41.98,67.09,45.06,83.86,96.52
2022-04-20,34.54,30.49,34.93,34.55,35.8,47.1,60.81,21.09,34.93,33.3,35.56,49.52,66.29,51.0,40.36,41.78,62.92,77.11,36.72,40.85,65.7,84.41,41.31,82.0,93.4,96.74,97.89,98.03
2022-04-21,53.65,48.31,53.65,54.55,55.3,61.58,68.54,43.14,52.41,51.16,53.5,62.12,71.74,68.63,60.25,59.43,69.84,83.57,47.95,53.86,72.17,88.18,54.58,84.02,93.59,96.41,97.6,97.8
2022-04-22,78.44,76.25,79.04,77.25,75.86,78.67,82.99,67.66,73.05,71.46,69.22,76.66,84.81,83.83,75.65,72.64,82.09,91.16,63.07,63.78,81.89,91.61,66.6,90.14,94.33,96.58,97.73,97.73
2022-04-25,74.65,73.04,75.65,74.04,72.64,76.06,80.95,64.79,70.02,68.01,66.0,72.84,84.27,76.46,69.01,67.81,78.67,89.86,63.58,62.58,82.49,91.1,63.38,89.13,94.62,96.58,99.17,98.34
2022-04-26,86.76,85.69,86.45,86.0,84.93,87.37,91.69,82.04,85.54,84.32,84.32,87.21,91.54,87.21,85.84,85.84,89.95,93.1,79.76,80.67,89.65,93.73,79.91,91.78,96.71,96.19,99.37,98.43
2022-04-27,87.59,87.1,88.33,88.45,88.79,91.01,91.89,84.15,87.35,87.71,88.79,90.15,93.16,88.21,88.45,89.04,92.36,94.3,84.15,85.71,92.0,95.82,86.08,94.21,97.47,97.66,99.37,98.73
2022-04-28,82.51,82.21,82.96,83.26,82.91,85.76,90.12,79.22,82.81,81.17,82.16,87.11,91.51,84.3,83.41,83.96,90.25,93.52,79.07,80.06,90.85,94.91,80.06,94.0,97.22,97.75,99.23,98.46
2022-04-29,87.28,89.26,89.86,89.66,90.62,91.62,93.02,88.07,89.46,89.66,90.02,91.62,94.66,90.85,90.46,91.42,93.41,95.07,83.9,87.82,92.61,96.71,88.82,95.41,97.33,97.8,98.97,98.15
2022-05-02,82.66,85.69,87.7,88.51,88.91,90.12,91.48,85.89,87.7,88.71,89.31,91.33,92.93,87.9,88.1,89.72,92.14,94.18,85.89,89.11,91.33,95.01,87.1,93.15,96.67,96.57,98.96,98.54
2022-05-03,75.0,77.11,78.92,80.57,81.17,84.49,87.89,76.2,81.63,81.48,81.78,85.69,89.91,82.53,82.83,85.09,87.8,92.24,79.97,83.73,89.16,93.63,82.83,92.17,95.96,96.39,98.14,98.45
2022-05-04,60.48,60.6,63.86,63.86,65.3,69.4,77.27,58.31,66.02,66.14,67.71,72.41,82.61,74.22,72.41,71.45,80.96,88.45,69.04,71.57,84.1,91.55,73.13,89.76,94.16,96.14,97.76,98.39
2022-05-05,81.4,83.14,86.05,86.34,87.79,88.95,90.42,82.27,86.63,87.35,88.81,90.7,93.41,87.79,88.66,90.84,92.88,95.36,87.35,90.12,92.3,95.21,90.26,93.75,96.26,96.51,98.5,98.8
2022-05-06,82.15,82.92,83.69,84.26,85.03,86.37,88.14,79.85,84.07,84.26,84.45,87.33,91.5,85.22,85.41,86.95,89.06,93.08,83.88,85.99,90.79,95.06,85.22,93.28,95.65,96.74,97.83,98.02
2022-05-09,85.63,86.97,88.7,89.27,89.85,91.57,92.32,87.74,90.04,91.0,91.57,93.68,94.49,88.31,90.42,91.19,93.68,95.67,88.12,92.34,94.83,96.65,92.15,96.55,97.24,97.32,99.21,98.23
2022-05-10,83.38,83.96,85.69,86.27,86.99,89.31,90.64,84.25,87.43,88.73,90.32,91.76,93.46,87.86,89.16,91.18,92.92,94.65,87.28,90.46,92.63,95.25,90.32,94.22,96.14,96.53,98.37,98.07
2022-05-11,84.57,84.22,85.5,85.85,86.66,88.26,89.95,83.53,85.27,85.61,88.28,90.35,91.99,85.5,85.61,88.63,91.28,93.3,84.34,89.1,91.86,94.5,90.84,93.6,96.17,96.28,98.21,98.44
2022-05-12,79.91,81.05,82.19,82.91,84.33,87.27,88.66,80.06,82.76,83.62,86.75,89.84,91.31,83.76,84.05,88.18,91.27,93.08,83.9,88.75,91.99,94.7,90.88,94.28,96.47,96.28,98.23,98.23
2022-05-13,74.91,72.83,74.34,74.72,76.6,78.37,80.47,68.68,73.96,73.77,75.47,80.65,86.13,76.98,76.04,79.06,84.82,90.62,73.77,80.94,88.99,92.58,86.42,92.41,95.51,96.02,97.85,98.44
2022-05-16,76.36,72.73,73.03,72.42,74.85,76.6,80.69,60.91,65.15,66.67,69.39,74.16,81.62,70.91,70.3,74.85,80.85,88.47,69.7,76.06,85.71,92.21,82.12,91.49,94.08,94.53,96.88,97.82
2022-05-17,73.93,67.18,68.4,68.1,69.63,73.01,77.04,53.68,60.74,61.04,64.11,69.02,77.67,66.56,66.87,68.71,76.07,86.16,66.26,67.48,82.82,90.88,74.54,89.88,93.4,94.79,96.86,97.8
2022-05-18,87.8,88.67,88.88,88.41,89.59,93.14,88.81,89.0,87.99,89.2,92.28,94.58,91.47,85.43,88.52,92.98,94.58,92.17,88.98,94.04,96.39,92.31,95.2,98.32,93.43,98.07,89.09,24.06
2022-05-19,75.71,79.08,78.72,78.37,80.0,85.71,80.68,80.85,77.3,78.72,83.04,90.18,83.86,72.16,75.71,84.46,92.5,86.06,81.21,91.07,93.21,88.45,94.82,97.14,90.64,97.68,82.67,11.75
2022-05-20,73.81,77.58,77.78,78.17,79.4,84.6,79.5,80.16,76.79,78.57,82.6,90.2,83.56,73.02,76.98,84.6,92.4,85.81,80.56,90.8,93.2,88.06,94.8,96.6,90.32,97.4,82.88,18.47
2022-05-23,69.6,74.4,76.0,76.0,78.2,82.4,79.01,78.6,75.2,75.6,81.6,88.2,84.98,69.2,72.0,85.4,91.8,87.04,80.0,90.8,93.4,89.71,94.8,98.0,90.95,98.8,86.42,19.14
2022-05-24,72.47,76.1,76.7,76.7,78.52,83.06,80.53,77.0,75.49,74.89,80.64,87.44,85.2,71.26,72.16,85.02,91.23,87.23,77.61,90.02,93.19,89.88,94.25,97.73,91.43,98.64,88.32,24.61
2022-05-25,72.28,75.46,75.46,74.6,77.11,80.66,79.47,76.8,73.02,72.41,76.87,84.58,83.0,67.16,67.89,78.7,88.86,84.89,70.94,85.43,92.17,87.66,93.15,97.31,90.43,97.92,86.52,23.8
2022-05-26,63.74,68.65,69.99,70.28,73.17,78.09,77.15,74.0,69.69,70.28,75.41,83.16,81.6,64.19,67.61,77.2,88.52,84.82,71.77,85.84,92.4,88.34,92.7,97.32,90.64,98.21,87.42,24.08
2022-05-27,55.93,62.65,61.86,62.45,66.87,72.02,70.41,67.79,63.44,64.82,69.05,78.17,76.53,57.11,61.26,69.84,82.74,79.8,67.39,82.34,91.07,86.33,91.87,96.63,89.8,97.42,86.12,22.04
2022-05-31,56.07,60.72,61.17,60.87,64.17,68.97,67.7,64.47,62.52,63.72,67.32,74.66,71.56,58.17,59.37,67.17,81.26,73.11,62.97,78.11,88.46,80.06,88.76,93.7,84.7,96.85,78.36,13.45
2022-06-01,57.31,60.55,59.95,60.55,63.67,68.59,67.49,64.27,60.79,61.87,66.43,73.26,70.95,55.04,58.27,66.43,79.38,72.81,65.35,77.46,87.41,80.35,86.93,93.05,84.92,96.88,79.98,16.19
2022-06-02,56.21,59.97,59.25,59.83,61.71,67.63,66.52,67.2,61.42,61.56,66.33,72.69,70.98,51.88,56.5,63.58,77.46,70.39,64.02,74.57,86.42,78.42,85.26,92.92,84.38,96.82,79.76,16.67
2022-06-03,58.97,61.45,60.31,59.92,62.21,67.37,66.4,65.65,61.26,59.54,64.5,70.61,68.96,54.58,55.15,61.64,72.9,68.96,54.77,70.61,84.54,74.07,82.82,91.98,82.51,95.99,77.8,18.27
2022-06-06,60.38,61.14,60.57,61.71,62.67,67.05,65.17,64.19,59.43,58.48,62.67,68.76,65.17,54.1,54.29,60.0,70.67,64.38,54.29,65.71,78.86,69.28,80.95,90.1,77.69,95.62,70.65,15.66
2022-06-07,55.03,58.76,56.47,56.03,57.47,62.79,60.27,64.08,56.18,55.32,58.05,65.23,61.0,48.85,49.43,53.02,63.94,57.9,49.86,60.49,75.72,63.96,73.56,87.79,67.8,94.83,65.88,13.74
2022-06-08,58.25,59.17,58.02,57.79,58.94,62.89,60.64,62.05,56.4,55.71,58.13,63.47,59.93,50.29,50.87,54.09,63.35,57.07,50.52,60.9,73.18,62.31,77.28,86.24,66.71,91.79,61.24,15.58
2022-06-09,67.28,69.12,67.85,67.28,67.71,69.56,67.79,69.55,66.29,63.17,65.44,69.42,67.35,55.81,56.94,60.48,68.42,63.1,57.79,66.29,76.67,65.89,79.18,86.2,68.81,91.75,63.4,17.13
2022-06-10,71.29,72.05,72.61,72.8,73.55,76.04,73.4,72.23,70.73,71.11,72.42,76.23,72.82,59.85,66.98,72.23,77.92,71.65,74.11,78.8,85.28,75.92,84.99,89.06,78.64,94.53,70.68,21.94
2022-06-13,84.04,87.95,87.95,88.86,89.76,90.33,89.16,90.36,89.46,90.06,90.96,92.45,90.4,82.83,85.84,88.86,93.05,87.62,85.84,88.86,93.35,88.85,90.36,94.26,87.62,95.47,84.52,31.27
2022-06-14,85.06,87.8,86.89,87.5,87.2,89.02,86.56,88.72,86.59,88.41,87.5,90.24,85.94,79.27,80.79,82.01,87.8,81.88,80.79,85.06,89.94,83.44,87.2,92.38,84.38,94.21,77.81,27.5
2022-06-15,87.33,85.3,83.07,84.3,86.87,81.34,82.28,74.83,75.74,83.57,85.55,79.57,81.12,70.68,85.02,89.87,76.82,80.65,89.53,93.25,78.98,82.52,94.37,68.76,76.22,14.73,46.85,83.45
2022-06-16,91.06,89.88,89.55,89.01,90.26,85.29,86.28,78.92,83.45,86.31,89.89,81.96,83.49,82.93,88.47,92.7,82.94,84.65,90.09,94.19,83.53,86.74,94.57,72.75,81.63,14.9,53.72,88.14
2022-06-17,89.23,88.38,87.3,87.95,89.16,83.17,83.76,78.28,82.26,85.61,89.53,81.6,82.13,80.35,88.13,92.34,81.6,82.6,90.11,94.21,83.17,83.76,94.58,71.62,76.33,14.68,41.53,80.05
2022-06-21,87.89,86.45,85.7,86.29,88.29,82.54,83.19,77.76,80.84,84.49,89.57,80.92,81.28,80.97,87.26,91.86,80.62,82.15,89.61,93.71,81.66,82.67,94.71,69.97,76.26,14.94,43.5,80.42
2022-06-22,83.24,77.3,78.04,80.5,82.71,77.8,77.7,65.73,66.34,78.69,82.6,75.18,77.7,66.23,81.29,88.86,74.94,78.39,87.6,92.92,78.16,80.61,94.55,68.14,75.9,14.8,43.91,80.19
2022-06-23,79.58,77.99,78.17,78.87,81.56,76.77,77.27,70.07,70.07,76.76,81.91,73.76,76.88,72.01,81.69,89.89,74.47,78.46,87.85,92.91,77.13,80.63,94.5,64.54,74.9,14.36,44.86,80.83
2022-06-24,77.32,75.15,75.15,77.71,80.32,75.15,75.17,68.64,68.64,74.56,80.91,71.77,75.84,70.61,79.68,90.06,72.37,77.63,86.79,93.24,74.75,80.09,96.02,63.62,75.39,10.14,44.52,83.45
2022-06-27,71.37,68.19,68.59,70.58,74.75,69.58,72.19,60.04,61.43,66.0,72.17,65.21,69.12,60.24,68.19,82.9,67.79,72.8,83.1,91.85,72.96,82.0,95.03,62.43,74.44,14.12,44.38,83.84
2022-06-28,76.99,74.14,73.23,75.49,78.05,73.53,76.78,66.77,65.26,69.92,76.09,68.12,73.07,63.31,71.13,85.86,69.32,76.78,84.51,92.33,75.94,83.75,95.04,64.36,78.64,16.09,47.06,87.0
2022-06-29,74.88,73.3,71.97,74.03,77.86,72.26,74.84,66.75,64.32,69.3,76.4,68.0,72.72,60.68,70.02,84.79,68.25,75.09,84.1,92.94,75.67,83.1,95.86,65.21,77.1,15.21,44.31,84.36
2022-06-30,72.53,71.64,70.9,73.56,77.93,72.15,75.91,65.73,64.84,70.9,78.67,69.63,75.76,63.81,73.56,88.0,71.26,79.57,85.82,93.78,78.52,85.37,96.0,69.04,82.01,16.0,47.71,87.8
2022-07-01,65.82,65.42,64.83,68.37,73.18,66.86,70.18,61.3,59.72,66.99,75.15,65.48,70.99,58.94,68.57,83.43,65.88,74.85,82.32,93.1,73.57,83.77,95.46,64.1,79.92,12.03,45.23,88.84
2022-07-05,69.7,67.16,65.82,68.96,75.82,68.96,73.38,65.52,64.03,69.1,78.36,68.96,74.92,60.3,72.99,85.82,70.0,78.77,84.78,93.58,78.36,85.69,95.37,68.66,82.0,13.88,50.62,88.62
2022-07-06,67.66,64.56,64.32,65.99,71.84,66.59,70.36,61.58,60.62,65.75,74.58,65.87,71.34,58.35,69.93,81.86,65.75,74.05,81.15,90.93,71.84,81.43,94.39,63.6,78.23,12.65,48.34,88.31
2022-07-07,66.09,63.07,62.64,64.08,70.11,63.94,69.08,60.49,58.91,64.37,71.84,63.51,70.12,56.32,66.67,79.6,63.94,72.04,78.88,89.37,68.53,79.59,93.25,60.92,76.48,10.92,49.56,90.24
2022-07-08,58.44,58.06,58.06,59.96,64.52,59.2,63.48,56.17,55.03,59.96,68.31,59.2,65.04,53.89,63.0,75.14,60.15,68.16,73.62,85.96,65.09,73.24,91.27,57.87,71.09,10.63,47.27,88.48
2022-07-11,68.37,67.05,66.86,69.13,72.54,67.99,70.62,64.02,63.64,67.42,72.35,65.53,70.82,59.85,71.21,79.17,65.34,72.37,79.73,88.07,69.32,75.29,92.61,59.28,75.1,14.96,50.19,89.69
2022-07-12,70.14,69.71,68.57,70.57,74.14,68.43,71.95,66.29,63.71,67.71,73.14,66.14,70.78,57.86,69.57,78.86,64.57,71.81,80.43,89.43,70.14,75.77,92.57,60.14,74.3,14.29,49.34,87.52
2022-07-13,67.89,66.28,65.6,67.32,70.87,65.4,68.32,59.29,57.45,63.53,70.41,60.69,67.02,55.73,67.09,77.64,61.49,68.44,79.59,88.42,66.21,73.17,92.32,54.94,67.73,10.0,42.91,87.71
2022-07-14,67.18,64.08,63.94,66.34,68.59,64.5,67.39,56.06,54.93,61.41,68.31,60.25,66.67,53.52,66.48,76.48,61.81,69.72,80.42,88.31,69.02,75.4,91.55,58.13,72.05,13.86,49.05,87.63
2022-07-15,62.5,55.97,53.92,58.02,61.19,57.41,60.42,45.15,44.03,51.31,59.14,51.41,55.79,43.28,55.41,66.79,52.72,60.23,72.2,84.51,60.79,68.53,90.86,52.53,65.25,9.94,41.89,85.71
2022-07-18,56.29,58.08,57.49,60.78,64.37,60.06,64.62,56.29,55.39,59.58,66.47,59.76,64.92,54.19,63.17,72.16,58.86,66.46,75.15,84.73,62.16,72.31,90.72,56.16,71.08,12.61,48.92,90.46
2022-07-19,45.15,50.0,51.82,57.88,61.21,57.88,61.18,56.97,55.45,60.61,68.79,61.82,66.77,53.94,64.24,75.15,60.91,67.39,78.18,89.39,66.67,74.84,93.33,58.79,72.98,12.12,43.48,84.16
2022-07-20,47.31,46.55,53.14,68.43,60.12,63.5,64.69,43.1,56.44,73.93,62.54,65.99,68.0,74.37,88.54,69.25,72.41,72.83,92.47,63.35,71.46,71.45,12.95,47.8,55.03,86.21,80.97,64.28
2022-07-21,48.16,46.94,53.59,63.22,56.61,59.79,60.71,46.94,57.62,67.78,59.61,61.38,63.46,71.1,85.29,63.14,68.08,68.76,91.77,60.14,68.78,68.96,15.52,47.09,53.83,84.83,79.37,59.72
2022-07-22,42.75,44.51,50.78,59.02,53.56,56.92,58.0,47.84,54.9,64.12,54.94,58.7,61.33,66.86,78.24,59.68,63.04,66.44,88.24,55.14,63.64,65.56,12.85,44.66,53.78,84.39,80.44,66.67
2022-07-25,40.91,42.29,46.05,54.55,49.8,54.15,56.3,41.5,51.58,61.46,52.37,56.32,59.55,64.62,75.49,56.72,61.66,63.01,86.17,52.17,59.68,61.59,13.64,42.69,51.42,83.0,80.49,71.95
2022-07-26,51.12,51.57,55.31,61.58,55.16,58.15,61.23,47.68,57.4,65.32,56.05,58.89,61.08,67.86,80.72,59.64,62.33,64.46,87.74,55.46,60.99,62.77,13.9,42.3,50.31,82.36,79.38,66.0
2022-07-27,44.75,48.01,50.3,55.97,51.03,54.29,55.6,47.29,54.4,62.24,53.2,55.74,58.33,63.45,72.01,55.38,58.4,59.95,84.56,51.15,56.83,58.96,13.42,37.97,45.4,74.85,73.63,63.43
2022-07-28,36.42,36.56,40.82,47.28,41.97,44.77,45.76,34.65,43.32,52.28,43.59,48.6,49.09,53.89,64.76,47.42,52.87,54.24,79.59,40.21,51.55,53.33,8.69,31.08,36.06,71.58,65.3,48.94
2022-07-29,33.98,34.96,39.65,47.85,41.96,43.92,44.96,35.74,44.53,53.71,46.47,48.82,49.19,57.81,67.19,50.39,52.75,53.83,81.25,43.73,49.61,52.62,9.41,27.25,34.48,61.37,60.48,50.81
2022-08-01,39.56,43.14,48.91,56.46,48.31,50.7,52.66,45.53,53.08,61.23,49.9,52.68,53.89,65.21,73.16,51.69,55.86,57.79,80.91,44.93,51.69,55.33,10.14,32.41,40.16,72.76,69.47,57.58
2022-08-02,46.14,47.77,51.48,56.82,49.85,52.23,53.98,46.59,52.52,58.61,49.11,52.97,54.89,61.42,69.58,50.59,55.64,57.65,77.89,44.81,53.71,56.88,11.13,37.83,44.34,78.19,74.31,62.54
2022-08-03,34.64,36.42,40.81,46.14,39.62,43.3,45.6,36.3,43.18,49.7,42.11,45.55,47.43,53.02,59.31,44.25,48.4,50.12,70.23,36.18,46.5,50.37,9.37,30.49,39.61,71.41,68.22,60.39
2022-08-04,34.0,34.0,37.57,42.29,37.14,41.57,43.68,32.71,39.29,47.14,40.29,44.0,46.47,48.0,56.14,42.14,47.86,49.71,67.29,35.86,48.57,52.06,9.57,37.29,43.09,76.14,70.44,56.32
2022-08-05,24.91,23.77,28.68,36.23,28.87,34.53,37.48,25.09,31.7,42.64,33.77,40.57,43.3,44.72,51.51,39.43,45.28,46.6,64.91,32.64,44.91,49.9,6.98,33.21,40.19,74.53,71.46,60.39
2022-08-08,33.33,32.2,35.97,41.43,35.97,39.55,42.75,31.64,37.85,45.2,37.29,42.75,45.07,49.34,55.93,42.0,47.83,49.52,65.35,35.59,45.95,49.9,8.29,33.71,40.23,70.43,69.25,61.12
2022-08-09,40.2,37.36,40.2,44.32,39.35,42.05,45.26,34.09,38.92,46.16,39.06,43.47,46.57,48.01,55.68,43.04,48.15,50.8,66.9,36.93,46.45,50.95,8.81,33.24,41.61,70.31,71.39,66.13
2022-08-10,31.58,25.43,25.88,33.52,27.02,32.23,34.67,17.45,24.29,35.58,26.91,32.91,35.72,34.66,47.78,33.41,41.6,44.54,62.49,31.58,43.43,46.89,5.25,28.69,35.25,67.09,63.45,55.93
2022-08-11,28.57,25.07,26.05,34.03,28.29,33.47,36.18,20.17,27.59,37.96,29.97,36.99,40.38,38.1,50.7,35.85,44.16,46.31,65.83,35.01,44.73,48.05,5.6,30.66,37.63,69.62,67.29,58.47
2022-08-12,26.53,25.97,25.6,33.21,27.27,30.97,34.93,24.3,28.57,38.78,30.43,36.94,40.69,34.69,47.68,34.32,41.79,46.07,63.08,34.14,43.28,47.41,6.31,28.36,38.39,64.55,67.56,65.64
2022-08-15,25.3,25.0,28.27,31.85,24.7,28.96,31.19,24.11,25.6,39.29,27.98,34.33,38.84,34.82,47.62,32.14,38.81,43.43,65.48,30.95,41.49,45.26,4.17,24.18,33.64,62.39,64.22,66.97
2022-08-16,13.25,15.66,17.77,26.51,20.18,23.49,26.23,24.4,30.42,41.27,33.73,37.95,41.05,41.57,53.01,39.46,43.07,46.91,65.36,34.34,43.67,47.22,6.93,27.11,36.73,62.95,64.2,66.36
2022-08-17,21.57,25.42,33.33,23.57,30.98,34.76,38.85,28.6,39.9,28.75,33.4,38.64,43.22,56.82,26.07,35.62,46.8,50.34,3.93,23.38,37.48,42.53,72.73,68.93,69.43,67.18,67.82,62.07
2022-08-18,19.2,21.87,29.66,20.68,27.59,32.75,36.47,26.21,38.1,25.85,31.48,37.02,40.6,52.24,24.96,32.96,43.02,47.02,4.1,21.85,36.63,40.83,68.15,65.31,68.12,66.28,67.43,60.55
2022-08-19,23.83,30.67,38.9,31.67,36.41,41.39,46.0,38.67,49.4,35.23,40.11,46.81,52.17,63.17,31.32,40.85,50.1,53.78,5.87,29.02,40.04,46.45,69.69,67.7,69.79,67.7,71.4,69.79
2022-08-22,44.43,47.42,54.98,47.96,54.06,59.07,61.19,51.91,60.65,47.42,56.64,60.42,63.24,70.96,43.52,56.83,57.53,60.27,13.85,41.33,45.95,52.97,73.62,69.69,72.6,67.76,72.15,74.43
2022-08-23,42.91,46.94,52.27,45.83,49.65,54.74,58.7,50.2,58.13,43.91,50.63,55.47,59.39,66.93,37.48,50.49,52.99,57.68,7.8,36.39,41.75,50.85,72.92,67.59,72.35,63.94,72.35,75.94
2022-08-24,33.55,38.57,44.82,37.53,42.15,45.23,49.25,43.7,51.91,38.98,44.1,48.17,51.43,61.61,33.41,42.84,49.0,52.93,6.68,32.65,40.28,46.38,69.64,62.9,66.58,59.72,64.94,64.53
2022-08-25,34.61,38.78,45.22,36.35,41.33,42.21,43.66,48.35,53.39,39.65,45.01,45.36,49.32,63.48,33.22,43.08,46.76,49.12,4.87,29.42,38.53,43.27,67.08,60.42,62.77,54.29,57.5,54.58
2022-08-26,63.16,67.84,69.98,60.04,62.08,61.89,62.69,66.67,68.62,55.95,59.92,58.74,60.71,74.66,46.59,54.81,55.6,57.84,14.04,41.45,44.99,50.11,71.91,63.26,64.46,58.94,64.02,62.69
2022-08-29,62.08,65.62,68.17,59.53,61.3,61.49,63.43,62.87,68.17,53.83,56.97,57.37,59.6,73.67,47.35,53.24,55.6,57.37,13.16,37.33,44.79,51.31,70.33,62.87,65.05,61.1,62.22,61.41
2022-08-30,62.85,66.86,71.03,61.96,64.64,64.49,66.97,67.9,71.32,57.36,61.07,60.33,62.84,75.33,51.11,57.36,57.95,59.33,18.72,43.98,49.63,54.43,76.23,65.38,69.27,58.54,64.22,69.11
2022-08-31,58.63,60.55,63.79,56.0,57.57,59.01,61.56,60.43,65.11,53.12,56.85,57.21,59.58,68.47,48.68,54.57,55.77,57.85,20.26,43.63,49.88,54.39,70.79,63.7,67.0,62.26,64.77,63.16
2022-09-01,58.69,59.85,64.38,55.62,56.52,57.83,60.99,58.54,65.26,52.12,56.08,56.22,58.43,72.12,49.34,53.88,54.61,57.53,18.1,40.12,46.85,52.71,68.96,60.61,65.51,56.08,62.95,67.92
2022-09-02,62.72,64.27,66.8,58.64,59.65,60.23,62.73,61.17,65.83,52.82,56.34,56.53,59.12,69.71,48.35,53.8,54.0,57.31,19.03,42.11,47.17,54.31,70.37,61.99,68.14,56.73,65.93,71.34
2022-09-06,71.94,71.79,74.89,65.14,66.32,66.32,68.34,71.49,75.63,61.89,61.15,61.74,65.45,77.99,50.37,55.54,56.72,60.12,16.84,41.21,46.09,53.27,68.83,63.52,68.65,56.57,68.19,74.43
2022-09-07,61.63,60.68,62.81,55.73,56.2,55.73,57.91,58.09,61.98,48.64,51.59,52.89,54.62,66.23,42.74,49.7,49.7,51.95,13.58,36.13,41.2,46.84,65.41,58.44,61.8,51.36,56.93,62.53
2022-09-08,55.68,56.39,58.52,50.99,52.7,52.41,53.65,55.82,59.94,46.73,50.28,51.28,52.63,62.36,40.06,47.87,47.59,49.42,12.93,35.65,41.05,44.3,65.48,58.38,60.23,49.72,54.53,55.85
2022-09-09,49.16,51.41,54.41,48.03,49.91,50.28,52.32,54.97,59.29,46.53,49.34,50.66,51.74,62.85,38.65,47.84,47.09,49.42,10.32,35.08,39.21,43.44,66.79,58.16,61.2,47.84,55.21,63.51
2022-09-12,56.37,58.8,60.67,52.62,54.12,53.75,55.0,61.99,64.23,50.94,52.06,51.5,52.88,64.79,41.2,48.5,48.5,49.23,12.55,34.83,40.26,40.77,64.98,56.74,56.35,48.31,48.85,48.46
2022-09-13,71.75,73.87,74.86,68.93,68.79,68.36,68.65,73.59,75.99,64.27,64.97,64.69,65.46,75.71,52.12,56.36,56.64,58.93,18.93,44.21,47.6,51.23,76.13,68.36,65.17,58.47,57.62,56.6
2022-09-14,67.23,72.11,73.36,67.12,68.03,67.5,67.64,73.7,75.17,63.61,65.99,65.57,65.89,73.81,52.83,58.73,58.75,59.81,22.79,49.77,50.57,54.56,80.27,71.02,67.17,57.95,57.36,54.44
2022-09-15,68.25,71.73,72.84,67.27,67.69,67.27,67.19,72.01,74.79,62.26,64.48,63.92,65.18,75.21,52.37,57.52,57.06,58.85,20.47,46.94,48.39,52.66,79.39,68.95,65.32,55.8,56.55,55.97
2022-09-16,67.71,69.74,71.4,66.42,66.79,66.98,66.22,71.59,73.06,60.52,63.47,62.34,64.69,72.14,51.66,56.46,57.51,58.02,20.48,48.15,49.35,53.05,80.26,71.43,66.41,58.81,56.11,50.19
2022-09-19,73.67,74.85,75.44,68.64,70.41,69.73,69.91,71.01,73.96,62.43,63.91,64.09,64.74,72.49,52.66,55.62,56.68,58.66,18.34,42.31,48.66,50.15,71.3,67.36,63.83,63.2,58.05,49.85
2022-09-20,78.44,78.44,80.24,76.35,76.65,75.75,75.15,80.24,82.04,71.56,72.16,69.46,71.47,78.74,60.48,64.07,61.98,62.27,27.54,51.8,52.99,53.07,79.34,67.96,65.64,58.98,55.21,51.23
2022-09-21,87.54,88.39,78.7,80.36,78.65,77.11,77.31,87.86,62.28,73.7,72.72,71.13,72.96,29.13,59.82,63.47,62.32,67.12,85.68,79.79,74.77,76.36,71.0,64.91,71.47,60.45,72.69,77.99
2022-09-22,87.37,86.85,78.89,78.37,76.48,75.44,75.78,85.81,65.92,68.17,66.55,65.51,69.19,27.16,53.46,58.19,58.19,61.82,81.31,76.48,70.73,73.84,66.72,60.8,68.41,57.49,69.57,77.71
2022-09-23,89.34,90.31,84.69,84.88,83.98,81.45,82.68,90.5,72.29,76.74,74.61,74.61,77.63,34.88,58.33,61.91,61.33,67.76,85.85,80.86,76.76,80.7,73.83,68.75,77.63,62.7,76.75,82.24
2022-09-26,90.04,91.6,84.38,85.16,83.98,83.2,85.14,89.65,74.02,76.95,75.39,74.8,79.72,36.72,59.96,64.26,62.3,68.47,84.77,83.2,80.27,85.14,76.95,68.95,79.12,62.3,77.11,82.93
2022-09-27,90.55,91.88,86.71,87.0,86.41,85.52,86.63,91.58,78.58,81.24,80.21,78.43,83.59,42.25,63.37,65.88,65.58,73.25,86.26,84.19,82.13,86.17,77.84,74.89,83.74,65.88,82.52,87.99
2022-09-28,85.82,87.6,81.05,82.24,81.48,79.33,82.68,88.92,72.35,75.57,74.79,73.95,79.48,37.07,58.52,62.37,62.13,69.04,83.55,81.48,78.61,85.14,75.87,72.52,82.43,66.31,80.34,85.5
2022-09-29,89.4,90.86,84.76,85.34,85.01,83.99,85.48,90.86,76.63,79.25,78.75,76.86,82.63,39.62,61.83,65.07,65.21,72.6,86.79,84.86,81.66,86.53,78.75,74.67,83.68,66.23,81.89,88.02
2022-09-30,87.64,91.31,86.49,87.64,87.21,86.05,86.85,92.08,82.82,85.14,85.47,82.36,85.46,44.79,66.22,69.77,68.99,77.89,89.19,88.57,83.91,87.65,79.46,75.97,84.86,69.96,84.66,88.45
2022-10-03,83.27,87.8,80.12,83.07,83.46,81.69,82.76,88.39,75.0,77.95,79.13,76.97,81.34,39.96,61.81,67.13,66.54,74.65,86.02,86.02,81.89,87.02,80.31,75.2,84.18,67.52,83.37,86.21
2022-10-04,81.5,82.53,75.33,76.51,76.36,74.45,77.61,81.35,64.17,68.43,68.28,68.43,73.83,30.84,54.48,58.59,61.23,68.08,82.38,80.76,76.36,83.36,72.54,68.87,79.58,66.52,82.15,85.93
2022-10-05,80.87,83.33,76.76,77.93,77.35,75.7,78.11,83.1,67.49,72.07,70.77,69.84,75.09,39.08,56.92,60.09,61.5,68.8,81.92,79.34,73.0,81.62,70.54,66.2,77.63,63.15,80.77,85.97
2022-10-06,83.05,86.44,80.08,81.92,81.07,79.38,81.1,87.29,74.29,75.85,76.13,73.87,77.76,42.66,59.18,63.14,63.56,70.78,81.5,82.06,76.84,84.3,76.27,71.33,81.98,64.69,82.85,87.65
2022-10-07,83.58,88.06,83.58,84.14,84.14,82.65,83.11,90.86,79.85,81.72,80.97,80.41,82.92,48.88,67.35,70.15,69.03,75.82,84.89,83.77,80.41,86.56,79.29,76.12,85.03,71.27,85.41,89.06
2022-10-10,83.8,87.15,83.43,83.99,84.36,83.8,84.32,91.06,81.56,83.24,83.43,82.12,84.7,54.38,72.63,76.16,74.86,79.16,86.41,86.96,85.1,88.72,84.54,81.94,87.95,74.12,87.0,90.44
2022-10-11,85.53,88.48,84.83,85.67,86.1,85.11,85.43,91.43,82.02,83.85,84.69,83.71,86.0,53.79,73.03,77.39,76.54,80.52,87.36,88.76,86.24,89.03,86.52,83.43,88.74,74.3,87.45,90.76
2022-10-12,84.55,87.15,82.98,84.44,84.44,83.73,84.2,90.3,79.93,83.09,83.43,82.37,84.32,52.87,72.49,74.63,74.01,78.98,88.28,87.03,84.86,88.5,81.96,80.23,87.22,73.79,85.71,89.78
2022-10-13,81.16,85.04,81.02,82.41,83.1,82.34,82.83,88.92,78.25,81.86,83.1,81.36,83.4,53.46,73.55,76.45,74.41,78.97,88.09,88.09,84.42,88.13,84.63,79.69,86.7,68.98,83.69,89.13
2022-10-14,83.85,86.06,82.2,84.04,83.85,82.66,82.92,89.17,78.9,81.83,82.57,81.55,82.73,53.76,73.39,75.23,73.25,78.37,88.81,86.79,83.21,86.15,81.28,78.04,85.2,69.19,81.97,86.53
2022-10-17,82.65,85.0,82.06,83.24,83.53,82.89,83.38,89.12,78.53,83.24,83.82,83.19,83.08,57.94,72.94,75.88,73.75,79.46,88.82,87.65,86.43,88.52,82.65,81.71,86.71,72.86,84.89,87.92
2022-10-18,85.12,86.9,83.04,84.52,83.93,83.33,82.93,86.9,76.19,78.87,80.65,79.76,81.4,57.14,69.94,74.11,72.32,75.91,87.5,86.01,83.04,84.76,80.95,79.46,83.84,70.24,80.49,83.23
2022-10-19,90.87,80.89,84.83,83.52,81.91,82.46,84.03,51.17,71.18,77.1,75.65,78.13,80.65,89.49,87.39,82.48,84.8,87.01,80.42,78.16,82.34,85.25,74.63,81.87,85.25,87.02,88.36,85.25
2022-10-20,86.92,77.28,80.38,79.52,77.3,78.68,79.19,56.63,69.19,71.26,69.67,74.18,78.03,85.71,84.17,79.38,81.63,84.01,77.8,76.26,79.55,83.82,71.75,79.9,83.62,83.88,86.51,84.97
2022-10-21,87.48,79.19,81.5,80.15,77.86,79.03,79.3,56.07,69.17,71.48,69.9,73.01,77.12,86.13,85.74,79.61,81.36,84.1,77.84,76.12,78.25,82.57,70.1,76.89,82.14,81.36,84.75,85.19
2022-10-24,82.91,73.98,78.06,77.28,75.73,76.89,78.24,52.62,66.8,68.54,66.6,69.13,75.25,83.69,82.91,77.09,80.78,85.23,76.12,73.4,78.06,84.83,65.05,76.89,83.83,83.3,87.82,86.43
2022-10-25,79.44,68.28,73.13,72.83,71.66,72.1,74.32,45.08,60.94,63.73,62.85,65.05,68.73,80.62,77.39,72.54,74.16,81.42,70.78,68.28,70.78,79.46,64.02,71.95,80.97,78.56,83.99,83.23
2022-10-26,76.18,65.52,69.55,69.31,68.29,69.24,71.92,44.91,58.41,60.31,60.81,62.95,66.79,76.54,71.56,68.41,71.38,77.66,67.65,65.32,69.12,77.17,62.95,73.63,80.59,80.88,85.1,82.78
2022-10-27,73.45,61.76,64.65,64.5,64.54,65.99,68.01,39.68,53.1,54.83,56.15,58.76,62.95,70.85,66.23,63.39,66.57,72.47,63.49,61.07,65.85,73.21,60.2,68.02,76.49,79.59,84.52,83.48
2022-10-28,69.1,57.58,61.04,61.61,61.85,63.01,66.53,38.58,50.29,52.98,54.34,57.23,61.78,67.56,65.26,62.24,64.74,71.29,62.96,61.46,65.9,72.28,61.46,66.09,74.85,75.72,83.96,84.55
2022-10-31,75.15,61.84,63.41,61.45,60.67,61.84,64.11,31.51,45.79,47.55,49.71,52.64,55.44,65.95,59.49,57.73,61.45,66.13,52.25,55.38,60.27,65.32,54.79,61.45,67.94,72.8,77.02,74.8
2022-11-01,77.23,65.26,66.72,64.96,65.11,66.13,68.87,41.31,52.7,53.72,54.45,56.64,61.2,70.8,64.96,61.46,64.23,69.47,54.31,57.66,61.61,67.07,57.81,63.21,71.88,72.55,80.45,78.35
2022-11-02,74.8,62.78,63.59,62.31,61.49,62.78,65.99,37.34,48.66,50.99,51.46,54.49,58.29,64.06,62.43,59.16,62.43,66.71,58.69,57.88,62.08,66.95,54.61,61.38,67.91,72.35,76.68,75.96
2022-11-03,76.54,64.33,66.29,64.04,63.62,63.9,66.76,38.9,51.83,52.39,52.67,55.06,58.53,70.51,64.33,60.67,62.36,66.04,53.93,57.02,59.97,64.31,56.04,60.39,66.04,66.71,72.98,73.41
2022-11-07,76.48,64.63,65.56,65.0,65.0,64.81,66.16,42.41,51.85,53.52,52.22,53.52,56.65,62.41,61.85,59.81,60.0,63.12,60.0,58.52,58.33,63.31,54.07,58.15,62.36,62.96,69.39,71.67
2022-11-08,79.47,70.95,71.79,71.37,70.11,69.41,71.02,46.23,56.7,58.94,58.8,59.36,62.7,72.77,71.37,64.8,66.2,68.87,65.5,62.15,63.97,66.57,56.15,61.59,64.99,67.6,71.59,71.45
2022-11-09,78.7,72.09,73.21,72.87,71.75,70.9,73.09,49.78,59.64,62.0,61.88,62.02,65.24,75.22,73.77,69.28,68.65,71.48,69.17,64.91,66.07,68.59,57.96,63.37,67.21,69.21,73.56,71.82
2022-11-10,65.15,55.37,58.4,60.61,59.78,60.72,62.3,35.12,48.76,53.31,52.89,55.19,58.61,65.56,66.8,62.67,64.45,67.71,66.8,63.5,65.42,67.85,57.3,63.76,67.28,70.12,75.53,71.55
2022-11-11,57.66,43.8,48.91,52.74,54.01,56.33,58.49,23.18,42.15,47.08,48.18,51.19,54.34,59.67,62.23,60.58,62.02,66.04,65.69,62.59,64.59,68.3,59.31,63.85,67.92,69.72,75.28,73.02
2022-11-14,66.08,52.05,56.43,59.06,57.89,58.65,61.26,25.73,45.32,49.42,48.25,53.08,55.26,64.33,63.74,60.23,61.58,64.86,61.11,59.65,61.88,65.47,57.6,63.93,68.77,70.38,74.47,71.77
2022-11-15,66.27,56.8,59.76,60.65,59.76,61.54,63.94,34.62,50.89,52.96,53.85,56.21,59.39,64.2,64.5,60.95,62.13,67.27,64.5,61.54,63.91,67.88,57.99,64.2,70.0,69.82,76.06,73.64
2022-11-16,26.07,34.65,40.2,44.54,48.08,57.36,59.14,49.34,51.79,59.68,65.27,66.54,67.72,51.11,63.38,67.46,70.17,69.07,60.04,67.09,70.36,69.53,74.95,77.06,69.98,79.16,68.17,42.44
2022-11-17,22.41,32.45,37.07,41.48,46.72,54.01,54.28,47.28,48.64,57.82,62.96,64.89,65.77,49.66,62.74,66.97,68.51,65.54,60.63,67.7,69.08,66.89,75.0,75.0,67.57,74.24,60.59,37.39
2022-11-18,19.9,31.91,35.99,39.82,45.36,50.67,51.01,50.33,49.41,55.79,62.11,64.19,63.82,47.71,58.42,64.12,65.14,61.35,55.79,66.12,67.43,64.27,76.68,74.1,65.84,72.0,57.3,35.06
2022-11-21,15.44,28.24,32.88,34.5,39.82,45.25,44.84,46.14,45.08,48.69,57.64,60.27,58.07,46.44,54.47,59.82,61.41,56.28,51.84,62.18,63.12,56.28,72.18,68.44,59.87,66.92,49.1,32.51
2022-11-22,11.15,23.72,27.99,31.0,35.69,37.79,39.03,44.74,43.63,45.01,51.94,55.32,52.26,43.5,47.98,56.11,55.46,52.26,48.79,59.86,58.91,52.93,68.75,61.78,55.61,58.76,43.22,30.49
2022-11-23,9.05,19.05,24.27,26.54,32.92,35.92,36.28,43.26,42.32,42.98,47.58,52.03,49.26,42.96,43.2,52.65,52.49,50.47,47.26,57.95,57.13,51.94,66.07,60.02,54.75,58.29,43.78,30.39
2022-11-25,8.06,21.31,26.87,27.64,34.62,38.88,36.23,50.67,48.94,48.75,51.45,53.58,52.06,50.67,48.75,53.0,53.58,52.71,46.07,55.51,55.13,52.93,60.35,57.64,55.75,60.54,49.46,37.53
2022-11-28,16.41,32.05,37.07,38.42,42.47,45.56,44.84,54.05,51.54,51.74,54.63,55.41,55.56,51.74,51.93,55.6,57.14,55.36,51.16,58.49,58.49,55.36,64.29,60.62,54.17,62.55,46.43,28.17
2022-11-29,16.79,31.24,34.89,37.52,41.17,43.65,43.54,51.68,47.88,48.61,52.7,53.87,54.95,48.32,49.05,52.85,55.18,54.2,47.74,58.1,58.69,56.01,64.23,61.9,56.01,64.23,48.8,30.78
2022-11-30,12.96,26.03,29.92,32.74,37.66,39.2,39.32,45.11,43.23,44.41,49.47,51.24,50.73,47.0,45.82,51.83,53.48,53.4,44.05,56.55,56.08,55.46,64.46,59.27,55.58,59.74,49.64,34.83
2022-12-01,5.88,17.79,24.96,28.26,32.81,35.25,35.5,42.32,42.32,42.75,47.77,50.07,48.52,45.62,45.62,50.65,52.52,52.22,43.62,55.25,54.68,53.99,61.87,56.83,54.14,59.14,47.49,31.36
2022-12-02,6.68,18.32,24.24,26.91,31.03,32.76,34.84,38.74,38.74,39.69,44.83,46.55,46.06,40.65,40.08,47.32,49.23,49.21,40.65,53.64,52.87,52.56,62.26,55.75,54.13,55.36,48.23,34.84
2022-12-05,13.04,22.57,27.04,28.99,35.02,38.33,38.68,43.77,43.19,43.97,47.86,51.17,50.1,44.36,45.14,50.97,53.31,51.9,43.77,55.06,58.75,56.51,64.79,65.56,59.32,68.87,54.91,34.07
2022-12-06,22.79,36.43,39.91,41.07,45.14,47.9,48.58,54.72,53.41,51.52,54.14,55.88,55.61,51.52,49.35,53.56,56.75,54.56,46.15,56.46,59.65,56.65,65.31,66.18,58.74,67.92,52.91,30.94
2022-12-07,26.25,41.11,44.72,46.69,49.25,50.52,51.32,60.39,58.89,56.21,57.49,58.89,57.66,55.87,53.19,56.33,58.19,56.1,48.9,58.54,60.51,57.18,66.32,64.46,57.42,63.65,49.4,29.55
2022-12-08,25.73,39.72,42.1,43.36,47.13,49.23,49.35,57.2,55.38,52.73,54.97,55.1,54.96,53.15,49.37,53.15,55.24,53.24,46.43,55.38,57.06,54.1,64.34,60.56,56.69,56.36,47.48,31.37
2022-12-09,34.94,47.5,48.61,49.91,51.02,51.94,52.47,61.55,57.86,54.9,55.82,57.12,56.46,55.45,50.65,53.97,56.19,54.94,47.32,55.82,57.86,54.94,64.14,62.48,56.65,62.85,50.76,31.56
2022-12-12,43.46,54.33,56.17,55.99,56.72,57.09,56.52,67.03,65.56,61.69,62.06,61.51,59.92,58.38,56.72,56.91,57.27,54.25,49.17,57.64,57.09,53.31,65.01,62.8,54.06,60.96,46.12,28.36
2022-12-13,30.97,41.25,44.31,44.17,45.83,47.5,47.5,57.64,54.58,51.67,51.94,52.08,50.78,51.94,48.33,49.31,50.42,48.79,42.64,50.83,51.25,47.79,56.67,55.69,49.07,56.11,39.94,24.39
2022-12-14,19.51,28.43,31.88,35.12,37.46,40.0,38.69,44.7,44.04,44.04,46.04,47.93,46.73,46.27,44.93,48.27,49.72,47.42,43.03,51.84,52.07,47.42,58.97,57.43,47.88,55.75,37.66,19.86
2022-12-15,33.01,41.92,45.89,45.89,49.59,51.58,51.06,55.62,55.21,55.34,56.85,56.95,54.31,55.89,53.97,55.48,56.26,53.47,51.51,58.9,58.46,55.16,68.77,64.79,54.88,59.28,44.13,26.45
2022-12-16,36.84,42.47,44.65,45.37,49.36,52.01,51.22,51.36,50.82,52.09,53.36,55.29,53.1,49.91,51.36,54.26,55.66,53.1,54.81,60.62,62.04,57.79,69.33,68.98,56.85,66.42,48.22,27.39
2022-12-19,46.8,45.93,47.97,49.13,50.87,53.35,54.33,46.8,49.13,48.84,48.84,52.48,50.45,50.0,49.42,52.62,53.64,51.34,52.62,56.69,56.85,53.43,61.63,61.52,54.93,62.1,49.55,29.85
2022-12-20,33.24,37.35,39.71,42.65,46.47,47.94,49.4,51.18,50.29,49.71,48.53,52.65,51.81,42.65,45.59,48.53,53.24,51.51,52.65,56.47,57.94,56.33,58.24,62.35,57.23,67.65,54.82,33.43
2022-12-21,41.28,40.02,40.3,43.65,47.24,47.98,51.4,39.08,39.66,42.12,46.79,46.47,52.6,39.55,48.8,55.01,50.29,55.81,54.92,61.75,55.14,60.61,66.03,50.75,62.62,36.65,59.28,76.9
2022-12-22,59.11,58.26,56.56,58.6,60.21,58.32,60.38,52.81,50.6,55.2,58.66,56.26,59.24,53.15,57.41,61.06,57.98,60.38,63.2,65.01,58.66,63.62,66.9,53.86,63.05,38.59,58.29,74.29
2022-12-23,52.67,53.24,50.76,53.82,55.77,54.23,56.68,52.29,49.24,51.91,55.77,53.46,57.33,49.43,53.63,57.5,52.69,57.54,58.4,61.54,54.81,59.7,63.65,49.81,60.56,36.35,58.19,75.65
2022-12-27,50.58,51.31,49.13,50.58,53.05,51.45,54.71,48.55,47.09,49.56,53.2,50.87,55.46,49.85,51.6,56.1,51.74,56.35,54.07,59.74,52.76,58.0,64.24,49.85,57.4,32.41,51.57,76.08
2022-12-28,54.28,53.69,52.17,52.05,53.82,52.29,55.19,47.83,47.13,48.65,52.17,50.41,54.59,50.88,51.82,54.29,50.76,55.31,51.47,58.17,51.59,57.13,61.46,48.41,55.92,31.26,52.9,78.99
2022-12-29,51.36,52.07,49.07,49.64,51.07,49.79,52.5,48.79,45.22,46.08,50.36,49.36,51.91,44.94,48.93,50.93,48.35,53.38,50.78,56.51,50.21,56.18,57.65,47.07,55.59,31.9,53.24,77.65
2022-12-30,47.06,47.63,45.54,48.01,49.9,49.33,51.86,46.68,44.59,45.92,51.05,49.14,52.84,46.3,50.47,52.57,50.29,54.79,53.89,58.48,51.43,58.32,61.33,49.33,58.12,32.19,56.56,81.41
2023-01-03,61.56,57.23,56.79,56.65,56.07,54.62,56.55,50.43,50.0,49.42,50.72,49.57,53.12,48.84,49.57,51.45,48.27,51.93,49.57,54.62,49.13,54.61,57.95,47.25,54.91,30.49,50.15,70.98
2023-01-04,62.77,57.11,55.26,54.45,54.68,51.56,54.64,46.24,46.01,46.59,48.32,45.2,48.93,47.4,47.4,49.83,44.62,48.93,45.43,52.95,43.12,50.71,55.49,41.85,52.86,24.28,45.71,73.45
2023-01-05,65.92,59.53,58.41,57.44,56.33,53.82,56.08,50.21,48.12,48.12,49.93,47.29,50.36,46.45,47.71,50.49,45.62,50.07,47.98,53.69,46.04,53.22,57.3,43.81,53.93,25.73,47.21,74.11
2023-01-06,68.57,61.76,59.56,58.27,56.25,54.23,55.58,51.47,47.98,48.53,48.71,46.69,48.58,46.69,47.79,49.45,44.67,46.5,48.35,52.57,42.83,49.72,49.63,38.97,48.02,25.92,43.67,67.3
2023-01-09,66.48,64.1,62.45,61.9,61.17,57.69,60.15,58.06,55.13,54.4,52.93,50.37,53.2,52.93,52.75,51.65,48.53,51.32,51.83,54.58,45.79,51.69,53.85,42.49,50.38,26.74,44.36,68.05
2023-01-10,61.46,57.32,54.56,54.83,54.7,52.62,54.89,50.97,48.9,49.03,49.45,47.24,49.22,46.82,48.9,49.45,46.41,48.79,51.93,55.25,45.03,49.79,56.08,41.57,48.79,24.59,39.57,65.25
2023-01-11,61.42,59.2,57.76,57.65,57.1,54.67,56.62,55.21,53.22,52.99,52.33,48.78,51.03,50.67,51.11,50.55,47.78,50.91,52.66,54.55,45.22,50.0,53.66,41.56,48.86,25.56,41.32,66.55
2023-01-12,50.27,47.28,45.23,45.5,46.32,43.91,45.57,41.28,39.65,41.28,42.1,40.63,43.74,39.51,42.37,44.01,41.45,44.16,46.59,46.46,40.9,45.01,44.01,36.11,41.07,24.9,37.97,59.35
2023-01-13,57.22,49.64,46.57,47.11,47.47,44.65,45.9,37.91,38.45,40.79,40.97,40.65,41.42,38.99,42.96,43.68,41.02,43.28,49.82,48.38,40.47,43.1,43.68,33.94,38.62,22.32,33.96,51.49
2023-01-17,47.21,48.68,48.68,48.68,49.27,47.51,48.35,51.91,50.44,48.68,46.63,43.11,45.95,41.94,44.57,43.99,39.3,42.64,48.39,44.87,39.3,41.74,42.82,32.26,37.24,21.7,33.93,53.45
2023-01-18,53.82,48.69,49.68,50.93,48.54,51.73,50.93,40.42,43.06,45.04,41.14,44.82,45.61,50.32,55.73,41.14,48.04,46.41,52.67,41.37,44.7,44.55,20.74,39.63,36.84,61.29,47.74,34.04
2023-01-19,61.02,59.32,58.31,57.12,54.1,54.95,54.36,50.85,51.86,50.34,46.93,48.81,48.3,57.12,52.37,44.2,47.44,46.59,45.08,38.23,43.34,43.18,27.13,42.49,40.91,60.24,46.4,33.14
2023-01-20,58.06,55.79,55.79,54.84,51.43,52.2,50.75,49.53,50.28,48.58,45.12,46.46,45.82,56.36,51.23,42.26,46.08,44.54,44.59,35.18,40.92,40.47,23.71,37.86,35.55,58.7,44.54,31.26
2023-01-23,53.92,53.15,53.73,51.82,49.14,50.48,49.9,49.52,51.63,49.9,46.27,47.99,46.76,56.41,52.58,43.4,46.65,43.22,45.51,35.56,41.3,38.11,22.37,38.05,34.18,56.6,41.85,23.77
2023-01-24,53.76,51.16,49.57,48.55,44.94,46.82,45.17,43.35,44.22,44.08,40.32,43.21,39.82,51.3,47.25,37.43,41.47,37.44,39.88,29.91,36.56,32.54,19.8,35.12,28.83,55.78,36.4,17.68
2023-01-25,52.56,51.52,51.05,50.93,48.13,49.77,48.62,45.8,48.14,47.55,43.69,46.61,44.9,54.43,52.1,42.41,46.85,42.86,46.97,34.81,42.06,38.06,21.38,39.02,34.21,61.68,41.66,21.97
2023-01-26,49.22,49.65,49.22,48.94,45.8,48.93,47.95,47.38,47.94,45.96,42.67,47.8,45.18,52.06,49.93,41.11,47.08,43.27,42.84,33.29,42.39,38.74,20.91,42.39,36.55,68.85,46.2,22.81
2023-01-27,48.68,47.55,46.79,47.17,44.32,45.83,45.14,43.58,44.53,44.34,41.48,44.51,43.19,51.32,48.68,40.34,44.13,41.83,41.32,32.58,39.39,35.6,21.97,38.45,33.85,57.39,38.91,22.37
2023-01-30,63.39,60.5,61.27,59.15,55.3,55.49,54.56,53.18,56.65,53.56,49.13,50.87,48.41,59.73,53.76,46.82,48.75,43.65,45.09,37.96,43.35,38.89,26.2,43.16,33.53,57.03,37.3,18.45
2023-01-31,57.47,56.75,57.47,56.47,51.01,53.02,51.48,52.01,52.3,51.15,45.98,48.56,45.27,54.02,51.29,42.1,46.26,42.9,46.98,34.2,43.39,38.17,19.54,40.8,32.25,66.95,39.79,17.16
2023-02-01,51.38,49.43,49.08,49.2,44.37,46.67,45.21,45.63,46.9,46.32,41.84,42.87,41.42,50.92,47.24,39.43,42.18,40.12,43.22,30.92,37.59,34.44,18.97,35.17,29.59,52.07,36.69,20.36
2023-02-02,56.71,53.94,53.8,53.67,48.82,50.21,50.92,47.03,50.21,48.27,43.85,46.47,45.38,56.43,50.62,43.02,46.61,44.81,46.06,34.72,42.05,40.4,20.61,40.66,37.13,61.55,47.51,28.88
2023-02-03,53.38,48.99,48.99,50.09,47.71,49.36,50.19,43.51,47.17,48.26,45.16,48.63,45.86,52.65,51.92,45.34,49.73,45.3,50.09,41.32,48.45,42.86,23.58,45.34,37.78,67.64,47.56,23.87
2023-02-06,61.75,59.74,61.2,61.93,57.38,57.92,57.2,55.37,57.01,57.01,51.91,53.01,52.15,60.47,59.38,50.09,51.91,51.4,57.01,44.08,47.91,46.92,28.6,46.63,39.44,63.57,47.48,27.66
2023-02-07,57.55,55.77,55.22,55.36,51.1,53.02,51.76,53.3,53.16,51.92,46.84,49.04,48.94,52.88,51.24,45.05,48.21,46.69,49.59,37.23,45.47,43.44,24.73,43.41,37.09,63.87,47.53,27.79
2023-02-08,61.08,58.65,59.87,61.41,57.0,58.67,58.46,55.24,56.67,57.99,52.48,54.36,53.46,58.88,60.86,50.83,53.81,52.89,62.07,47.85,53.26,50.17,29.66,47.62,43.7,68.07,51.53,30.76
2023-02-09,63.82,63.41,65.85,65.45,62.2,62.31,61.82,60.03,63.01,63.14,58.54,59.05,57.62,66.67,65.85,55.01,58.23,54.97,62.47,49.46,53.74,50.77,33.06,48.16,44.34,67.62,50.35,29.37
2023-02-10,62.66,60.5,62.3,63.38,60.32,61.37,61.22,57.63,58.89,61.04,57.81,59.39,59.0,61.22,64.81,55.48,59.21,57.14,67.86,54.04,57.22,57.33,36.27,51.26,50.65,70.58,56.77,36.18
2023-02-13,55.04,58.5,61.96,60.81,58.21,58.38,58.28,60.23,61.67,59.37,57.35,58.96,57.99,65.42,60.52,53.6,55.78,54.14,53.6,45.82,50.87,49.41,37.75,51.73,47.63,67.05,54.73,34.32
2023-02-14,41.11,44.02,49.27,50.15,48.4,51.02,51.34,50.44,54.81,53.64,47.52,51.6,50.15,60.64,54.52,46.94,52.48,49.85,51.6,40.52,49.27,47.46,31.49,51.9,43.58,72.89,52.24,27.16
2023-02-15,38.76,41.53,43.36,42.53,48.11,48.78,51.88,43.0,43.7,40.45,49.91,47.65,51.0,44.54,36.46,54.41,47.65,51.22,39.41,55.14,46.14,50.55,77.3,54.24,58.54,31.64,43.02,58.31
2023-02-16,56.42,57.72,57.05,56.15,62.59,61.65,64.16,56.26,54.7,50.61,60.97,58.27,61.95,50.34,43.5,59.17,52.26,56.42,38.99,56.12,49.81,54.65,79.5,59.77,66.59,36.84,54.2,69.91
2023-02-17,58.6,58.28,58.12,57.79,63.73,62.29,64.02,55.84,54.61,51.21,61.76,57.97,60.49,50.25,46.37,59.96,52.16,55.19,41.0,59.25,49.72,53.42,79.53,58.54,63.8,33.21,46.14,64.68
2023-02-21,74.92,75.44,75.16,74.43,75.17,72.77,72.82,72.84,73.67,68.8,71.38,67.39,70.05,68.37,63.06,68.71,63.73,67.15,46.15,64.48,58.12,61.21,81.85,63.16,67.28,37.99,55.8,73.48
2023-02-22,71.33,72.85,72.51,69.81,69.95,67.74,67.98,71.33,69.31,63.58,64.35,61.97,64.6,67.45,56.16,62.48,58.91,60.83,41.32,60.27,53.82,57.44,79.46,60.1,64.6,36.67,51.79,66.67
2023-02-23,64.15,68.3,66.6,63.21,65.02,62.17,62.55,68.49,64.34,59.43,61.79,58.75,61.06,56.79,50.38,59.7,55.32,57.02,42.45,59.51,53.42,55.96,77.95,57.79,62.34,35.55,49.79,60.64
2023-02-24,66.28,69.4,69.98,66.47,66.99,65.42,66.52,69.01,67.84,62.18,63.06,60.9,63.11,66.28,56.73,61.89,58.35,60.98,42.11,58.55,54.22,58.0,77.21,57.56,62.47,38.31,54.8,72.71
2023-02-27,59.28,64.17,63.6,59.71,63.02,59.86,62.43,66.62,63.6,56.69,60.72,57.7,60.06,59.42,50.79,57.84,54.39,57.4,37.41,57.7,52.37,55.92,76.55,54.96,60.06,36.83,49.7,67.9
2023-02-28,57.08,59.4,58.58,54.76,57.21,55.93,58.66,59.28,58.0,51.04,56.63,54.42,56.15,52.55,45.36,54.3,51.4,53.52,36.89,56.51,50.35,53.64,74.77,53.02,56.87,33.95,44.56,56.15
2023-03-01,55.85,58.67,58.82,54.16,56.44,55.3,58.58,60.23,58.96,52.05,57.28,54.17,56.98,56.56,47.39,55.59,52.19,54.36,34.27,56.01,49.5,54.36,76.66,53.18,59.59,31.12,46.95,64.39
2023-03-02,52.91,55.91,54.41,49.91,53.11,50.85,52.8,54.97,52.16,45.78,52.35,49.91,50.87,48.78,40.9,50.09,46.52,49.9,33.4,53.11,44.63,49.13,70.06,50.09,54.55,27.31,41.01,62.09
2023-03-03,46.64,50.0,47.63,44.66,48.21,47.62,49.59,50.4,46.64,42.89,49.01,46.63,47.76,42.09,36.36,47.02,42.86,45.31,31.23,51.19,43.85,46.73,69.05,51.39,52.86,28.77,38.98,52.24
2023-03-06,52.36,53.93,52.79,49.07,50.79,48.64,51.25,53.93,50.64,43.92,48.64,45.92,48.16,45.49,37.91,46.78,41.77,44.62,28.47,48.35,40.2,44.77,66.81,49.21,53.46,25.61,38.59,59.79
2023-03-07,56.64,57.32,57.67,53.66,55.49,52.97,55.24,55.61,55.26,48.17,52.4,50.69,53.24,54.0,43.59,51.37,46.57,49.35,31.12,51.83,42.68,48.88,72.31,51.83,57.24,28.03,43.58,65.25
2023-03-08,54.2,55.3,53.09,50.07,51.86,49.79,51.91,55.02,51.31,45.53,49.24,47.04,49.36,44.84,39.34,47.46,43.05,45.69,34.11,50.48,41.68,47.1,64.24,48.83,54.46,28.61,41.73,62.8
2023-03-09,71.27,72.73,72.73,68.36,69.09,66.0,69.16,72.18,73.27,65.64,67.09,62.36,66.54,67.82,58.0,61.09,57.45,61.5,45.27,58.36,53.09,59.44,74.73,55.09,63.18,34.91,55.89,77.2
2023-03-10,72.93,80.11,81.03,79.93,79.56,78.27,79.02,83.43,85.45,79.74,80.85,77.9,80.72,83.24,75.32,79.19,72.19,77.5,58.93,72.93,66.48,72.78,83.98,70.72,80.15,47.88,71.46,85.07
2023-03-13,78.39,79.07,77.84,77.56,79.07,77.02,77.11,75.51,75.79,73.05,75.51,72.5,75.28,73.05,69.77,75.24,71.55,73.74,62.24,77.29,71.96,73.46,88.37,78.8,80.76,56.22,68.54,76.12
2023-03-14,80.35,83.21,82.66,80.79,82.55,81.19,81.02,85.51,83.32,80.02,82.0,80.53,81.47,77.94,73.0,79.25,75.47,78.53,62.24,77.94,73.82,78.53,89.57,81.96,86.55,60.62,78.42,83.73
2023-03-15,73.85,73.99,72.91,71.43,72.91,71.04,73.02,71.43,70.49,66.31,70.75,68.06,70.1,62.94,60.51,69.0,64.28,67.73,56.2,72.78,67.12,69.4,88.27,76.18,77.75,50.74,62.45,72.74
2023-03-16,75.36,78.93,78.57,78.04,80.18,78.64,77.86,82.5,80.89,79.29,81.96,80.43,80.63,77.86,75.71,80.18,78.1,80.26,68.75,81.07,77.38,80.44,90.18,83.3,86.16,64.27,75.65,78.23
2023-03-20,63.66,66.86,65.7,62.21,64.24,63.95,66.07,65.99,62.79,59.3,61.92,62.79,65.18,59.88,53.49,58.43,57.56,61.61,48.55,62.21,59.3,63.99,79.36,67.15,72.62,50.29,62.8,72.62
2023-03-21,80.66,72.44,69.69,76.63,75.1,75.39,75.99,60.3,56.48,69.85,68.13,69.59,72.53,48.96,71.45,68.4,70.86,72.86,84.86,71.27,75.95,78.95,54.45,67.19,75.33,80.2,83.22,81.09
2023-03-22,78.13,74.3,71.25,77.56,76.05,75.85,76.9,66.53,60.36,73.03,71.51,73.01,76.77,52.33,73.57,72.06,72.55,77.17,86.84,79.6,79.84,83.6,65.96,73.8,81.89,80.3,84.65,86.22
2023-03-23,67.22,66.39,64.38,68.73,67.34,67.85,69.96,59.53,57.36,64.38,63.3,64.31,69.59,55.18,68.9,66.84,68.52,74.25,85.45,77.78,76.43,82.09,63.47,69.02,80.04,76.09,83.77,87.5
2023-03-27,62.57,61.25,58.79,61.44,61.25,62.0,67.57,55.58,49.91,57.47,57.09,58.22,64.27,46.88,60.3,58.41,60.11,66.99,76.37,65.22,65.41,78.64,50.28,57.84,74.95,72.4,85.63,89.13
2023-03-28,57.22,55.36,51.5,54.94,55.94,57.8,62.94,48.21,43.49,52.22,53.36,55.51,61.32,43.49,56.22,56.8,58.66,64.26,70.67,63.52,64.66,76.32,51.22,58.66,75.0,72.68,85.59,89.26
2023-03-29,50.06,48.21,44.64,50.06,50.98,53.99,57.72,40.95,39.22,48.21,49.83,53.41,58.19,41.52,55.94,54.34,58.03,62.71,70.24,62.31,64.16,72.68,48.79,57.69,71.38,72.49,83.73,85.75
2023-03-30,46.5,45.24,41.74,45.94,47.61,49.86,54.11,40.48,37.68,44.96,47.61,50.98,56.57,36.55,52.24,51.12,54.92,60.61,67.79,60.11,61.8,70.27,49.16,56.04,70.85,69.94,82.68,86.87
2023-03-31,43.76,43.2,41.15,45.62,46.17,49.53,52.98,42.27,38.18,45.07,46.92,50.28,55.85,36.13,51.77,49.91,53.46,60.08,67.41,59.07,61.31,69.48,46.73,53.64,69.48,69.53,84.26,88.87
2023-04-03,46.86,42.29,40.0,44.76,43.81,47.05,51.18,37.52,35.81,41.52,42.48,45.9,50.39,36.95,46.48,44.19,49.52,54.71,60.38,52.95,56.38,64.31,41.14,52.38,63.33,70.29,78.43,78.43
2023-04-04,46.23,41.96,39.83,44.95,43.95,46.94,50.95,34.99,34.28,41.54,42.25,45.38,50.66,37.98,47.51,46.51,50.5,56.37,62.73,53.63,57.04,64.57,42.11,52.63,63.4,67.43,80.09,82.72
2023-04-05,45.96,39.25,37.43,41.07,41.75,44.25,48.95,28.33,30.72,38.34,39.7,41.41,47.07,34.58,45.05,44.03,47.33,53.75,57.0,51.54,54.49,62.65,40.84,50.97,61.71,62.46,76.0,82.32
2023-04-06,41.8,35.25,33.06,36.61,36.48,38.52,43.54,24.86,25.96,33.2,33.88,37.84,43.12,27.73,41.8,39.62,43.85,49.16,55.46,47.95,51.5,59.55,34.43,46.86,58.15,61.07,74.16,79.35
2023-04-10,48.29,41.08,41.62,43.24,42.52,44.32,47.32,32.07,33.69,39.64,40.0,41.98,46.4,39.46,46.67,44.5,46.85,51.39,57.12,48.11,47.57,56.93,37.84,45.77,55.45,53.69,68.39,78.74
2023-04-11,56.73,45.58,42.99,44.22,42.99,45.17,48.32,29.52,30.75,36.19,36.73,39.46,44.27,33.88,42.99,41.77,44.08,48.6,53.33,44.22,46.39,55.73,33.88,43.13,54.75,53.06,68.72,79.05
2023-04-12,60.48,50.55,47.27,49.13,47.38,48.58,52.02,34.5,33.95,40.72,39.96,41.9,45.84,37.12,46.29,43.23,45.51,50.0,59.39,46.94,47.16,55.96,31.88,42.78,52.81,52.08,65.06,75.39
2023-04-13,39.28,33.51,30.97,36.19,35.92,38.22,40.94,24.66,25.34,33.65,33.65,38.76,41.91,27.21,41.02,40.75,43.34,47.3,57.24,45.84,47.38,54.5,33.38,43.47,52.56,53.7,62.93,70.68
2023-04-14,37.83,27.53,23.62,28.42,27.71,30.18,34.5,12.43,15.81,24.16,23.8,28.39,33.03,20.25,35.52,32.86,37.86,43.12,49.73,36.77,42.68,48.44,26.29,38.39,47.16,50.36,61.65,70.83
2023-04-17,30.0,26.29,25.43,27.14,24.0,26.07,28.15,16.57,17.71,22.57,22.29,26.93,32.55,20.29,31.14,29.43,34.38,38.71,44.86,35.43,39.26,43.11,23.43,34.38,41.94,44.7,55.43,67.45
2023-04-18,22.54,16.76,14.74,17.34,18.21,21.1,23.37,13.01,13.58,19.65,18.21,24.28,28.4,16.47,27.46,28.03,33.53,38.46,46.24,36.13,41.91,44.67,23.7,37.57,43.49,50.58,58.58,64.2
2023-04-19,12.93,12.0,19.2,18.62,23.34,28.75,34.16,17.17,30.49,28.74,32.52,37.5,44.9,46.41,34.66,38.5,46.93,55.76,31.0,40.6,46.48,57.46,51.11,57.95,72.51,67.5,81.54,85.21
2023-04-20,17.83,19.0,26.17,24.33,29.53,35.74,39.22,26.5,38.5,37.0,39.09,43.29,49.63,54.0,42.17,44.3,50.67,57.43,31.33,41.11,50.67,57.99,48.15,62.08,71.19,77.01,82.16,79.55
2023-04-21,8.77,10.82,19.59,18.47,22.56,28.38,33.82,20.9,34.89,32.28,37.22,40.6,47.27,51.68,39.18,43.42,48.12,55.67,26.31,40.41,47.18,56.72,54.14,60.71,72.69,68.61,80.25,83.19
2023-04-24,11.84,11.47,22.56,21.99,24.62,28.95,33.98,21.62,32.52,32.52,35.71,38.91,46.14,54.51,39.66,43.61,48.87,55.79,29.14,36.84,46.62,55.79,46.24,54.14,67.37,68.98,79.54,83.4
2023-04-25,27.03,28.88,37.13,37.13,39.97,43.24,48.39,33.0,44.52,43.39,48.08,51.64,56.29,63.3,53.63,54.62,58.46,61.55,38.83,48.51,54.91,60.96,57.18,60.31,72.08,71.27,80.12,83.92
2023-04-26,21.33,25.69,32.11,33.83,36.9,39.31,43.68,31.08,41.06,39.68,45.06,48.74,54.43,59.29,48.97,52.07,55.75,60.45,35.55,47.36,54.02,60.45,59.08,60.34,73.55,69.08,80.76,85.24
2023-04-27,8.5,10.03,19.5,19.78,25.42,29.05,34.58,22.14,31.06,32.03,36.87,40.36,46.2,46.38,38.58,45.39,50.7,56.38,33.57,45.39,52.79,59.83,58.1,60.2,73.03,69.13,80.06,85.22
2023-04-28,2.22,2.04,3.33,5.93,10.97,16.54,21.37,9.07,20.74,20.56,27.51,32.9,38.17,40.19,32.04,40.71,45.35,52.29,26.67,39.78,48.14,56.87,58.92,59.11,70.61,63.75,78.05,85.31
2023-05-01,4.92,4.17,7.01,8.9,13.64,16.67,20.47,9.28,18.37,17.99,23.11,29.36,34.11,36.93,27.84,35.61,39.58,45.03,20.83,33.9,42.05,52.63,51.89,55.68,65.3,61.17,75.24,78.75
2023-05-02,18.1,14.29,19.38,20.37,23.76,29.0,34.35,13.01,25.46,24.19,30.55,35.08,41.48,45.97,37.77,43.28,46.82,54.15,28.29,43.28,48.66,57.64,56.44,58.84,70.74,62.52,78.6,84.43
2023-05-03,24.58,20.72,27.29,27.29,31.71,34.99,39.86,18.23,31.14,31.48,37.37,40.43,46.27,50.17,41.45,46.55,49.83,57.34,32.73,44.73,50.28,60.61,56.17,59.34,72.49,63.65,81.0,85.78
2023-05-04,36.87,34.97,40.14,39.73,42.86,46.53,51.19,28.3,40.27,42.04,45.17,49.12,54.55,57.96,49.25,52.24,56.46,62.94,41.9,52.65,57.01,66.01,60.27,62.99,75.52,68.57,84.06,87.83
2023-05-05,22.48,19.42,21.04,19.6,24.82,30.58,35.49,14.93,23.92,23.74,29.86,33.99,41.4,41.01,32.01,38.85,43.17,49.91,23.92,38.31,45.5,55.08,53.6,57.37,69.5,63.31,77.82,83.73
2023-05-08,30.29,22.22,25.09,23.66,29.21,32.62,37.32,14.34,24.73,23.84,28.49,33.33,40.62,40.68,31.18,38.35,43.37,50.74,22.94,35.3,43.55,53.31,51.25,57.53,67.1,62.72,77.94,81.8
2023-05-09,34.1,27.74,32.34,31.8,35.72,38.43,43.47,20.3,32.61,30.58,36.94,41.54,46.25,51.01,39.78,45.6,49.39,54.86,27.47,41.0,46.96,58.33,60.22,61.03,72.78,64.01,80.0,84.17
2023-05-10,33.44,25.95,28.99,27.36,32.03,34.71,39.66,16.5,27.14,26.28,32.03,36.78,43.46,41.26,34.64,41.37,44.94,51.17,26.6,37.79,44.94,56.2,52.01,55.71,67.49,60.07,78.32,83.91
2023-05-11,32.4,25.87,28.13,26.27,30.13,33.73,38.51,17.33,27.07,24.93,30.53,35.34,42.09,40.67,32.27,38.67,43.11,49.93,22.53,34.53,42.7,53.78,48.4,53.82,66.85,62.25,80.74,84.87
2023-05-12,29.51,23.32,24.38,24.03,27.21,30.91,37.23,14.84,22.44,22.26,28.98,34.28,40.51,39.22,30.57,38.52,43.34,49.27,23.5,35.16,43.34,54.38,48.59,53.46,67.7,61.99,80.84,86.5
2023-05-15,28.69,25.0,29.26,23.86,25.57,28.77,33.82,18.18,22.73,21.59,25.85,31.05,38.19,35.51,24.15,34.09,38.18,46.36,18.18,30.4,40.17,49.56,46.59,52.14,65.01,56.98,76.97,86.3
2023-05-16,27.87,24.14,30.46,28.16,29.02,30.75,36.18,19.25,25.29,24.71,32.47,36.49,43.53,40.8,34.2,40.23,43.68,50.0,26.15,37.64,44.54,52.65,47.7,55.17,65.59,61.49,76.76,83.53
2023-05-17,16.43,21.58,19.6,21.96,27.94,33.64,28.6,31.56,25.42,30.19,33.45,40.15,32.97,15.12,25.73,32.74,48.51,31.44,49.91,56.05,64.31,39.74,60.32,71.38,31.88,82.71,25.11,1.31
2023-05-18,12.54,13.34,12.6,13.53,18.65,23.93,18.95,20.26,13.6,16.78,23.45,29.87,23.31,7.13,14.55,25.04,32.1,24.18,39.38,47.07,52.69,28.98,57.9,61.78,27.23,69.94,19.83,1.31
2023-05-19,12.68,16.05,15.07,16.92,21.1,27.78,23.48,26.16,19.21,22.22,27.48,33.89,28.91,11.92,19.83,26.42,37.41,28.04,41.54,46.45,55.0,34.35,52.3,65.19,32.17,79.07,27.39,3.04
2023-05-22,15.54,17.15,16.69,19.45,24.07,29.76,25.38,25.8,19.67,25.6,29.91,36.04,29.28,12.89,24.91,30.62,42.14,29.72,47.78,52.74,58.78,36.88,55.4,63.77,29.72,76.34,24.3,1.95
2023-05-23,23.38,29.62,25.1,26.9,31.62,36.31,30.96,37.75,28.68,31.36,34.59,39.8,32.58,15.62,24.54,32.3,43.16,29.66,43.44,50.14,57.68,35.33,59.86,66.62,31.28,76.26,22.85,1.62
2023-05-24,41.13,45.03,42.15,43.86,46.93,50.79,42.75,49.23,41.11,42.48,45.94,52.59,40.54,30.75,36.29,42.76,51.24,36.4,49.41,56.47,59.91,39.64,59.87,64.41,32.12,72.07,22.8,1.81
2023-05-25,38.74,44.7,39.74,41.39,43.33,47.0,39.11,53.15,41.23,42.22,45.83,49.67,39.48,24.01,33.44,40.33,46.5,35.98,45.36,54.5,57.83,40.22,59.83,63.67,34.87,71.0,22.88,1.48
2023-05-26,33.95,37.48,31.73,34.14,37.76,39.63,32.78,46.01,34.32,37.85,39.44,41.68,34.86,18.92,29.31,35.51,41.12,30.48,41.93,45.42,50.28,34.66,47.1,53.64,30.48,62.24,20.46,2.3
2023-05-30,30.88,32.01,29.04,29.32,32.29,34.56,29.55,35.84,29.6,31.73,34.14,36.69,30.13,14.59,25.07,30.31,36.12,27.07,36.54,41.64,47.59,31.59,44.62,51.13,30.57,61.05,20.82,2.91
2023-05-31,34.02,34.59,29.79,31.05,33.52,36.5,30.2,35.84,29.57,31.51,33.87,37.41,29.49,15.18,25.11,30.21,37.19,25.38,37.9,40.5,50.11,30.32,43.02,52.4,26.79,68.76,17.74,0.94
2023-06-01,26.18,27.01,21.33,21.19,24.17,27.36,20.54,29.92,19.67,21.05,25.97,29.86,19.83,8.86,16.2,22.5,29.72,18.97,30.33,35.83,42.36,25.25,43.61,49.58,21.26,54.58,13.27,1.14
2023-06-02,18.05,20.26,14.55,15.29,18.3,23.48,15.56,25.6,14.92,18.23,21.44,27.91,17.27,7.0,15.29,19.78,28.65,16.13,30.2,33.64,41.59,22.01,38.82,49.17,19.73,62.48,12.33,1.14
2023-06-05,16.01,14.31,9.98,13.37,15.63,18.46,14.53,16.01,10.55,15.25,18.46,22.03,15.12,5.65,13.94,17.7,26.93,15.7,30.7,32.02,39.55,22.48,36.35,48.59,19.77,60.64,13.18,1.16
2023-06-06,10.83,9.14,5.49,5.91,8.58,13.22,7.24,11.67,5.2,8.3,13.36,18.28,9.55,3.52,6.05,13.5,20.53,9.41,21.66,27.85,35.16,15.34,36.57,47.12,13.46,54.43,6.08,1.01
2023-06-07,10.14,8.11,5.18,6.08,8.67,11.6,8.0,11.04,6.08,8.0,13.85,18.36,11.47,4.17,7.55,16.33,21.28,11.7,19.59,29.95,35.02,18.77,44.71,47.64,19.58,48.2,10.31,1.39
2023-06-08,8.93,6.63,4.74,4.74,6.77,9.34,5.56,10.69,5.01,7.04,10.96,14.88,9.46,3.65,6.5,12.18,18.4,9.32,21.11,25.71,33.56,16.13,33.69,40.6,14.19,48.04,9.6,1.39
2023-06-09,13.77,11.81,7.16,8.05,10.73,14.67,9.01,12.7,7.33,9.66,12.88,18.43,10.85,4.29,7.87,15.03,20.75,9.56,20.93,28.09,34.53,16.54,38.64,43.83,14.71,48.84,7.54,1.29
2023-06-12,32.09,25.13,17.29,17.47,20.14,22.82,15.72,18.54,10.34,13.19,16.93,21.57,13.71,5.53,10.16,16.76,22.99,11.52,20.32,29.06,33.33,18.1,40.11,42.42,17.37,43.14,8.04,0.55
2023-06-13,21.0,21.13,14.13,15.34,16.69,18.98,13.54,22.88,13.06,14.8,18.03,22.75,14.78,6.06,10.36,16.96,22.75,12.29,21.13,29.48,33.24,18.09,40.24,42.13,16.99,41.45,8.43,0.69
2023-06-14,19.55,15.66,8.96,9.83,10.91,13.74,9.22,11.99,6.8,7.99,11.34,16.23,9.67,4.32,7.56,13.39,19.26,9.0,24.62,28.94,32.58,17.0,35.53,38.96,14.22,40.15,7.89,0.67
2023-06-15,17.11,18.04,12.33,13.79,14.46,16.91,11.9,23.61,13.93,16.31,18.04,22.64,14.91,6.9,11.67,16.31,22.64,12.86,26.26,27.59,33.16,16.96,31.3,38.62,14.09,43.41,8.89,0.68
2023-06-16,11.95,9.14,6.5,7.73,8.44,11.48,6.72,11.25,7.91,9.31,13.18,17.67,10.71,4.57,9.67,15.47,20.32,11.62,28.12,31.46,35.51,18.69,35.33,39.93,14.52,42.4,7.99,0.36
2023-06-20,11.17,10.6,6.88,6.59,7.74,11.46,6.16,15.47,12.32,12.61,14.04,17.48,12.61,7.16,10.03,13.18,19.48,11.44,18.34,26.36,32.95,16.42,34.1,41.55,15.84,45.56,10.26,0.59
2023-06-21,23.72,9.71,11.16,12.45,15.19,10.1,12.13,2.97,5.21,7.55,13.33,6.29,10.19,13.24,19.04,26.01,12.35,16.13,34.15,38.47,13.13,18.06,40.55,7.97,13.94,0.9,4.26,36.65
2023-06-22,17.79,7.74,7.08,9.72,13.76,7.3,9.17,4.61,6.75,9.06,14.43,5.8,10.09,11.53,18.62,26.04,9.78,15.23,29.16,34.16,11.44,16.7,39.14,6.8,13.21,0.66,4.4,40.37
2023-06-23,16.24,8.49,8.67,11.44,15.43,8.36,10.58,6.46,9.23,11.99,17.29,8.36,12.66,16.79,23.62,29.0,12.45,17.43,28.97,35.32,13.01,18.05,41.26,7.99,14.32,0.93,5.81,40.46
2023-06-26,34.45,17.32,17.88,17.88,20.11,12.85,13.77,8.01,9.87,13.41,18.25,9.87,10.52,16.39,21.23,25.88,12.66,15.68,27.93,34.45,13.78,16.25,41.53,9.68,14.34,1.49,4.78,32.31
2023-06-27,33.24,18.45,17.46,17.46,19.86,11.41,12.59,9.44,10.0,13.66,16.62,9.58,10.42,14.08,18.59,23.8,11.27,12.74,24.79,31.97,11.83,14.62,38.87,7.61,13.02,0.99,3.76,32.56
2023-06-28,28.04,13.62,14.3,13.73,17.29,9.33,10.98,7.83,8.4,11.46,15.47,7.96,9.7,13.73,17.71,23.21,9.67,11.33,23.61,31.63,10.13,13.2,41.87,6.6,12.5,1.02,3.04,35.75
2023-06-29,31.13,15.01,17.08,16.94,19.75,11.46,13.19,7.02,10.33,14.46,17.54,10.36,11.77,19.97,23.28,26.8,12.29,14.47,26.31,33.01,11.74,15.46,40.33,7.73,13.76,1.38,4.54,39.29
2023-06-30,27.66,16.67,17.03,17.58,20.4,11.95,13.21,10.44,11.72,16.12,18.2,11.4,12.26,16.48,21.25,25.92,12.32,13.58,29.3,33.09,13.79,15.09,38.79,8.64,13.4,1.65,3.77,31.32
2023-07-03,27.15,17.23,15.92,17.23,19.48,11.8,14.07,10.67,13.48,15.92,19.85,9.55,11.75,19.66,20.6,26.03,9.93,12.33,22.28,31.46,9.18,11.37,45.13,5.81,11.56,1.12,3.08,34.3
2023-07-05,41.03,29.48,27.35,26.01,27.47,18.27,19.84,15.02,17.71,19.62,22.65,12.11,14.65,22.31,24.44,27.24,11.21,14.76,25.9,31.28,8.97,12.23,41.14,5.27,10.73,1.35,3.81,34.6
2023-07-06,50.67,39.89,37.6,36.93,38.41,28.44,30.06,25.88,27.9,30.46,33.29,20.89,22.44,32.48,33.42,38.01,19.27,22.3,35.31,40.84,14.69,18.84,45.82,8.76,12.6,1.35,4.99,40.58
2023-07-07,54.09,38.79,37.01,37.37,38.97,27.22,28.34,17.26,22.06,26.16,29.36,17.79,20.84,29.72,33.63,38.43,18.51,22.12,38.97,42.53,15.48,19.2,45.37,7.65,12.25,1.42,4.94,41.5
2023-07-10,56.56,47.16,44.86,43.09,44.15,34.93,35.82,33.33,32.45,34.04,38.3,25.18,26.73,35.99,36.35,41.67,21.99,23.27,37.06,43.62,17.91,20.73,48.94,8.16,14.36,1.42,5.27,37.64
2023-07-11,53.82,42.44,42.17,41.9,43.37,34.14,35.03,26.64,30.79,33.73,38.82,25.17,27.88,37.35,39.49,44.85,25.57,27.34,41.63,49.93,20.21,24.59,53.82,10.31,18.27,1.61,6.04,42.31
2023-07-12,32.12,21.27,21.48,24.49,28.14,17.98,19.78,10.2,16.54,22.23,27.71,16.15,18.67,27.71,35.34,40.49,19.91,22.43,42.11,46.19,18.84,21.55,48.23,7.97,13.04,1.72,4.75,35.47
2023-07-13,20.71,19.26,19.0,22.03,25.59,15.5,16.87,18.47,22.16,27.44,32.32,18.81,20.54,29.42,35.62,40.63,18.15,18.91,39.45,43.14,15.36,18.37,46.57,5.83,10.88,0.79,3.95,34.01
2023-07-14,14.34,11.19,14.16,17.48,19.93,12.48,14.08,12.06,19.76,25.35,30.94,16.87,19.13,37.24,37.76,43.01,20.04,22.2,36.19,41.08,15.82,19.49,47.38,7.21,12.45,1.76,4.15,36.64
2023-07-17,20.28,16.06,20.56,23.1,24.23,16.67,17.34,14.65,23.1,26.48,33.24,18.93,21.39,42.54,41.97,43.1,25.42,26.01,38.59,41.69,16.67,20.23,45.35,8.19,12.72,1.13,5.2,36.99
2023-07-18,13.68,9.12,11.11,14.81,16.24,11.68,13.12,9.97,16.52,22.79,25.36,16.24,18.37,37.04,42.17,42.17,25.07,26.24,43.59,43.02,19.94,21.28,41.6,8.83,12.24,2.56,6.12,30.9
2023-07-19,18.55,25.08,27.86,32.24,20.81,22.71,25.19,36.9,39.71,41.25,25.93,26.96,29.56,42.83,48.46,19.5,22.15,26.22,51.86,8.82,15.44,19.92,1.31,4.92,11.44,36.91,37.92,36.5
2023-07-20,23.77,29.02,29.18,31.64,21.45,22.61,23.18,40.33,40.33,40.82,26.24,27.06,28.47,42.13,41.64,19.47,21.78,24.82,43.28,10.4,15.51,18.8,1.98,6.27,12.23,32.51,35.04,35.4
2023-07-21,23.12,24.59,27.71,28.62,20.52,21.07,21.24,31.56,35.78,38.9,24.21,26.25,26.8,40.92,43.49,20.89,22.18,25.15,47.16,12.38,17.93,18.97,2.22,5.91,11.55,31.98,33.2,31.55
2023-07-24,34.07,29.81,30.56,34.26,21.85,22.78,23.57,28.7,30.19,34.07,20.93,20.93,21.48,31.3,36.67,16.11,18.52,21.1,43.52,10.56,15.93,17.87,1.85,6.3,11.41,29.26,30.42,30.04
2023-07-25,27.73,28.57,30.53,35.01,23.39,23.95,25.04,31.23,33.89,37.11,24.51,26.05,26.47,36.83,41.6,19.89,22.69,24.17,50.7,12.18,19.19,19.71,1.96,8.12,12.52,34.87,32.37,27.05
2023-07-26,21.44,24.15,26.07,29.01,18.89,19.12,19.98,29.01,31.15,34.88,21.83,20.7,21.84,33.75,37.36,17.76,19.12,20.91,44.13,11.54,15.38,16.96,2.26,6.22,11.03,23.64,26.25,30.2
2023-07-27,36.16,34.11,36.99,38.9,29.81,29.53,30.18,31.78,37.26,40.68,27.75,28.71,29.06,45.62,49.73,23.76,25.96,26.52,52.33,13.6,19.23,19.61,2.2,9.07,12.27,33.38,29.9,24.54
2023-07-28,20.77,23.86,26.41,28.96,20.84,22.67,22.33,28.05,32.6,36.25,23.22,25.05,25.7,36.43,41.53,19.56,23.58,25.14,48.82,12.98,18.83,20.45,2.38,10.79,14.07,37.11,33.77,28.14
2023-07-31,25.75,23.51,24.81,28.92,20.9,20.71,21.5,23.88,27.8,33.58,21.27,22.57,23.42,36.01,42.35,19.96,23.32,22.65,48.69,12.69,18.1,19.77,2.05,7.65,11.9,30.97,30.71,28.02
2023-08-01,26.46,24.51,28.69,30.64,21.59,22.56,21.78,26.18,31.75,36.77,22.98,24.79,23.64,42.2,44.99,22.01,24.65,22.64,48.47,12.12,18.66,17.05,1.95,7.8,9.46,35.24,26.22,17.48
2023-08-02,52.73,51.51,52.4,53.85,43.48,43.92,42.55,49.16,51.28,52.62,40.25,39.58,37.73,54.85,56.52,33.89,35.56,34.86,56.63,19.51,25.75,26.03,3.9,12.04,13.07,40.13,32.91,25.57
2023-08-03,57.91,54.83,54.83,57.37,46.51,46.11,45.45,48.12,50.8,53.49,40.35,39.14,38.15,57.24,58.71,35.79,36.06,36.23,64.61,21.31,25.87,27.55,3.62,10.19,12.12,37.13,32.92,28.93
2023-08-04,68.67,62.12,62.12,62.83,54.34,52.74,53.27,52.57,55.22,57.88,45.49,44.25,44.73,61.24,62.3,42.12,40.88,41.45,66.55,27.61,31.86,32.36,4.42,13.98,18.36,39.82,37.82,33.64
2023-08-07,51.32,50.62,52.03,54.32,46.21,46.21,46.29,48.5,52.91,55.03,43.56,44.27,43.4,58.02,61.38,40.74,41.27,40.69,65.08,25.75,31.04,30.74,2.82,15.7,18.08,41.27,36.17,29.48
2023-08-08,47.27,50.2,51.66,54.33,45.54,46.34,45.63,51.0,53.0,56.06,43.81,45.14,44.67,55.66,61.25,40.61,42.08,40.85,68.44,26.5,33.02,32.51,2.66,15.58,17.62,44.47,38.11,29.92
2023-08-09,47.86,49.36,51.6,53.31,44.02,45.07,44.73,49.79,51.6,54.91,41.88,43.04,42.53,54.38,58.87,37.93,40.69,39.34,64.42,23.5,31.16,29.89,2.56,14.03,16.26,46.57,38.13,28.02
2023-08-10,30.45,40.03,44.75,48.03,38.58,40.32,40.05,52.89,54.72,56.82,43.31,44.8,45.06,55.64,60.5,38.71,42.16,40.46,65.88,23.23,31.62,31.12,2.36,12.91,16.37,49.01,40.6,29.63
2023-08-11,28.52,36.87,39.3,42.26,34.26,35.49,33.93,47.83,47.65,49.39,38.43,40.73,37.88,49.04,51.65,31.65,35.66,33.39,55.65,19.65,27.45,26.39,2.26,12.41,14.54,45.28,36.8,25.85
2023-08-14,28.29,35.29,37.54,39.5,32.21,31.74,31.61,47.34,52.38,51.26,37.54,39.04,36.21,56.86,54.06,31.65,35.39,33.33,53.22,16.81,23.6,22.99,2.24,10.39,10.92,41.29,33.05,22.99
2023-08-15,42.49,49.29,53.26,55.81,47.03,48.16,46.96,59.77,60.34,58.92,44.48,46.74,46.67,62.04,59.77,39.38,41.64,40.0,61.76,22.38,32.01,30.14,2.55,13.31,15.94,49.29,40.29,26.67
2023-08-16,62.16,57.55,58.69,45.69,47.19,47.25,47.64,50.08,53.93,33.33,35.96,35.53,37.12,54.59,21.15,26.84,27.47,29.4,2.71,13.51,16.12,20.39,47.72,36.45,34.98,25.46,31.12,33.48
2023-08-17,72.38,68.1,70.87,60.3,62.0,59.78,59.1,64.13,65.14,43.07,46.76,44.42,44.33,64.65,26.35,33.1,33.46,32.98,3.21,17.34,19.56,22.27,58.32,44.42,36.83,29.25,29.34,28.05
2023-08-18,65.61,61.81,65.2,51.6,52.97,52.92,54.27,53.57,59.48,38.45,40.56,38.5,41.24,66.01,26.48,31.82,30.47,33.97,3.2,14.86,16.79,23.29,47.2,34.85,39.1,23.72,34.4,42.31
2023-08-21,53.8,49.53,53.34,42.93,45.9,46.45,46.91,41.77,51.55,33.33,36.13,36.98,38.59,59.22,25.25,30.72,30.97,33.26,3.2,15.88,19.67,23.88,54.28,44.99,42.86,32.42,34.54,33.26
2023-08-22,49.57,51.79,54.42,43.73,47.14,47.32,46.66,52.9,57.7,37.13,41.01,39.2,40.45,61.11,24.45,32.89,32.74,33.92,2.98,16.91,20.5,24.04,64.05,47.59,45.22,30.54,32.8,33.6
2023-08-23,44.99,44.99,48.66,37.54,39.63,38.36,39.19,42.77,48.14,32.7,35.85,34.81,35.11,55.77,23.76,30.67,29.49,30.28,3.15,15.66,18.29,20.99,50.43,37.25,34.35,24.94,27.35,31.93
2023-08-24,59.77,63.36,65.47,51.79,54.43,51.48,49.64,63.03,65.8,44.46,47.38,44.43,42.39,68.89,31.11,38.03,37.7,36.59,3.09,19.02,23.11,23.37,54.43,45.74,40.58,31.48,29.53,24.09
2023-08-25,52.74,54.01,57.66,44.53,45.22,42.46,41.19,54.2,60.95,40.51,42.46,39.52,37.7,68.25,29.93,36.21,34.38,32.38,2.74,16.36,19.49,18.85,46.88,36.4,34.02,25.0,24.8,25.41
2023-08-28,46.22,46.22,46.04,36.1,37.94,35.91,34.03,40.52,46.59,31.31,33.7,32.23,30.25,57.64,21.73,26.7,27.26,24.76,3.5,11.6,17.13,15.31,41.62,36.28,28.17,28.18,20.79,13.8
2023-08-29,35.65,37.88,42.34,32.31,33.29,31.75,30.9,40.11,46.38,32.03,32.45,31.2,30.33,58.08,23.4,25.35,25.21,24.75,4.32,11.0,15.32,15.02,33.01,31.06,27.18,26.74,22.89,19.03
2023-08-30,28.4,29.18,33.67,24.02,24.41,23.17,22.52,31.65,38.16,22.56,24.97,22.61,22.06,49.27,16.72,20.47,19.57,19.86,3.7,9.79,11.47,12.59,31.61,26.77,22.98,19.01,19.28,21.48
2023-08-31,31.88,28.61,33.51,23.84,22.54,22.4,20.76,27.79,35.97,20.57,21.31,19.67,19.35,50.14,17.03,18.03,18.72,17.11,3.41,8.33,10.11,10.38,23.36,22.27,19.35,21.45,17.25,15.01
2023-09-01,26.45,25.72,28.99,18.66,18.91,17.82,17.35,26.09,32.97,17.57,17.27,16.36,16.98,42.57,12.86,15.82,15.45,14.74,2.72,8.0,8.18,10.26,27.45,21.09,20.71,17.09,17.54,20.15
2023-09-05,37.31,37.03,38.56,25.52,24.69,24.13,22.68,32.73,38.28,20.39,22.47,21.36,20.26,46.74,15.26,17.48,17.75,15.26,2.5,6.38,8.46,8.7,28.29,23.3,18.83,18.03,14.27,13.69
2023-09-06,42.95,41.51,41.95,30.3,30.52,29.63,27.17,38.62,40.51,23.75,25.08,23.75,22.95,46.06,15.76,18.53,18.98,18.38,3.22,8.21,10.1,10.5,33.07,24.31,23.4,18.76,17.69,17.81
2023-09-07,43.87,43.47,43.47,32.8,33.73,31.33,29.45,40.4,42.53,26.27,27.47,26.8,24.25,47.2,18.53,22.53,20.8,19.59,4.53,9.87,10.67,11.23,37.73,24.4,23.29,15.47,15.48,17.81
2023-09-08,37.68,37.15,38.91,28.87,30.11,28.17,25.86,32.04,38.38,21.83,25.53,25.0,23.51,47.36,17.08,22.71,21.65,20.61,3.52,10.92,12.85,11.39,42.08,29.05,26.22,18.13,16.64,17.18
2023-09-11,39.82,39.47,42.63,33.16,34.04,31.93,30.94,38.77,42.28,27.02,28.42,27.89,26.62,51.05,18.42,22.98,23.86,21.76,2.46,10.53,13.16,14.21,39.3,29.65,26.62,22.11,20.5,19.6
2023-09-12,41.85,40.4,43.44,33.77,35.36,32.32,31.93,38.28,42.38,27.28,29.4,27.68,27.45,50.6,19.34,24.64,24.64,22.83,3.58,12.05,13.64,14.95,40.93,29.67,27.45,19.47,19.7,23.78
2023-09-13,21.25,24.87,30.5,21.68,22.74,22.04,22.3,31.03,39.32,25.82,26.78,25.03,25.03,50.58,21.04,24.55,23.43,23.39,4.46,11.37,12.78,15.19,33.05,25.35,26.12,19.06,21.53,27.76
2023-09-14,13.58,18.67,21.93,14.49,15.14,14.68,13.73,33.03,36.81,21.02,21.8,21.1,20.73,42.95,13.45,17.49,17.04,16.55,2.22,7.18,8.13,8.61,31.07,23.85,20.46,16.91,13.86,15.61
2023-09-15,31.49,37.37,38.24,27.85,29.24,27.13,27.14,44.46,43.6,27.16,31.14,26.78,28.04,42.21,14.01,20.76,19.13,18.75,2.6,12.28,11.48,13.57,40.31,26.96,27.68,15.3,18.57,27.68
2023-09-18,35.38,36.49,38.44,32.31,32.59,29.89,28.57,41.5,46.52,27.58,32.03,29.89,27.71,48.75,18.94,25.91,26.26,24.29,3.34,12.53,13.97,14.57,38.72,30.17,28.29,21.51,19.71,19.71
2023-09-19,37.18,38.31,41.13,32.68,33.52,31.83,30.55,41.97,47.32,28.73,34.37,31.83,29.68,49.3,20.0,28.17,29.58,25.36,3.66,14.65,18.31,15.85,44.23,34.93,29.68,24.51,19.31,15.56
2023-09-20,52.92,55.04,38.95,40.78,38.86,37.02,38.66,56.25,26.72,31.45,31.65,29.17,31.05,2.36,12.79,18.3,16.91,20.91,49.58,43.38,33.26,34.35,27.45,22.54,27.12,18.12,27.12,37.77
2023-09-21,74.39,77.8,65.48,63.53,60.2,57.91,57.48,78.77,47.81,49.59,48.45,43.72,44.14,7.13,26.26,29.36,27.08,30.09,51.7,46.0,39.31,41.98,34.75,31.32,33.87,26.43,33.69,39.28
2023-09-22,71.69,74.41,62.43,62.25,59.96,57.04,57.64,76.77,48.64,50.82,51.19,44.97,47.86,9.44,29.4,33.64,30.35,35.23,54.26,49.91,40.77,46.03,38.57,31.99,39.71,21.94,36.46,51.93
2023-09-25,69.05,73.99,61.72,61.54,58.97,56.59,57.71,77.11,50.18,51.47,51.47,48.17,49.44,10.26,31.14,34.62,33.15,35.53,56.78,51.47,42.86,46.24,43.96,35.53,40.23,24.36,34.77,47.93
2023-09-26,82.13,84.49,76.18,74.1,71.33,69.39,70.27,84.76,63.57,64.68,62.05,59.42,61.02,20.5,40.86,44.74,43.77,46.94,65.51,59.83,54.85,56.76,47.65,45.71,51.35,40.3,48.93,57.61
2023-09-27,71.65,74.78,64.96,65.62,64.65,61.74,63.26,75.56,55.25,57.14,57.27,55.03,56.26,21.54,41.07,45.97,43.06,45.35,64.96,60.63,53.8,55.34,52.13,45.08,49.6,32.77,43.28,53.5
2023-09-28,63.14,67.34,57.05,56.37,55.71,54.76,54.11,69.11,47.83,51.22,51.22,49.59,48.68,17.21,34.42,39.13,36.96,38.49,58.54,55.16,47.42,47.7,45.24,40.49,41.42,29.89,35.29,40.03
2023-09-29,70.27,73.15,62.16,61.62,58.41,57.14,58.81,74.41,50.45,52.43,52.26,50.63,50.28,17.66,34.41,38.16,37.07,40.45,57.66,52.98,47.2,49.54,40.87,41.23,44.16,37.61,41.56,47.87
2023-10-02,73.75,74.49,65.62,64.88,62.48,60.26,62.17,75.23,53.23,54.9,53.42,51.76,52.09,17.01,33.09,38.45,37.34,39.92,57.67,54.71,47.69,47.91,47.5,40.11,43.16,29.21,37.64,47.91
2023-10-03,78.9,81.52,74.62,73.79,71.72,70.07,71.21,83.59,65.79,67.03,64.83,63.17,64.68,25.1,48.14,50.9,50.34,51.35,74.34,65.1,61.79,63.83,53.38,52.0,55.04,44.97,54.18,57.87
2023-10-04,74.72,74.61,64.57,63.8,62.8,60.93,63.11,71.85,51.88,54.19,54.19,52.98,55.16,18.87,39.51,43.82,41.83,44.38,64.57,59.82,53.09,54.82,53.31,45.25,50.62,31.68,43.47,57.66
2023-10-05,70.56,70.56,61.14,61.67,60.61,59.55,60.35,70.82,48.67,52.92,52.79,53.18,52.59,16.18,37.93,43.37,43.24,43.87,65.38,61.14,56.23,54.9,54.77,50.4,50.27,41.64,41.42,41.83
2023-10-06,75.48,73.73,62.17,62.52,60.6,58.84,60.79,69.88,46.41,51.14,50.26,50.61,51.44,12.96,35.73,39.93,39.75,43.88,60.77,56.22,52.19,55.4,46.94,43.96,51.98,38.35,51.44,64.57
2023-10-09,69.81,69.46,59.16,61.43,59.86,57.77,59.21,67.36,44.85,50.44,50.61,49.21,50.98,13.26,35.43,42.06,41.54,43.83,62.65,59.86,52.18,55.81,51.66,46.77,51.16,36.13,47.23,58.68
2023-10-10,68.25,66.93,56.39,57.18,54.55,53.49,54.59,63.9,42.69,45.85,45.06,44.4,46.08,11.73,32.41,34.26,34.78,38.11,56.92,49.93,44.53,47.43,40.05,37.68,40.68,33.07,41.35,52.16
2023-10-11,63.21,64.16,53.49,53.38,52.01,50.85,51.96,65.33,42.39,44.93,45.03,43.22,45.33,10.04,28.44,32.35,32.31,34.67,52.75,47.99,43.11,44.57,40.38,35.38,38.15,29.03,37.39,46.41
2023-10-12,64.42,67.4,57.4,57.14,55.19,53.19,54.75,68.83,46.36,47.92,46.1,45.37,46.72,10.78,28.83,32.08,32.72,35.07,53.51,46.1,43.16,45.11,37.14,35.72,38.69,32.86,40.16,47.39
2023-10-13,71.08,76.59,70.57,71.6,69.19,67.3,67.67,83.99,68.5,68.16,65.4,62.63,65.54,32.87,49.05,49.4,49.31,51.87,68.67,61.79,56.75,60.04,52.15,47.23,54.71,40.14,50.62,62.34
2023-10-16,67.31,67.87,58.17,59.83,56.79,56.67,57.95,66.2,47.65,49.31,47.09,46.94,48.58,16.07,33.52,37.95,38.61,42.33,57.06,49.31,48.06,49.43,40.44,43.06,45.17,43.89,49.15,55.11
2023-10-17,74.51,73.95,65.83,63.59,61.62,59.94,60.74,69.75,53.78,53.78,50.14,49.58,51.58,18.21,36.13,40.06,39.22,43.55,57.98,51.26,47.62,50.14,44.26,41.74,45.56,38.38,46.7,61.6
2023-10-18,85.33,64.62,65.78,67.19,64.91,65.42,65.53,29.85,41.7,43.68,44.53,49.56,51.14,59.22,60.92,57.51,60.13,58.08,49.84,49.79,54.85,54.42,40.13,54.07,56.31,66.08,61.49,45.96
2023-10-19,83.87,71.61,72.74,71.94,69.48,69.48,69.35,40.32,54.35,56.13,56.17,59.09,60.22,75.65,67.74,62.82,65.42,67.38,54.68,56.49,60.71,61.65,49.19,61.2,62.72,76.79,68.64,54.3
2023-10-20,83.57,71.84,73.1,71.3,69.27,68.55,67.61,42.78,54.69,54.15,54.55,56.36,58.5,70.94,63.72,60.91,61.64,62.35,50.72,54.18,56.36,57.69,50.0,55.09,59.31,64.0,65.38,56.28
2023-10-23,83.06,69.76,69.95,67.4,65.94,66.12,68.04,38.25,50.09,49.91,49.73,52.82,55.33,65.21,58.65,54.83,57.01,58.5,47.72,47.72,54.1,54.95,44.26,52.46,54.58,65.03,62.24,54.77
2023-10-24,79.48,63.77,64.05,61.29,58.68,59.23,61.53,30.44,40.77,42.01,43.94,45.73,48.37,61.16,54.68,51.65,53.58,54.88,43.66,44.63,49.59,52.19,42.84,50.14,52.48,55.79,57.43,54.46
2023-10-25,82.57,68.7,71.7,68.81,65.85,67.07,68.15,39.18,54.05,52.28,51.95,55.17,56.96,69.7,63.15,58.62,60.18,60.96,51.39,48.72,55.62,57.42,41.27,52.73,56.39,70.08,68.95,61.07
2023-10-26,84.64,72.91,72.78,70.49,67.3,67.84,69.49,43.8,53.64,53.77,53.24,55.41,58.11,66.04,61.59,58.51,59.73,61.44,55.39,50.95,56.22,59.78,41.76,52.7,58.95,68.51,71.84,67.96
2023-10-27,83.33,73.48,76.34,74.19,71.04,70.5,71.77,50.36,62.19,61.29,59.89,61.15,64.21,78.67,68.64,63.31,64.03,67.53,56.99,57.01,58.99,62.36,49.46,56.83,63.47,71.4,75.28,72.14
2023-10-30,71.32,54.78,56.25,54.04,51.47,52.94,54.82,21.88,36.03,36.58,37.87,40.26,42.72,56.25,47.61,45.4,47.79,49.72,37.87,37.68,44.3,47.64,40.26,50.0,53.88,57.54,61.81,58.98
2023-10-31,69.27,50.62,51.17,49.25,48.42,49.66,51.34,16.6,30.04,31.82,32.37,37.45,38.93,51.17,44.03,43.48,46.64,46.12,37.59,37.31,45.27,45.98,41.7,51.71,51.9,62.55,56.7,42.03
2023-11-01,60.59,41.82,42.26,41.38,41.71,43.91,46.84,12.29,26.56,28.87,30.3,33.48,37.58,48.08,43.47,41.93,45.12,46.95,37.98,36.0,42.15,48.53,36.44,47.31,54.29,56.42,64.45,65.58
2023-11-02,59.5,39.18,39.97,39.31,38.65,40.63,42.82,11.48,22.69,25.99,26.39,31.4,35.5,43.54,40.24,38.52,42.08,44.58,38.79,35.09,41.56,46.75,32.06,44.59,50.95,54.09,60.3,61.38
2023-11-06,62.5,43.58,43.75,41.67,40.28,43.06,44.48,13.89,24.83,26.91,27.6,31.77,33.63,42.88,37.67,37.67,42.01,43.42,32.99,34.03,41.15,43.77,34.72,44.44,48.58,54.34,53.38,50.0
2023-11-07,61.86,41.55,44.17,42.33,41.42,42.6,44.76,13.89,27.79,28.83,30.8,33.29,35.75,49.15,41.55,42.33,43.51,45.7,32.63,35.12,39.71,43.55,38.4,43.12,48.66,45.35,52.69,60.08
2023-11-08,57.52,40.27,42.27,40.9,40.06,40.78,42.81,14.2,28.08,29.13,30.49,31.61,34.59,48.79,41.85,41.32,42.36,44.86,33.54,34.38,37.83,40.11,34.38,39.83,44.11,40.89,49.51,56.86
2023-11-09,64.08,50.9,50.39,48.32,47.16,47.99,50.2,24.94,33.46,36.05,36.18,39.56,41.28,47.29,44.44,43.41,44.88,46.6,38.76,36.43,42.02,45.81,31.91,41.76,46.21,49.16,52.46,58.19
2023-11-10,50.0,37.84,38.53,38.7,38.36,39.93,41.7,15.41,27.23,28.42,31.85,34.77,36.22,44.86,40.24,41.95,44.06,45.76,34.59,36.13,42.0,43.46,37.84,44.58,46.64,51.46,50.71,48.59
2023-11-13,54.27,40.77,41.05,40.22,41.87,43.65,44.63,17.08,23.42,25.62,31.13,32.87,35.88,39.12,39.94,41.05,42.27,44.35,34.99,38.29,42.27,43.5,41.32,43.92,48.02,43.92,50.85,61.02
2023-11-14,39.83,31.75,32.31,31.75,31.48,32.59,35.61,14.76,20.89,23.4,26.18,31.2,34.76,36.49,38.72,39.28,40.39,44.16,35.1,36.77,42.34,43.87,37.6,44.01,48.15,47.35,53.85,62.11
2023-11-15,11.62,18.84,19.09,19.7,23.7,27.62,28.06,33.59,29.61,31.05,31.66,35.56,35.02,20.55,26.38,29.58,34.66,32.7,44.24,44.64,43.32,39.24,36.33,48.74,37.55,53.25,37.55,21.31
2023-11-16,11.91,16.46,18.42,19.5,23.14,26.31,27.16,28.84,27.79,29.83,30.92,33.51,33.89,24.72,27.83,30.92,35.14,33.89,44.33,45.25,41.62,39.16,37.65,46.31,36.42,46.67,35.79,25.47
2023-11-17,10.64,14.24,15.81,17.47,20.52,22.66,23.74,27.86,24.19,27.29,28.79,30.4,30.67,20.32,25.96,28.79,29.86,30.88,43.43,41.9,39.21,35.71,33.28,41.37,32.77,38.31,34.66,28.57
2023-11-20,7.97,11.41,14.01,15.12,19.1,20.11,20.75,26.88,23.67,26.41,28.57,29.44,29.35,20.13,26.08,28.92,29.44,29.98,43.85,42.86,38.78,34.17,35.11,37.7,29.14,35.01,30.4,25.16
2023-11-21,7.42,12.04,13.82,14.03,16.27,18.16,18.78,28.59,23.04,23.98,27.3,27.37,28.01,16.44,22.07,25.07,26.96,27.54,36.48,36.09,35.09,30.83,33.6,33.88,29.73,32.66,29.73,26.29
2023-11-22,5.88,12.76,14.33,14.92,17.87,19.1,19.5,36.49,27.03,26.94,30.43,31.66,30.75,15.24,21.45,27.23,28.49,28.25,35.03,39.36,37.23,32.75,40.21,39.3,31.75,32.64,27.88,22.62
2023-11-24,3.24,9.17,8.63,11.87,14.86,15.4,14.11,32.01,22.66,24.28,28.44,28.8,28.02,12.77,21.58,26.27,26.63,26.41,30.4,33.51,34.42,30.44,37.14,36.05,31.25,31.52,27.22,20.97
2023-11-27,5.62,10.87,11.41,12.14,16.3,17.03,16.54,30.43,26.09,24.64,28.8,29.35,29.0,17.03,20.47,27.17,26.81,27.14,26.09,34.6,31.34,30.48,42.75,36.23,34.01,26.45,25.65,25.09
2023-11-28,5.89,10.27,10.82,11.64,15.07,16.85,15.89,28.49,24.66,23.84,27.12,27.67,27.0,17.95,20.55,26.85,26.71,26.02,24.52,33.97,31.37,29.25,43.01,36.16,31.65,26.85,23.07,20.11
2023-11-29,4.97,9.6,11.04,13.25,15.6,17.81,17.48,29.25,26.71,26.27,29.42,30.2,29.51,20.53,25.28,28.98,30.2,28.6,31.35,34.85,34.18,32.01,38.05,37.5,33.03,33.08,26.9,21.57
2023-11-30,4.96,7.91,9.38,10.86,12.63,15.05,14.48,24.66,22.65,21.85,25.13,23.92,24.28,21.45,21.85,25.4,25.0,25.38,22.65,29.57,27.82,28.41,37.23,32.12,29.79,24.19,23.31,23.31
2023-12-01,4.46,9.45,11.41,12.3,13.77,16.46,16.15,27.81,26.2,24.6,26.83,26.3,26.06,21.21,22.64,24.69,25.04,25.32,24.24,29.16,27.73,28.81,33.09,31.31,28.44,25.4,24.04,21.28
2023-12-04,10.24,12.61,14.44,14.44,16.82,16.64,16.73,26.51,22.67,20.66,23.95,23.77,24.06,19.01,19.74,22.85,23.77,23.31,20.29,27.06,27.06,28.2,35.83,29.8,30.83,25.23,27.63,28.95
2023-12-05,10.37,12.28,12.41,13.78,16.1,16.51,16.55,22.24,20.33,19.37,23.06,21.96,23.42,16.64,19.65,23.6,23.6,23.14,21.69,29.6,27.42,28.47,42.16,30.83,31.14,21.42,23.98,28.33
2023-12-06,9.62,14.64,14.75,14.97,16.72,16.83,17.53,33.11,26.45,24.04,25.57,26.34,26.4,18.36,19.34,22.08,23.61,23.48,19.34,25.46,26.45,27.87,35.3,31.48,31.57,27.98,28.54,29.55
2023-12-07,10.91,15.77,15.37,15.9,17.74,17.74,17.95,31.14,25.49,24.57,25.89,26.81,26.18,18.66,20.89,23.39,25.1,24.02,22.08,28.12,27.33,28.48,36.27,30.88,30.9,25.49,27.8,28.88
2023-12-08,12.5,15.45,11.63,13.19,14.93,15.28,15.69,27.95,17.71,17.19,21.35,21.88,21.93,10.24,12.5,18.06,19.97,19.79,17.53,27.78,26.39,26.02,40.28,33.51,29.77,24.65,24.24,24.06
2023-12-11,8.64,14.51,12.09,13.3,14.68,14.68,16.11,31.09,22.63,22.28,24.87,25.04,24.78,14.51,16.41,21.59,22.8,22.3,22.45,30.22,26.94,26.02,40.41,30.92,30.09,24.35,25.13,29.56
2023-12-12,4.17,8.74,6.0,6.91,9.0,10.3,11.23,26.73,16.3,18.12,20.34,22.29,22.46,7.3,13.43,19.04,20.86,21.12,26.99,33.12,29.99,29.01,40.29,33.64,31.15,27.38,26.2,27.67
2023-12-13,4.6,9.0,7.01,7.64,9.94,10.27,11.18,29.18,18.83,19.35,22.28,21.8,22.58,9.52,13.7,19.56,19.29,19.57,22.8,30.75,26.21,26.34,41.21,29.56,29.46,19.92,22.47,28.6
2023-12-14,9.77,14.91,12.98,11.7,13.24,13.55,15.23,32.78,23.91,20.69,23.78,23.35,23.44,16.84,13.88,19.02,19.23,19.21,14.78,24.55,22.97,23.58,38.56,28.52,28.74,20.0,22.78,29.27
2023-12-15,3.75,8.52,9.71,10.56,12.27,13.53,14.41,29.13,28.45,26.41,29.64,29.45,29.53,27.09,22.83,30.49,30.31,28.82,23.85,33.39,31.16,29.53,40.55,36.47,31.11,28.42,26.54,24.96
2023-12-18,10.68,12.05,12.6,13.97,15.34,16.76,17.98,21.64,23.56,24.11,29.86,29.4,30.9,30.96,30.68,36.44,34.89,35.67,29.86,36.16,34.89,35.39,41.37,35.99,35.39,28.02,33.15,35.11
2023-12-19,4.71,7.48,7.2,10.53,12.19,13.3,14.73,22.99,19.94,22.71,26.32,26.87,30.03,19.67,23.82,31.58,31.58,33.71,36.84,40.44,38.23,39.38,46.26,37.67,38.81,25.76,34.56,39.66
2023-12-20,32.94,33.63,34.48,37.02,37.69,38.02,41.27,35.22,36.0,38.88,38.85,38.89,42.39,35.5,41.99,40.34,41.18,46.51,52.64,48.62,43.25,49.13,34.71,36.71,47.26,36.17,48.38,58.48
2023-12-21,37.22,35.46,35.14,36.74,38.42,37.62,38.12,33.07,32.75,37.7,38.42,38.42,39.36,34.98,40.42,40.68,39.71,42.91,45.69,45.34,40.84,45.39,38.75,37.46,43.97,32.15,40.78,49.29
2023-12-22,27.19,25.58,26.48,26.12,30.99,30.99,32.26,27.19,28.8,33.63,35.32,34.95,36.27,32.2,35.6,37.84,36.94,40.68,42.75,42.88,38.2,43.49,37.3,34.77,42.08,29.55,39.08,51.5
2023-12-26,29.88,26.33,25.78,27.83,29.06,27.83,29.97,24.83,22.92,27.97,29.2,29.33,31.09,22.24,31.11,32.74,31.51,33.75,40.11,38.2,35.47,37.11,36.02,32.47,36.27,27.56,34.31,40.2
2023-12-27,24.18,20.55,20.11,21.43,22.25,22.91,23.62,20.77,18.68,21.98,24.56,23.35,26.33,18.24,26.92,27.64,26.43,30.06,36.15,34.47,31.28,33.67,31.06,29.52,33.56,24.67,32.2,40.11
2023-12-28,26.67,22.93,20.8,22.27,22.99,23.26,24.28,20.27,17.6,21.6,23.4,22.19,25.79,15.73,25.6,26.47,25.67,28.81,37.07,34.76,30.61,34.16,29.41,28.61,33.2,23.4,32.92,41.29
2023-12-29,32.27,25.35,23.4,24.82,24.38,24.91,25.91,18.62,17.38,19.68,21.35,21.89,24.45,16.67,25.35,25.09,24.91,28.28,34.93,31.32,30.07,33.76,28.11,29.0,33.03,25.44,34.85,41.42
2024-01-02,38.99,30.57,24.73,26.22,26.36,25.41,27.51,19.16,16.17,19.84,22.69,21.47,24.58,12.91,23.91,25.41,25.0,26.96,39.13,36.41,31.39,34.08,35.05,26.49,32.12,19.7,28.77,39.39
2024-01-03,52.88,41.13,35.47,36.89,36.78,36.34,37.02,23.5,21.98,27.42,28.4,29.49,31.43,20.57,31.23,32.86,32.21,33.78,44.61,41.89,36.56,38.26,36.24,32.1,34.45,28.4,33.11,38.48
2024-01-04,52.29,44.58,37.78,38.95,38.56,36.47,37.45,32.03,27.84,32.42,32.68,30.33,33.02,23.14,31.37,32.42,28.89,32.75,41.7,36.86,31.63,35.97,32.68,24.18,33.02,19.48,30.6,45.1
2024-01-05,53.54,38.86,34.2,36.96,36.27,33.16,35.64,19.0,17.44,26.08,24.7,23.66,25.89,16.75,31.26,29.53,26.6,29.61,46.98,39.03,31.95,34.93,26.42,22.28,28.19,16.06,28.01,44.33
2024-01-08,48.63,41.75,37.63,37.97,37.11,34.36,35.04,32.47,27.15,30.24,31.62,27.84,29.05,20.1,29.38,31.1,26.98,27.64,39.18,36.43,28.01,29.58,33.33,23.02,26.76,14.43,23.42,36.09
2024-01-09,45.78,37.74,31.91,35.02,34.24,30.87,32.45,23.87,19.46,25.94,25.81,23.74,25.66,16.47,27.76,27.76,25.42,26.46,42.28,36.84,28.53,30.32,27.76,22.31,26.06,15.82,24.6,37.37
2024-01-10,51.3,41.31,35.9,37.67,36.73,32.22,34.12,25.6,20.92,27.47,27.58,23.67,26.31,18.42,29.24,29.97,23.15,27.06,41.62,37.25,25.34,30.16,29.34,18.46,26.1,9.8,22.78,48.98
2024-01-11,39.51,28.9,25.06,28.39,28.9,27.09,27.4,14.96,15.86,22.25,24.04,21.57,22.79,18.93,30.56,32.35,26.96,27.4,43.09,38.62,30.81,30.3,33.25,22.98,24.9,12.71,19.76,30.96
2024-01-12,38.14,31.86,28.64,31.36,32.54,28.79,29.72,24.07,20.34,27.97,30.51,25.38,29.02,19.66,30.85,34.75,27.26,29.37,42.88,40.0,30.66,33.74,39.32,23.85,28.32,11.41,21.33,40.03
2024-01-16,53.87,44.75,41.99,44.75,45.86,43.37,44.35,31.49,30.11,36.74,38.67,33.98,35.88,29.56,41.99,43.65,36.19,37.57,48.9,46.96,36.74,38.98,44.75,29.56,31.64,17.13,27.12,43.5
2024-01-17,43.85,42.06,44.69,46.08,43.17,44.84,43.73,38.79,42.37,44.64,40.11,41.48,41.24,49.65,54.95,40.11,44.3,41.99,51.75,38.41,39.96,36.65,19.26,31.05,27.95,47.45,37.27,24.47
2024-01-18,40.86,42.45,44.67,44.52,41.92,41.28,40.21,44.52,46.1,45.79,42.24,41.28,40.21,53.26,47.54,40.48,41.12,40.56,42.45,31.68,35.68,34.04,23.2,30.88,28.75,39.2,35.63,28.75
2024-01-19,34.34,37.01,39.68,41.1,39.07,38.71,35.66,43.59,44.48,44.84,41.58,40.5,39.44,48.22,46.09,40.5,40.68,39.64,44.84,35.48,37.81,35.66,25.63,32.08,29.48,37.81,34.26,27.89
2024-01-22,38.06,34.65,36.8,36.98,35.19,34.29,34.44,30.88,36.27,37.16,35.01,34.11,33.52,45.78,40.39,34.83,34.83,33.89,36.98,29.08,31.24,29.1,20.83,27.65,25.97,37.34,29.83,23.2
2024-01-23,38.13,32.56,33.79,35.69,33.11,32.7,31.06,27.14,32.16,34.19,30.12,31.34,29.39,38.53,37.18,31.61,33.11,29.94,37.18,28.49,29.85,27.02,19.95,27.14,20.33,37.18,23.68,13.65
2024-01-24,39.45,37.49,38.25,39.45,38.01,37.79,36.74,34.64,37.27,39.23,37.35,37.02,35.84,42.3,41.86,35.27,37.46,35.84,42.4,31.22,35.49,33.26,20.48,31.33,28.43,44.91,34.61,22.81
2024-01-25,39.52,40.45,42.04,41.11,39.36,38.83,39.29,37.14,42.04,41.64,38.83,37.9,38.47,51.46,45.09,36.7,37.9,37.65,38.46,26.99,32.31,33.56,18.35,29.52,30.7,44.95,38.74,32.06
2024-01-26,40.04,38.62,39.68,39.33,38.05,37.88,37.93,33.69,38.62,38.27,37.35,36.64,37.75,46.21,41.45,36.64,36.81,36.84,36.68,30.09,33.27,34.12,22.12,32.04,33.21,41.24,37.02,32.67
2024-01-29,44.2,43.66,43.48,44.93,42.21,41.67,41.53,40.76,42.57,43.48,40.76,40.4,40.04,46.56,47.1,39.86,40.22,40.22,44.57,34.6,36.41,37.24,22.1,31.52,32.22,41.3,36.5,32.4
2024-01-30,41.22,38.24,40.41,38.65,35.41,35.68,36.39,32.57,38.51,37.03,32.97,32.43,33.89,47.03,40.0,34.73,34.86,36.39,32.97,25.81,28.92,31.81,19.73,26.22,30.56,34.19,36.25,35.97
2024-01-31,57.25,50.43,51.08,50.87,47.29,47.94,48.39,35.82,44.59,44.26,41.88,41.88,41.94,57.25,50.32,43.29,43.61,43.72,41.88,33.01,36.04,38.15,22.73,34.31,35.15,43.94,40.93,35.26
2024-02-01,55.79,49.41,50.07,50.2,46.81,46.68,46.46,38.49,44.86,44.34,42.26,41.35,41.79,54.23,49.28,43.43,42.26,42.46,43.82,35.24,35.63,37.52,24.45,31.86,34.58,37.84,37.92,35.11
2024-02-02,48.11,44.16,45.02,45.19,43.3,43.3,42.68,34.88,40.72,44.67,41.92,41.41,41.09,49.48,48.45,42.96,42.44,42.68,46.91,36.25,38.83,38.62,22.34,34.02,34.74,43.3,39.33,33.69
2024-02-05,46.32,39.83,41.54,42.22,40.17,40.17,40.81,31.11,36.41,38.97,36.58,38.63,37.48,45.47,46.15,41.54,41.2,40.81,44.62,36.58,39.49,37.48,25.3,33.16,32.75,38.97,35.73,32.05
2024-02-06,43.61,38.71,38.58,39.1,36.39,36.39,36.24,29.42,32.39,35.61,32.39,32.0,32.41,38.06,40.0,33.81,34.97,34.52,41.16,30.58,31.87,32.8,18.06,26.84,28.44,36.39,34.66,31.88
2024-02-07,37.58,34.47,35.71,36.85,34.06,33.4,32.98,30.02,34.06,36.44,33.23,31.43,31.81,41.3,40.89,34.27,33.61,33.3,37.78,27.43,28.22,28.3,17.91,23.76,25.11,29.05,30.53,31.06
2024-02-08,41.22,38.55,38.17,37.53,34.22,34.36,32.24,36.01,35.75,34.35,30.92,30.65,29.88,38.55,35.5,27.48,30.52,27.79,30.79,21.88,25.8,23.72,16.41,24.9,22.02,35.89,26.74,19.13
2024-02-09,37.27,36.09,37.27,37.1,33.22,32.2,31.3,36.09,37.77,38.28,33.39,32.03,32.0,41.65,39.12,31.37,32.88,30.09,34.57,23.44,26.27,25.74,14.67,24.07,24.0,35.76,30.61,24.7
2024-02-12,49.18,42.93,42.39,44.02,42.66,42.51,41.78,32.61,37.23,39.13,37.5,36.51,36.21,41.85,44.02,39.67,37.6,37.88,42.66,35.33,34.6,35.1,26.36,29.43,30.08,31.34,32.87,30.64
2024-02-13,78.57,71.98,70.6,68.68,65.93,65.11,64.89,54.67,55.77,56.04,51.92,51.65,50.56,55.49,56.04,50.0,52.2,50.28,57.14,49.18,48.63,46.07,39.01,43.13,39.89,44.51,40.17,31.46
2024-02-14,34.88,33.64,35.62,33.44,34.81,33.63,8.71,31.63,35.46,32.29,32.59,31.49,3.11,38.02,30.31,32.42,29.72,0.0,34.27,34.3,28.11,0.0,34.47,27.58,0.0,22.42,0.0,0.0
2024-02-15,32.82,32.35,34.13,31.09,32.37,32.15,4.14,30.19,33.65,30.26,30.49,29.31,2.07,34.29,27.14,30.32,28.06,0.0,32.24,33.56,26.82,0.0,34.92,26.47,0.0,21.49,0.0,0.0
2024-02-16,33.08,33.38,34.87,31.36,31.8,32.09,4.96,33.69,35.67,30.54,30.1,29.08,2.48,35.03,25.94,27.04,26.06,0.0,24.63,25.17,21.99,0.0,31.46,25.18,0.0,22.16,0.0,0.0
2024-02-20,47.73,49.11,47.74,44.16,44.27,41.21,12.21,46.84,44.72,39.14,40.38,36.35,4.69,41.31,31.25,33.96,29.99,0.62,26.13,32.6,24.49,0.12,40.06,27.51,0.12,16.61,0.12,0.37
2024-02-21,55.22,56.65,53.96,50.95,49.84,46.34,13.68,55.06,51.27,45.89,45.38,40.76,5.26,49.21,38.45,39.01,35.99,0.7,29.27,32.48,28.66,0.0,36.94,30.57,0.0,21.82,0.18,0.53
2024-02-22,48.14,44.42,44.78,42.3,42.78,39.22,10.1,42.65,43.54,39.65,39.93,36.9,4.95,47.43,37.52,38.15,35.12,1.19,28.5,32.26,27.63,0.2,37.25,30.3,0.2,19.43,0.4,0.79
2024-02-23,41.83,38.53,37.43,31.93,34.38,31.98,5.79,36.33,37.25,29.91,32.16,30.13,2.59,35.23,25.87,30.5,25.88,0.4,17.06,25.32,22.74,0.0,38.82,29.57,0.0,17.19,0.0,0.4
2024-02-26,42.84,40.27,38.92,36.08,37.57,33.51,4.44,33.51,34.59,30.14,33.78,30.27,1.8,36.08,27.3,31.35,26.76,0.55,18.38,29.19,24.05,0.0,42.97,29.73,0.0,15.81,0.0,0.28
2024-02-27,41.68,39.93,36.89,33.08,35.11,31.19,3.69,34.93,33.84,28.4,30.86,27.59,1.45,30.79,22.52,27.04,22.68,0.34,15.56,25.41,21.81,0.0,39.69,27.15,0.0,14.94,0.0,0.22
2024-02-28,42.61,42.88,39.97,35.75,35.58,31.48,3.93,39.18,35.88,29.82,30.56,26.19,1.49,31.93,21.5,22.75,20.37,0.27,12.93,19.71,17.72,0.0,32.28,20.63,0.0,13.62,0.0,0.68
2024-02-29,40.7,40.35,37.89,33.33,32.92,29.23,2.89,35.44,35.44,29.12,28.35,24.3,0.9,31.75,22.81,21.3,19.19,0.18,13.16,17.43,16.37,0.0,24.12,17.43,0.0,14.08,0.0,0.18
2024-03-01,40.0,39.63,38.33,32.96,34.01,29.74,3.82,37.59,36.3,28.33,31.04,25.28,1.72,33.15,21.67,23.79,19.89,0.57,12.78,19.7,15.99,0.0,34.2,20.07,0.0,9.85,0.0,0.19
2024-03-04,43.2,41.72,37.01,30.01,29.07,26.92,3.04,37.42,33.24,23.96,23.55,21.0,0.97,28.4,18.17,17.63,17.23,0.55,9.56,12.92,13.59,0.0,21.67,18.03,0.0,15.34,0.0,0.0
2024-03-05,53.66,50.32,46.44,40.52,39.55,37.5,9.41,43.86,39.44,32.76,32.97,30.93,2.33,36.21,25.86,26.29,25.75,1.11,14.76,20.8,21.44,0.11,32.0,25.54,0.0,21.55,0.0,0.0
2024-03-06,57.18,52.65,48.51,42.95,43.34,38.94,12.48,43.6,39.59,34.15,35.19,31.44,2.52,38.16,27.17,29.62,26.0,1.59,16.95,24.97,20.83,0.27,40.23,23.42,0.13,13.58,0.0,0.13
2024-03-07,48.21,44.96,42.39,39.32,37.44,35.73,8.95,39.66,37.78,34.02,32.99,30.6,2.11,41.2,29.74,27.52,27.01,1.93,17.44,21.37,21.71,0.18,26.15,23.42,0.0,21.71,0.18,0.0
2024-03-08,58.06,55.98,51.65,46.27,45.58,43.33,14.56,52.17,48.18,39.51,40.9,35.88,3.37,43.5,28.6,30.85,28.25,2.13,15.77,24.09,23.05,0.53,41.77,27.04,0.18,17.85,0.0,0.18
2024-03-11,43.57,40.49,38.69,32.78,31.88,29.69,4.22,36.63,32.39,25.45,24.55,23.65,1.05,30.46,19.28,19.41,18.64,0.53,12.34,15.81,16.32,0.26,24.04,21.21,0.0,17.87,0.0,0.0
2024-03-12,40.31,37.94,35.88,30.31,29.38,27.07,3.92,36.39,32.37,24.95,23.51,21.07,1.17,28.66,18.25,18.14,16.12,0.64,11.65,15.26,13.84,0.32,22.89,18.08,0.0,12.91,0.0,0.0
2024-03-13,50.25,47.09,44.05,38.35,37.47,33.93,7.69,41.77,37.34,28.86,28.48,25.79,1.69,31.9,18.86,20.25,18.93,0.78,11.52,17.34,16.65,0.65,28.48,21.98,0.13,15.5,0.0,0.0
2024-03-14,50.67,47.82,46.64,41.28,39.77,37.61,10.9,41.61,41.61,33.89,33.22,29.85,3.11,41.11,24.66,25.34,25.13,2.08,14.43,19.8,20.07,0.69,27.18,24.79,0.17,22.43,0.17,0.17
2024-03-18,55.34,48.49,43.29,38.9,38.36,37.53,11.76,33.7,31.23,23.56,23.84,24.11,2.24,28.22,17.81,19.73,20.0,1.4,11.78,17.81,19.73,0.28,29.32,24.66,0.0,22.19,0.0,0.0
2024-03-19,32.17,30.01,22.85,20.63,20.57,0.93,15.38,24.01,15.72,16.23,16.3,0.13,13.08,8.48,11.95,13.32,0.13,10.0,28.93,18.37,0.0,11.69,16.3,0.0,9.38,0.0,4.62,99.85
2024-03-20,28.88,27.31,19.82,18.67,18.22,0.86,14.85,23.08,14.41,15.31,15.92,0.32,13.13,6.71,10.2,12.15,0.21,9.45,29.29,19.27,0.0,12.52,16.96,0.0,10.31,0.0,5.64,99.75
2024-03-21,33.12,30.3,22.61,20.72,20.38,1.42,14.78,25.75,18.21,19.15,19.27,0.63,13.57,8.63,13.5,14.38,0.63,10.43,25.9,21.48,0.16,12.35,20.54,0.16,9.91,0.16,5.91,99.48
2024-03-25,40.85,37.66,29.66,27.53,25.04,1.24,15.66,32.33,21.85,18.83,19.72,0.71,10.56,8.88,10.66,12.61,0.18,7.83,17.05,17.76,0.0,8.74,21.14,0.0,6.74,0.0,3.28,100.0
2024-03-26,36.29,31.05,26.75,23.25,20.97,0.94,12.28,27.15,19.49,16.67,15.99,0.54,9.52,10.08,11.29,13.04,0.13,7.31,15.32,16.94,0.0,7.17,21.51,0.0,5.38,0.0,2.62,99.86
2024-03-27,41.99,38.2,30.41,27.81,25.92,1.95,17.46,32.36,22.4,19.48,18.11,1.08,11.9,10.06,12.23,12.36,0.33,9.01,18.51,15.94,0.0,9.34,18.55,0.0,7.9,0.11,4.89,100.0
2024-04-01,49.82,44.09,34.41,31.0,29.75,4.12,21.92,36.92,24.37,21.68,20.25,1.43,14.55,13.8,15.41,15.23,0.36,9.39,16.49,15.95,0.0,9.21,18.46,0.0,9.21,0.0,5.16,100.0
2024-04-02,57.7,53.28,43.37,40.43,37.88,8.7,30.67,42.3,29.85,27.71,26.1,1.87,20.22,18.07,20.62,19.41,0.67,13.2,22.76,22.09,0.0,12.79,22.76,0.0,11.83,0.0,6.33,100.0
2024-04-03,62.49,55.84,45.98,41.59,39.23,8.68,32.16,43.52,29.15,27.01,25.08,1.71,19.49,15.01,18.22,17.04,0.75,11.67,22.83,20.04,0.11,11.89,19.51,0.0,11.12,0.0,6.83,100.0
2024-04-04,74.04,66.07,58.23,54.63,50.77,18.77,42.61,50.51,37.53,35.48,34.06,2.06,25.99,23.91,26.48,24.16,1.29,18.6,27.89,24.94,0.26,17.81,23.01,0.13,13.46,0.13,11.48,100.0
2024-04-05,73.01,67.23,60.78,56.71,53.14,20.03,47.74,57.89,44.65,42.11,41.77,2.38,33.1,25.3,28.01,27.33,1.53,21.08,30.73,30.56,0.34,20.56,29.54,0.0,17.07,0.0,12.72,100.0
2024-04-08,66.5,64.3,56.51,51.95,49.24,16.75,42.98,56.51,43.32,40.1,37.23,1.69,28.77,24.37,24.37,24.2,0.68,18.2,29.61,25.21,0.34,17.16,24.7,0.0,12.31,0.0,10.05,100.0
2024-04-09,61.38,58.06,52.43,48.98,46.68,12.79,39.84,52.3,43.73,40.28,38.62,1.41,29.23,28.77,28.01,27.75,0.64,19.0,29.28,26.98,0.26,17.3,27.24,0.0,13.11,0.0,9.57,100.0
2024-04-10,62.26,61.23,54.77,51.9,48.72,16.34,43.52,58.46,45.64,44.1,41.23,3.19,33.09,24.82,30.26,26.97,0.92,20.76,36.41,29.44,0.62,21.92,22.36,0.0,15.81,0.1,14.12,100.0
2024-04-11,59.95,57.93,51.51,47.23,45.34,11.76,39.3,53.15,41.31,38.54,37.41,1.52,29.31,21.16,23.55,23.43,0.51,18.03,30.6,26.83,0.25,19.07,25.19,0.0,14.27,0.0,11.67,100.0
2024-04-12,81.3,77.13,71.79,70.95,67.78,42.62,63.68,64.77,56.09,54.76,51.59,12.58,49.57,41.74,45.41,46.24,2.35,41.65,49.25,47.41,0.84,39.24,43.41,0.17,32.7,0.17,27.02,100.0
2024-04-15,85.71,83.02,80.86,80.59,78.71,57.3,74.59,73.05,69.27,68.19,64.96,25.95,61.33,60.65,60.11,56.6,7.03,51.93,63.88,58.22,1.08,48.07,48.79,0.0,39.23,0.0,33.7,100.0
2024-04-16,91.01,86.65,83.38,82.83,80.93,59.67,76.88,74.66,66.76,66.49,63.49,23.98,59.89,53.41,55.31,52.32,5.99,50.7,60.22,56.68,1.09,48.47,50.95,0.0,41.23,0.0,35.65,100.0
2024-04-17,73.43,59.45,58.07,61.99,21.79,61.8,67.62,39.63,43.51,45.02,3.55,48.59,60.86,50.0,54.65,0.34,51.58,63.93,48.12,0.0,47.01,65.78,0.0,49.12,71.72,100.0,100.0,91.8
2024-04-18,75.61,65.95,63.35,66.45,23.44,63.97,70.76,46.93,48.18,49.67,3.88,50.79,65.03,50.87,54.23,0.17,48.15,64.83,47.23,0.0,42.36,66.87,0.0,44.46,73.42,100.0,100.0,94.07
2024-04-19,83.92,70.6,70.82,73.5,30.81,67.37,74.08,51.45,56.31,62.28,6.4,55.79,69.8,57.41,65.69,0.84,52.81,71.02,57.72,0.17,43.16,69.59,0.0,32.63,71.02,99.65,99.8,96.33
2024-04-22,71.71,57.65,54.96,57.63,17.65,56.39,64.56,38.07,41.89,43.51,2.69,40.11,56.82,49.29,51.3,0.17,41.51,58.66,47.08,0.0,36.95,58.25,0.0,29.6,65.99,99.65,99.39,93.28
2024-04-23,66.43,51.9,48.96,48.5,12.18,44.18,54.34,31.31,35.69,33.92,1.28,30.69,42.77,38.49,35.41,0.13,29.89,47.95,40.4,0.0,26.98,49.62,0.0,23.02,56.32,99.47,99.24,92.39
2024-04-24,67.51,54.05,49.5,46.4,11.95,41.36,51.7,33.66,34.29,30.7,1.25,27.93,40.39,33.6,28.98,0.21,24.73,43.07,29.99,0.0,21.54,46.11,0.0,22.17,54.62,99.47,99.03,92.58
2024-04-25,76.41,70.78,66.72,60.47,20.28,54.72,60.55,52.66,47.5,43.59,2.52,38.99,48.27,44.53,35.94,0.47,33.02,47.23,30.31,0.0,27.36,47.75,0.16,28.3,54.67,99.84,98.96,91.18
2024-04-26,67.08,57.62,50.61,47.46,11.11,40.04,46.58,38.35,36.95,34.33,0.88,28.57,37.77,33.8,31.35,0.35,23.99,38.55,30.3,0.0,21.69,40.31,0.0,19.58,45.21,99.65,98.83,88.85
2024-04-29,66.78,59.01,54.06,48.41,11.48,43.29,48.91,39.93,38.87,36.04,0.71,31.63,37.5,37.63,30.92,0.0,24.73,36.05,24.2,0.0,22.44,35.69,0.0,20.14,41.3,100.0,99.46,84.6
2024-04-30,75.9,66.8,61.71,56.22,20.62,49.93,55.49,46.45,43.64,40.03,2.14,35.07,43.96,43.91,35.61,0.54,29.85,41.62,30.79,0.0,24.63,40.11,0.0,21.02,45.19,99.87,99.45,90.38
2024-05-01,72.28,62.46,58.36,53.61,18.49,48.11,54.43,42.39,40.02,38.3,2.16,34.16,44.12,38.51,34.09,0.65,29.3,43.9,31.5,0.11,25.62,45.12,0.11,22.92,51.44,99.78,99.45,92.9
2024-05-02,67.58,58.04,54.64,49.8,13.89,44.56,50.94,38.95,39.74,36.6,1.97,32.11,40.05,42.35,33.2,0.26,27.39,39.78,25.62,0.0,22.54,38.71,0.0,20.58,45.7,99.74,99.19,90.86
2024-05-03,63.13,53.22,45.39,42.26,8.9,38.39,44.01,31.48,30.26,29.04,0.87,26.18,35.6,25.91,26.61,0.0,21.82,35.6,25.04,0.0,22.34,38.82,0.0,20.94,47.23,100.0,99.28,91.23
2024-05-06,64.71,54.37,48.48,42.6,10.16,35.65,40.84,36.54,33.51,26.02,1.25,22.1,31.68,29.41,22.99,0.0,18.18,30.4,15.51,0.0,13.73,30.4,0.0,15.51,36.26,100.0,99.45,86.63
2024-05-07,63.25,53.66,47.4,40.88,8.92,34.09,39.67,32.62,29.83,24.23,0.93,21.04,30.64,28.1,21.84,0.0,17.71,28.73,14.38,0.0,14.25,29.69,0.0,15.85,36.39,99.87,99.32,87.28
2024-05-08,59.7,51.07,44.46,40.09,7.46,32.3,38.55,33.26,30.38,26.01,0.75,20.47,28.59,28.25,23.45,0.0,15.14,26.18,17.06,0.0,11.3,26.62,0.0,11.41,31.65,99.79,99.23,88.72
2024-05-09,57.03,50.38,43.99,39.77,7.54,31.33,37.4,37.72,32.61,29.67,1.41,20.08,29.92,28.39,24.3,0.13,13.55,25.07,18.54,0.0,9.97,25.72,0.0,8.95,29.0,99.49,99.21,90.68
2024-05-10,53.38,44.93,40.03,37.33,6.42,25.34,34.32,30.41,29.22,26.86,0.84,15.2,24.44,28.89,25.17,0.17,10.3,23.05,21.79,0.17,6.08,21.14,0.0,4.39,22.88,98.99,98.96,90.81
2024-05-13,62.29,55.22,51.01,47.14,13.13,37.04,42.24,44.28,39.39,37.04,0.84,24.07,31.21,34.85,33.0,0.34,14.98,26.21,31.82,0.0,10.1,23.62,0.0,4.55,21.72,99.49,99.31,83.62
2024-05-14,60.94,54.58,50.13,45.04,11.45,35.62,40.42,43.51,38.8,34.61,1.02,21.76,30.64,32.44,27.1,0.38,13.61,25.29,24.05,0.13,8.52,23.47,0.0,4.83,24.38,99.36,99.09,85.79
2024-05-15,52.55,46.63,42.35,38.67,6.73,29.45,33.33,37.14,31.63,27.65,0.92,19.43,24.32,25.82,20.51,0.31,11.15,20.02,18.47,0.1,8.9,20.86,0.0,7.87,22.54,99.59,98.95,73.17
2024-05-16,52.13,43.73,41.73,37.84,6.64,28.18,32.26,29.45,30.33,25.94,0.88,17.11,23.35,32.96,22.43,0.5,11.32,20.9,17.42,0.25,7.17,19.35,0.13,5.79,21.94,99.37,98.84,77.55
2024-05-17,48.5,46.01,41.53,37.38,6.64,25.71,31.34,38.87,33.22,28.41,1.16,15.86,23.46,24.58,19.27,0.5,8.18,17.81,16.78,0.33,4.51,17.12,0.0,3.34,19.69,99.17,98.63,81.68
2024-05-20,49.33,43.43,41.02,39.41,12.06,29.03,34.62,32.98,32.98,31.1,1.34,18.28,25.27,32.17,28.15,0.8,15.32,25.27,26.01,0.0,8.33,21.7,0.0,6.45,20.88,99.46,98.9,80.49
2024-05-21,41.46,36.04,35.23,33.33,6.78,23.58,27.42,28.46,25.47,24.93,1.36,16.53,21.88,26.02,24.66,0.27,13.28,19.94,27.1,0.0,9.76,20.5,0.0,6.78,18.28,99.46,98.34,74.52
2024-05-22,44.86,39.1,37.85,2.96,26.65,30.41,25.34,32.55,32.55,0.31,20.85,25.55,20.34,35.83,0.0,14.11,21.63,17.24,0.0,7.52,19.44,13.97,99.53,98.12,91.55,55.17,24.14,6.72
2024-05-23,48.34,41.54,41.19,4.36,26.19,30.93,25.93,34.21,37.52,0.7,19.33,25.83,19.88,38.92,0.0,11.07,21.44,16.96,0.0,3.69,17.22,12.28,98.77,97.54,89.08,66.61,27.68,6.04
2024-05-24,42.86,40.33,35.08,2.71,22.04,25.5,19.06,37.97,32.37,0.54,14.94,21.13,14.15,26.04,0.0,7.29,15.48,9.82,0.0,3.46,12.57,6.88,98.91,97.63,84.09,52.64,15.72,2.16
2024-05-28,50.0,46.88,43.23,5.48,30.28,33.94,29.28,37.42,35.7,0.54,19.94,26.83,19.89,32.15,0.0,11.85,21.01,13.92,0.0,7.44,19.29,12.15,99.46,98.49,88.07,68.1,22.98,3.31
2024-05-29,60.94,56.64,52.21,14.84,41.64,43.47,38.29,48.96,42.19,1.43,27.55,33.94,26.91,37.11,0.0,16.19,25.59,18.88,0.0,10.7,22.32,14.86,99.35,98.56,89.42,65.67,24.36,4.28
2024-05-30,60.73,56.92,53.63,15.57,42.01,45.14,38.43,49.65,43.94,1.56,29.86,36.28,28.65,40.14,0.0,17.88,30.38,20.46,0.0,11.81,25.69,14.77,99.48,98.96,90.57,74.65,22.6,3.02
2024-05-31,50.82,50.64,45.34,9.69,35.6,37.43,32.96,46.98,39.12,1.28,24.59,29.91,23.54,31.63,0.0,14.13,20.92,15.25,0.0,9.72,19.82,13.18,99.27,97.98,88.51,58.72,21.28,4.33
2024-06-03,51.72,48.01,42.04,9.02,31.43,35.41,30.38,43.5,36.07,0.66,22.02,29.97,22.89,28.51,0.0,14.46,23.61,17.57,0.0,9.02,22.02,13.62,99.34,97.88,90.19,67.37,25.61,4.77
2024-06-04,51.91,50.32,44.06,9.24,32.38,36.2,31.08,46.71,37.69,0.64,22.08,29.94,22.79,28.56,0.0,13.16,22.29,15.38,0.0,7.86,20.81,11.89,99.04,97.66,89.31,66.77,24.54,4.47
2024-06-05,38.8,40.84,36.01,5.22,23.03,29.9,22.85,42.11,34.99,0.38,17.56,25.7,18.93,25.45,0.0,7.89,19.34,12.01,0.0,3.69,18.19,9.27,98.09,97.07,86.95,75.45,25.07,3.26
2024-06-06,37.48,35.13,32.61,4.2,17.82,24.87,20.86,29.08,27.9,0.17,12.1,21.18,15.86,25.21,0.0,4.71,17.65,11.9,0.0,2.35,17.48,9.48,97.48,96.3,88.1,81.85,33.97,5.17
2024-06-07,31.57,32.25,30.72,2.73,16.55,23.38,18.71,35.32,30.03,0.51,11.77,21.5,16.26,23.21,0.0,3.92,16.38,10.31,0.0,1.88,16.21,8.57,97.27,96.59,86.89,84.47,35.66,5.24
2024-06-10,37.01,38.15,34.35,4.94,22.18,30.04,24.42,41.19,33.71,0.51,16.6,27.88,20.91,25.6,0.0,6.59,21.04,14.81,0.0,2.92,20.53,11.95,98.23,97.08,86.75,78.2,33.12,4.16
2024-06-11,34.96,38.52,35.16,4.88,22.56,29.02,23.59,46.44,36.79,0.61,17.78,28.31,21.19,24.19,0.0,5.89,19.65,13.88,0.0,3.05,20.26,10.33,98.07,97.05,87.58,76.07,32.05,4.38
2024-06-12,25.19,28.43,24.81,1.62,11.97,18.77,15.79,34.91,28.05,0.12,9.6,20.15,14.25,20.07,0.0,3.74,14.39,8.09,0.0,1.62,14.64,7.06,97.63,96.87,86.14,80.1,33.76,3.59
2024-06-13,20.83,22.81,19.17,0.99,9.75,16.28,12.44,28.76,22.64,0.0,8.26,19.6,13.46,18.35,0.0,3.47,15.78,8.69,0.0,1.65,16.94,8.18,97.19,96.68,85.35,82.56,34.92,3.24
2024-06-14,30.09,32.17,30.78,4.87,20.7,26.75,22.04,35.65,32.0,1.04,16.87,27.27,20.43,25.39,0.35,10.78,23.08,16.49,0.17,5.39,23.95,13.98,98.09,97.38,88.53,76.05,34.41,5.56
2024-06-17,32.43,34.32,32.16,4.59,22.16,28.11,23.2,33.51,29.73,0.81,17.3,28.11,21.27,25.14,0.0,12.7,28.11,17.96,0.0,7.3,27.84,17.13,99.19,97.57,89.78,81.08,37.02,5.8
2024-06-18,30.09,28.67,0.61,14.89,25.0,20.39,22.54,22.39,0.0,9.68,24.36,18.95,21.18,0.0,4.09,23.47,15.79,19.52,98.39,97.19,89.47,82.6,85.59,42.11,36.91,6.58,14.52,33.43
2024-06-20,46.59,36.84,1.55,20.74,32.87,26.01,25.86,23.37,0.0,10.84,27.73,19.16,20.55,0.0,5.57,28.5,17.29,19.52,97.68,97.51,87.69,78.6,87.23,40.97,37.5,5.3,12.16,30.82
2024-06-21,45.31,34.38,1.39,20.66,29.72,24.3,24.61,21.7,0.0,12.85,25.52,18.36,19.77,0.0,7.12,26.4,18.18,20.35,98.44,97.2,88.99,79.26,77.1,36.71,34.69,6.82,13.57,31.2
2024-06-24,50.09,39.93,1.4,28.55,35.38,28.9,28.73,24.87,0.0,15.76,26.62,21.02,19.57,0.0,10.86,27.32,20.32,19.57,98.6,97.72,89.49,80.25,72.68,37.3,28.73,7.01,9.34,14.72
2024-06-25,47.68,36.12,0.53,22.44,32.67,25.1,24.25,22.84,0.0,9.83,23.64,16.2,16.35,0.0,5.18,23.9,16.6,16.21,97.88,97.74,86.59,77.52,85.26,40.24,33.79,5.18,8.17,17.85
2024-06-26,42.67,32.62,0.64,18.5,27.01,20.79,20.66,21.07,0.0,8.66,18.54,14.04,13.85,0.0,4.6,19.19,13.18,13.19,97.86,96.89,81.03,70.11,75.99,34.62,29.78,5.47,8.9,20.88
2024-06-27,38.42,30.66,0.39,17.98,26.98,20.23,21.14,23.93,0.0,10.22,21.01,14.79,15.69,0.0,4.92,20.23,13.36,13.83,98.19,97.54,83.27,74.2,75.49,34.37,31.38,5.45,9.57,25.13
2024-06-28,46.05,36.25,1.72,24.91,31.55,26.03,25.62,23.02,0.17,12.54,22.93,15.69,17.31,0.17,6.87,23.1,16.21,17.14,98.45,97.93,84.83,76.5,76.21,36.9,32.33,6.21,9.72,21.55
2024-07-01,38.98,29.45,1.76,17.64,22.93,19.4,19.38,17.28,0.0,8.99,18.87,14.46,14.13,0.0,4.23,20.81,13.4,12.68,97.53,95.94,80.6,71.01,81.83,36.51,28.62,4.76,5.62,17.39
2024-07-02,34.3,26.91,0.79,14.78,21.9,19.0,18.43,15.96,0.0,6.07,18.87,14.12,14.5,0.0,3.43,20.05,13.72,15.18,97.36,96.44,82.72,75.07,86.15,41.69,36.31,5.28,10.43,23.85
2024-07-03,36.11,28.19,1.69,13.41,21.86,16.9,17.25,16.37,0.0,4.75,17.11,12.04,13.56,0.0,2.75,17.21,10.56,11.61,95.99,94.93,76.24,69.85,87.43,40.34,36.23,4.96,8.03,24.84
2024-07-05,37.12,29.77,2.17,13.88,21.4,17.56,17.67,17.56,0.0,4.68,16.39,12.88,12.86,0.0,2.68,16.39,10.54,10.46,95.15,94.65,76.42,68.1,86.45,43.98,37.56,6.19,7.89,19.21
2024-07-08,39.33,33.17,2.33,15.67,25.17,20.83,19.62,24.33,0.0,5.5,18.33,15.83,13.99,0.0,2.33,16.0,11.17,10.24,94.0,93.67,75.67,64.16,87.33,49.67,36.86,9.17,8.36,15.53
2024-07-09,35.94,29.26,1.89,13.37,25.22,16.9,17.96,19.55,0.0,6.18,20.18,12.99,13.7,0.0,3.03,21.44,9.96,12.79,94.7,94.7,72.51,65.63,91.93,40.86,35.79,3.28,6.2,27.91
2024-07-10,36.91,29.93,2.53,17.29,28.01,19.96,19.11,19.62,0.0,7.89,23.46,15.2,14.64,0.1,4.35,26.29,14.39,14.33,95.96,96.06,76.19,65.94,91.2,40.93,31.98,3.55,4.15,16.2
2024-07-11,45.85,34.82,3.59,17.97,28.25,21.14,20.66,17.1,0.0,6.32,18.96,12.94,12.5,0.0,3.1,20.69,11.32,12.37,95.04,94.92,74.63,64.29,91.2,44.9,34.06,4.6,6.38,16.07
2024-07-12,40.39,31.36,1.97,13.3,24.14,18.65,18.44,18.72,0.0,5.42,16.91,12.21,13.03,0.0,2.63,17.41,9.9,12.35,93.43,93.92,72.94,64.47,90.97,46.2,38.92,5.28,8.29,22.67
2024-07-15,49.6,38.2,9.02,23.34,33.42,27.93,27.72,20.95,0.0,7.69,20.42,16.76,18.75,0.0,4.51,24.67,17.02,18.48,91.78,94.69,73.94,70.11,92.84,54.52,50.82,7.18,14.13,35.87
2024-07-16,45.16,37.63,10.48,24.46,33.87,29.57,26.1,23.66,0.27,12.37,24.46,20.43,18.41,0.0,6.72,28.49,20.43,17.31,90.59,93.01,71.77,62.64,91.13,54.84,40.11,8.6,8.52,13.74
2024-07-17,30.4,2.43,17.53,29.68,25.21,24.35,27.07,0.0,6.73,29.19,22.2,20.17,23.23,92.96,93.23,75.63,65.91,61.82,90.16,52.42,40.7,38.79,7.35,8.7,13.74,22.43,26.87,31.92
2024-07-18,42.19,5.46,26.56,38.65,32.67,33.51,34.27,0.0,12.5,33.33,24.33,25.52,27.02,94.84,93.72,76.83,73.61,67.34,88.08,50.33,45.83,41.53,6.83,12.67,15.52,41.32,33.06,24.8
2024-07-19,54.39,12.42,37.44,52.09,44.93,45.75,45.88,0.15,23.09,46.46,34.94,36.4,37.83,95.94,96.14,82.86,77.12,75.05,92.44,61.4,54.59,50.3,7.82,13.34,18.51,38.82,38.63,33.6
2024-07-22,41.91,4.84,23.83,37.72,32.06,30.97,32.33,0.0,8.41,32.74,23.59,23.18,25.1,93.77,93.9,76.91,70.76,63.86,91.81,55.32,44.46,40.36,5.98,9.52,13.45,27.68,26.1,25.3
2024-07-23,44.47,4.59,22.02,34.61,29.49,30.81,31.63,0.0,7.7,27.59,21.77,23.63,25.64,91.46,91.75,74.68,69.19,62.82,88.92,53.04,48.83,44.83,9.11,15.54,17.69,39.43,33.58,25.79
2024-07-24,70.62,30.25,54.76,72.5,64.51,63.51,63.83,0.87,41.22,68.2,55.18,56.15,57.37,96.96,97.4,91.38,85.07,82.87,95.6,71.08,65.72,64.19,12.1,22.61,29.7,44.9,49.22,48.5
2024-07-25,71.38,32.31,62.15,72.15,64.4,63.62,63.61,0.31,48.31,66.77,58.98,57.28,58.67,97.08,96.92,92.26,85.45,83.16,93.08,66.1,63.0,61.05,16.41,29.26,34.18,47.06,49.83,46.09
2024-07-26,67.01,19.0,47.67,60.28,54.96,53.91,54.91,0.0,29.71,53.02,44.35,44.52,45.47,96.55,96.03,85.57,80.35,76.88,92.57,62.43,58.61,57.61,12.7,25.57,31.02,46.26,49.33,46.05
2024-07-29,69.86,26.66,52.44,62.54,55.4,53.48,53.57,0.0,33.62,52.44,43.38,42.16,44.29,96.34,95.82,86.06,74.04,73.21,91.46,58.36,50.52,51.25,12.37,16.9,21.96,28.92,37.32,43.39
2024-07-30,74.5,35.4,60.24,67.9,60.63,59.58,61.11,0.4,40.42,59.97,50.99,50.46,50.95,96.43,96.7,88.51,80.32,78.86,93.0,62.22,57.07,55.83,14.27,22.59,27.64,41.22,42.01,41.06
2024-07-31,68.3,27.77,53.19,62.77,56.93,56.4,56.5,0.11,36.6,56.6,49.15,47.65,48.85,96.06,96.49,88.38,79.1,78.47,92.77,63.97,57.25,57.16,16.95,23.56,30.05,36.67,41.75,46.56
2024-08-01,74.13,44.92,70.27,76.45,69.16,67.61,69.05,3.6,61.9,74.26,63.87,61.03,62.96,97.55,97.55,93.68,86.58,87.7,94.47,67.1,60.0,61.77,16.77,24.26,36.38,38.97,51.19,61.38
2024-08-02,81.2,78.63,92.99,94.36,92.8,92.11,90.16,68.72,95.38,97.61,95.03,92.8,91.92,99.66,99.32,98.8,97.43,95.25,97.44,88.85,81.3,80.49,37.22,44.6,49.03,50.09,54.66,52.2
2024-08-05,94.91,97.72,99.47,99.12,98.77,98.42,98.02,99.3,100.0,100.0,99.47,99.47,98.92,100.0,100.0,98.95,98.42,98.02,95.09,74.04,66.84,63.42,16.32,27.54,28.47,43.86,38.56,30.99
2024-08-06,92.77,88.3,96.58,97.11,96.85,96.45,95.55,67.15,97.11,97.77,97.24,96.32,94.87,99.87,99.74,99.08,98.16,98.11,98.55,95.66,89.36,89.07,50.99,43.23,52.23,31.27,48.45,67.48
2024-08-07,95.06,91.48,96.0,96.95,96.11,95.58,94.82,63.62,95.16,96.32,95.27,94.22,93.2,99.58,99.26,97.79,97.58,96.98,96.95,90.85,86.96,87.26,45.53,55.63,59.61,68.66,68.57,63.61
2024-08-08,92.7,82.12,92.95,94.84,93.07,92.44,91.21,32.37,91.56,95.47,93.2,90.68,89.41,99.62,99.24,97.73,97.1,96.25,97.86,91.31,86.65,86.18,35.52,47.36,51.16,54.91,59.04,53.49
2024-08-09,91.18,68.72,85.52,88.02,85.02,83.03,81.57,5.49,74.54,81.36,75.54,71.71,71.5,97.84,97.0,95.34,91.51,89.93,93.68,75.87,68.72,66.38,24.29,37.6,39.08,44.76,47.1,42.15
2024-08-12,89.72,73.47,84.41,87.4,83.42,81.76,79.8,11.28,75.12,83.42,74.46,71.81,72.67,97.35,96.85,93.86,90.38,88.62,95.02,75.46,67.83,67.06,17.58,29.19,37.18,41.46,50.25,55.35
2024-08-13,84.69,59.1,77.42,80.8,78.29,75.41,75.71,3.01,64.12,75.41,68.51,65.12,66.07,96.36,96.49,93.22,88.83,87.28,93.48,75.91,66.88,66.2,25.47,33.5,38.43,41.15,46.79,48.46
2024-08-14,81.99,49.4,69.52,73.64,67.91,66.83,67.05,1.01,46.48,60.56,52.21,53.33,53.0,95.07,94.87,86.82,81.45,79.24,89.64,62.07,59.88,58.16,14.39,32.16,33.16,53.12,47.52,35.95
2024-08-15,74.85,31.81,56.35,63.87,58.45,57.43,57.99,0.25,29.72,49.82,44.76,44.31,45.81,93.59,92.73,83.23,75.5,74.11,89.03,62.15,54.21,55.33,17.51,25.12,31.22,33.17,39.97,45.3
2024-08-16,74.51,28.59,53.1,61.27,57.19,55.83,57.07,0.0,21.57,46.24,42.32,42.86,43.1,92.48,92.48,81.7,73.23,73.57,89.54,62.75,54.84,56.06,17.48,25.29,31.82,33.33,42.09,49.33
2024-08-19,71.77,27.44,45.12,55.67,52.24,50.53,52.97,0.0,17.41,38.79,36.68,36.77,37.3,94.72,92.61,79.95,72.22,72.43,84.7,60.42,52.12,53.24,21.11,25.66,30.54,32.28,39.73,47.03
2024-08-20,79.95,43.32,62.57,67.38,62.03,59.89,60.38,0.8,29.14,48.13,44.12,45.19,46.17,93.85,92.25,79.68,72.99,72.68,87.7,62.3,54.55,54.64,19.52,28.88,31.42,38.77,42.08,45.36
2024-08-21,1.73,37.46,51.47,47.86,50.0,50.21,51.43,95.1,94.62,86.04,81.8,77.78,76.13,89.63,67.3,64.21,60.59,58.0,29.01,37.32,38.47,40.81,45.6,48.64,50.0,42.45,45.58,43.79
2024-08-22,6.43,58.96,71.36,63.25,62.4,62.1,62.44,95.25,95.41,89.59,83.98,81.66,79.86,91.27,69.22,63.79,62.87,60.91,23.58,34.67,40.68,42.64,46.84,50.54,51.44,54.7,48.39,38.07
2024-08-23,2.41,39.86,53.95,47.59,47.92,47.4,46.74,92.27,91.07,79.73,71.63,67.65,68.39,86.25,59.28,55.88,51.73,52.49,18.04,28.2,31.31,34.29,41.52,43.08,45.21,36.68,40.42,42.15
2024-08-26,6.93,49.39,59.27,51.3,52.17,52.51,52.93,90.64,89.77,78.51,71.58,70.88,69.98,85.96,60.31,56.67,57.02,55.77,19.93,31.2,37.61,38.37,44.89,50.61,49.02,53.21,47.25,36.06
2024-08-27,4.34,42.71,51.64,46.65,46.39,49.01,48.25,88.3,88.17,74.64,67.54,68.07,67.25,82.92,58.48,52.43,55.58,53.91,20.5,26.02,37.58,36.93,33.64,49.93,46.36,66.1,51.35,31.67
2024-08-28,14.6,60.21,69.74,62.33,59.92,61.4,61.85,93.33,92.28,85.4,78.47,77.09,75.87,88.36,65.08,61.4,61.29,58.8,22.65,33.62,41.36,41.41,46.02,53.34,51.52,61.08,51.09,34.35
2024-08-29,9.48,49.68,58.64,50.7,51.35,51.09,52.37,89.24,88.99,74.01,68.55,65.98,67.11,83.1,55.7,52.89,51.99,54.21,13.06,26.44,31.58,36.32,45.83,46.85,51.18,43.9,50.0,51.84
2024-08-30,5.27,42.18,49.49,43.2,43.86,43.86,45.63,86.39,84.69,68.37,62.46,60.75,62.59,75.51,48.13,44.71,45.39,47.73,11.9,19.62,28.16,34.44,31.23,41.64,47.9,47.78,54.9,57.17
2024-09-03,55.37,81.68,87.57,83.12,80.5,78.66,79.57,95.55,95.16,90.18,88.48,86.13,87.23,92.02,78.4,71.2,70.16,73.39,36.13,46.2,51.05,55.78,52.75,57.46,63.44,63.74,69.22,70.16
2024-09-04,58.53,81.88,85.76,82.3,80.73,79.06,79.89,94.66,93.93,89.84,88.06,85.76,86.13,89.32,77.8,72.77,71.2,74.62,43.46,53.61,56.34,60.86,60.52,61.88,66.13,62.51,70.22,72.9
2024-09-05,60.9,80.83,84.21,80.45,77.82,75.69,76.74,93.48,92.73,87.84,85.09,82.08,81.49,89.72,77.19,70.05,67.67,69.02,39.22,47.24,49.75,52.44,53.13,54.89,58.1,53.01,58.61,56.81
2024-09-06,75.83,87.42,89.24,85.76,84.93,83.77,83.19,94.54,94.37,89.74,87.25,85.43,85.57,91.72,80.3,74.5,71.69,73.85,42.38,52.32,54.47,57.39,57.28,58.94,63.33,59.11,66.72,65.87
2024-09-09,61.88,75.74,79.7,76.24,74.92,73.76,74.83,88.61,90.76,83.0,80.69,78.71,78.38,89.44,74.92,69.47,68.98,70.61,36.8,49.17,51.32,57.26,59.74,60.73,63.18,61.88,66.39,66.72
2024-09-10,59.3,74.78,79.03,76.15,74.91,73.41,74.81,87.52,90.51,83.27,81.52,79.15,78.13,89.76,76.65,73.16,70.54,71.1,40.57,53.56,54.06,57.67,63.67,61.17,62.15,58.18,59.34,58.7
2024-09-11,45.85,67.37,73.37,70.77,69.57,69.61,69.37,85.29,87.49,80.38,77.28,75.93,76.26,86.69,73.67,68.87,68.61,69.17,42.24,52.65,56.47,58.68,59.96,63.59,62.59,67.1,62.9,52.52
2024-09-12,39.39,64.17,71.04,67.85,66.26,66.01,67.17,86.13,87.48,79.75,76.44,73.77,74.62,85.89,71.29,66.26,64.41,66.04,37.67,48.59,49.75,54.42,55.34,55.42,58.96,55.42,58.96,61.36
2024-09-13,30.57,59.84,68.62,64.72,63.58,63.24,64.66,85.2,85.85,78.37,75.93,72.55,73.7,84.72,69.11,64.88,63.4,65.16,35.77,47.97,48.69,52.09,59.02,54.74,58.63,50.65,56.11,62.14
2024-09-16,43.57,67.98,73.49,70.08,69.55,69.74,70.43,88.71,88.98,81.1,79.53,76.32,76.61,85.56,71.39,69.03,65.0,67.47,40.94,49.87,51.05,55.91,56.69,56.84,61.29,51.58,62.37,70.43
2024-09-17,56.91,75.27,79.26,77.13,76.86,76.33,75.82,89.63,91.22,87.77,84.04,82.18,81.52,90.16,78.46,76.06,73.67,75.0,52.66,59.31,60.11,62.5,64.1,65.16,65.49,65.43,64.4,62.77
2024-09-18,92.34,92.34,86.44,84.29,82.06,80.36,79.31,89.94,72.98,75.15,73.9,71.58,71.94,40.39,58.65,62.08,60.92,58.98,68.59,70.13,66.67,64.68,69.83,59.35,59.93,50.16,51.49,47.56
2024-09-19,89.18,89.18,84.3,80.64,78.37,77.45,76.94,87.65,72.56,70.12,67.48,66.56,68.35,42.84,51.98,55.06,55.21,55.89,60.52,63.04,60.43,61.45,59.97,57.21,59.43,59.2,58.75,52.86
2024-09-20,89.06,87.69,81.54,77.09,74.87,74.53,74.29,83.25,66.15,62.22,62.31,60.93,62.29,33.68,41.88,46.3,48.19,50.48,50.09,55.42,55.25,55.81,54.39,54.56,57.9,57.14,58.1,53.33
2024-09-23,88.97,86.21,81.03,77.76,74.83,73.1,73.5,80.17,62.76,59.14,59.14,58.62,60.42,31.03,39.48,44.14,47.07,50.0,48.28,52.24,54.14,54.95,51.38,53.1,54.77,53.97,54.77,52.65
2024-09-24,90.2,88.24,82.09,79.22,76.34,75.16,75.2,82.35,64.71,60.0,60.78,60.0,60.99,30.98,37.52,45.75,47.71,49.46,45.23,54.12,55.16,55.23,59.22,55.82,56.17,53.99,53.62,47.32
2024-09-25,90.74,89.58,82.74,79.79,77.0,76.48,76.11,84.42,66.84,62.84,61.5,61.81,62.27,30.63,39.16,44.83,48.63,50.38,50.53,54.32,56.43,56.76,52.11,55.27,55.78,59.81,57.84,49.19
2024-09-26,91.59,90.06,82.68,79.49,77.01,77.01,76.83,83.69,64.59,61.66,60.79,61.81,62.7,29.04,38.85,45.98,50.45,52.75,49.94,56.32,58.75,59.03,57.34,59.0,60.34,63.73,62.17,50.79
2024-09-27,94.42,92.72,87.82,83.93,82.0,80.48,81.39,85.62,70.39,66.33,64.52,64.69,67.13,38.75,44.33,50.59,55.18,56.0,49.24,58.23,59.76,61.57,61.46,63.33,64.35,70.46,67.83,55.48
2024-09-30,93.22,92.17,86.09,82.96,80.7,78.43,78.75,83.13,67.48,63.83,62.43,62.61,64.46,35.3,40.52,48.87,50.26,50.54,47.48,56.35,58.43,59.29,62.09,60.17,61.61,56.17,59.82,52.5
2024-10-01,95.18,94.01,91.54,89.97,89.32,88.54,86.63,90.1,80.86,75.0,73.96,72.53,74.06,50.26,54.17,58.07,59.51,61.36,56.38,63.28,63.67,65.91,66.93,64.84,65.64,59.51,64.04,61.36
2024-10-02,93.65,92.81,89.79,87.6,87.19,85.62,84.17,87.81,77.81,72.71,71.56,70.94,72.94,50.21,53.33,57.6,59.27,61.39,54.9,62.5,63.23,65.67,66.56,64.38,66.31,60.0,65.45,64.49
2024-10-03,94.51,93.52,92.02,90.02,89.65,88.28,87.34,91.02,84.66,80.42,80.17,76.93,78.64,62.97,64.59,65.59,64.34,66.88,68.7,69.58,66.83,68.8,70.32,64.84,65.86,55.36,62.28,62.66
2024-10-04,93.25,92.26,89.62,88.14,87.48,86.0,84.63,88.8,79.57,75.29,75.62,72.82,74.83,53.87,58.15,59.64,61.29,63.18,60.79,64.74,65.24,67.23,66.89,65.07,67.06,61.78,67.06,64.86
2024-10-07,96.39,95.4,92.94,92.12,92.28,91.79,91.6,93.27,87.19,84.4,83.42,82.43,82.86,63.55,68.8,69.29,71.92,74.62,72.74,74.71,76.19,77.65,77.01,78.33,82.52,76.19,82.35,78.99
2024-10-08,95.28,95.03,91.18,91.18,90.93,90.56,89.31,91.55,84.6,82.11,81.86,81.49,81.04,60.99,66.21,67.58,70.31,72.52,71.18,74.41,74.91,75.32,77.02,78.14,78.75,76.15,74.68,67.56
2024-10-09,95.42,94.42,91.04,90.64,90.14,89.62,88.75,89.04,80.58,80.28,79.28,79.44,79.14,59.86,65.24,66.63,69.16,70.76,73.51,74.4,75.15,74.85,73.8,77.74,75.87,76.35,74.95,65.54
2024-10-10,96.34,95.85,92.67,91.94,91.45,91.54,90.58,90.84,83.03,82.42,81.93,81.0,80.65,61.9,67.89,69.6,70.71,73.12,73.02,75.21,76.35,76.38,77.05,77.82,78.39,75.74,75.13,69.22
2024-10-11,96.28,95.47,91.75,91.26,90.78,90.41,90.0,89.81,82.04,81.39,80.74,79.51,79.0,62.94,68.61,69.42,69.43,71.5,72.49,73.3,73.82,73.5,71.36,74.63,73.33,74.63,72.5,63.67
2024-10-14,94.26,93.73,91.12,91.38,91.12,90.58,90.11,90.6,80.68,79.37,80.42,80.1,78.88,60.31,67.1,68.67,69.11,71.39,75.72,75.98,76.7,77.01,74.15,78.27,77.01,78.27,72.46,63.37
2024-10-15,94.44,94.97,92.59,92.59,92.59,91.53,91.35,94.71,88.1,89.68,87.57,86.51,84.86,65.61,71.16,72.49,73.02,74.86,79.1,79.1,79.89,79.19,75.66,79.1,78.65,75.13,72.97,64.86
2024-10-16,95.35,90.69,89.64,86.78,85.34,84.39,84.69,58.71,68.01,76.27,77.92,77.36,78.33,74.81,79.46,79.24,78.22,78.33,75.0,78.42,78.73,76.54,79.57,80.79,78.13,78.04,75.94,67.4
2024-10-17,94.75,88.46,85.65,83.94,82.89,82.19,82.54,55.47,62.81,72.34,73.52,73.97,74.8,70.83,76.31,75.49,75.51,76.39,68.36,72.53,74.14,75.2,76.15,77.4,77.38,75.68,77.18,74.8
2024-10-18,93.86,86.68,84.28,83.17,81.12,80.0,79.41,54.34,61.63,71.11,72.09,71.28,72.28,72.27,74.92,74.06,74.53,73.86,65.87,69.13,69.74,70.69,72.09,69.91,69.31,66.32,66.34,53.66
2024-10-21,94.47,88.79,87.54,84.47,81.97,81.23,80.63,57.4,66.62,74.48,73.44,72.7,73.12,78.62,77.5,74.92,74.57,74.11,67.19,67.7,68.77,69.37,67.21,64.33,66.21,64.85,64.03,51.38
2024-10-22,93.84,86.76,87.41,84.45,82.65,81.08,80.53,53.89,66.98,73.03,72.28,70.66,71.68,84.44,78.98,75.91,73.75,73.6,65.98,68.41,66.8,66.22,69.41,62.29,63.42,57.53,58.7,50.88
2024-10-23,94.58,91.54,91.19,89.35,87.36,85.28,84.57,66.06,77.93,80.08,78.06,76.58,76.21,86.16,82.74,79.88,76.48,76.44,73.27,72.8,72.23,71.97,71.99,68.5,68.55,65.18,66.43,57.83
2024-10-24,91.36,87.42,86.82,84.55,83.08,81.71,80.6,68.79,73.33,72.27,71.04,71.19,71.07,79.7,75.15,73.63,72.26,71.57,69.24,69.51,69.36,68.9,67.68,67.07,65.55,64.79,62.37,51.67
2024-10-25,93.88,90.65,90.65,89.29,88.7,87.84,86.93,75.17,80.78,79.25,77.91,77.74,76.89,83.84,79.93,79.79,76.54,76.14,71.6,76.71,72.43,72.73,77.4,70.89,69.7,63.01,66.67,59.85
2024-10-28,91.42,85.59,85.08,84.56,82.85,80.62,81.02,66.72,70.84,70.33,69.47,69.81,69.42,72.9,70.33,71.36,69.3,69.42,69.64,70.15,66.55,65.91,69.98,63.29,63.09,57.63,57.47,53.43
2024-10-29,94.41,88.17,88.17,86.61,85.83,83.88,83.73,67.88,73.34,72.69,70.74,69.96,71.2,79.32,74.77,72.43,70.87,71.73,69.83,69.31,65.41,66.13,66.97,61.25,62.27,55.27,59.07,57.07
2024-10-30,96.02,93.3,92.04,92.04,91.82,91.29,90.11,78.32,81.36,79.69,79.12,78.8,81.18,81.88,80.73,79.75,78.7,80.32,74.03,78.28,75.76,77.2,79.64,77.86,74.73,71.14,70.0,62.26
2024-10-31,95.69,90.87,90.11,89.61,89.2,87.8,87.37,68.95,76.05,76.05,74.08,75.1,77.73,81.88,79.97,77.89,78.53,79.3,74.02,76.75,76.24,76.3,75.48,77.51,74.09,77.0,71.48,56.51
2024-11-04,93.08,87.54,85.47,85.29,85.29,83.39,82.77,62.63,66.09,68.86,69.9,70.24,72.47,69.03,73.88,74.22,72.32,75.67,76.3,79.24,74.57,76.91,78.89,74.74,75.84,66.09,70.69,70.87
2024-11-05,90.67,81.35,78.89,79.15,78.5,77.2,77.93,58.29,61.27,64.9,63.86,65.54,67.29,63.86,68.13,67.75,68.01,70.21,72.41,71.24,69.56,71.14,69.56,69.56,69.02,68.39,66.49,60.37
2024-11-06,82.18,66.11,62.07,60.52,60.31,59.69,61.28,28.91,32.75,38.24,44.25,44.15,46.06,40.52,44.25,50.78,49.95,50.32,47.98,55.96,55.54,55.53,61.66,56.48,57.77,49.22,52.87,50.96
2024-11-07,77.79,61.66,56.45,56.08,55.83,55.58,55.85,22.7,26.92,33.13,38.34,40.07,41.73,32.88,38.71,44.67,46.53,46.95,45.78,52.73,52.36,52.54,54.96,54.34,55.22,50.87,51.4,44.78
2024-11-08,76.89,60.33,56.07,55.9,54.92,54.26,55.29,27.87,30.98,36.23,40.33,40.98,41.68,39.67,41.8,44.75,45.25,45.71,45.57,48.69,47.7,48.07,48.03,48.85,48.24,44.43,47.56,42.52
2024-11-11,77.29,65.52,61.27,60.29,59.48,58.99,59.7,38.73,39.38,42.16,45.75,47.55,47.83,43.3,46.57,48.69,50.33,49.83,46.57,52.12,50.16,52.01,51.8,52.94,53.51,50.98,50.67,45.82
2024-11-12,71.57,61.06,56.61,55.13,55.01,54.14,55.7,40.54,39.68,40.91,43.51,44.0,46.58,40.67,42.27,45.98,45.74,47.22,43.02,46.48,45.98,48.73,47.84,46.72,51.77,41.16,49.75,54.94
2024-11-13,57.48,45.09,44.3,43.9,43.81,44.89,46.59,26.16,32.21,34.49,37.46,39.13,41.51,42.02,41.53,43.01,43.79,46.29,39.05,39.64,43.2,46.9,41.53,43.79,48.32,41.91,50.76,57.99
2024-11-14,62.21,48.48,46.42,45.32,46.42,46.1,46.88,23.57,29.77,32.56,37.42,38.17,39.0,40.1,39.37,45.2,44.02,44.88,36.57,43.01,43.41,43.75,48.97,45.24,46.63,36.83,41.87,44.75
2024-11-15,82.45,73.75,70.53,69.08,66.83,66.34,66.17,49.76,50.08,50.72,50.56,51.13,52.24,51.05,52.66,51.37,52.27,52.9,54.27,55.39,53.07,51.91,51.85,51.94,51.08,49.03,47.6,39.8
2024-11-18,77.92,69.87,68.05,64.42,62.86,64.06,63.56,44.42,49.87,49.35,48.57,50.0,50.0,54.29,52.21,51.17,52.86,52.39,51.69,51.43,51.3,50.53,50.13,52.34,50.27,47.4,47.61,40.69
2024-11-19,81.32,77.63,73.95,73.16,73.42,72.63,71.77,58.16,58.95,59.74,60.26,60.53,60.75,58.95,58.68,57.89,58.42,59.68,61.05,61.05,59.21,59.95,58.68,58.95,57.8,58.42,53.76,47.04
2024-11-20,65.97,67.3,68.44,70.4,69.25,67.98,66.43,64.17,64.38,67.45,65.83,64.57,63.5,63.13,65.68,63.61,62.19,57.98,56.34,58.47,57.54,53.17,51.31,53.62,51.64,54.44,46.48,34.98
2024-11-21,68.17,70.44,71.19,70.29,69.35,67.07,64.89,68.48,68.17,67.27,64.95,63.43,62.06,65.76,66.37,64.64,62.06,57.07,63.35,62.97,58.57,53.08,59.48,51.75,47.92,43.1,37.6,27.79
2024-11-22,55.5,59.73,58.54,59.9,58.6,58.43,57.44,60.58,60.58,60.91,58.43,57.07,56.5,57.87,61.25,57.24,54.51,52.54,61.76,56.39,52.64,49.72,40.72,45.14,44.44,43.95,40.3,35.03
2024-11-25,48.81,51.02,49.83,51.88,52.39,52.05,52.1,53.75,54.61,54.78,53.07,53.92,52.27,56.83,57.17,53.41,53.07,53.32,54.78,49.49,52.22,48.95,43.0,47.44,44.06,49.32,43.18,31.99
2024-11-26,41.79,48.51,46.83,48.51,48.9,49.03,48.94,53.69,54.98,52.78,52.01,52.13,51.33,57.57,55.37,51.75,51.36,50.66,50.32,46.44,47.09,45.49,38.29,45.67,42.18,49.03,41.38,31.03
2024-11-27,41.71,46.09,45.05,46.72,47.23,47.65,46.57,48.18,48.38,48.7,49.22,50.05,48.07,53.18,53.81,50.05,50.47,46.68,51.51,46.29,47.75,44.54,38.04,46.08,41.01,49.74,38.97,27.19
2024-11-29,35.29,41.34,41.34,41.68,43.51,43.84,42.14,47.39,46.05,45.88,46.71,46.71,46.11,48.24,48.57,46.71,46.88,44.56,45.38,44.18,45.03,42.66,38.79,44.86,40.76,47.05,38.0,29.53
2024-12-02,29.26,36.49,39.07,40.62,39.41,39.76,39.05,48.19,48.19,46.82,44.92,44.58,42.76,49.74,45.61,40.96,41.82,41.34,40.96,34.77,38.04,37.81,27.54,37.01,34.98,43.37,37.99,30.39
2024-12-03,26.93,33.63,35.05,36.08,37.11,37.37,36.38,46.91,46.26,44.46,44.46,43.17,42.06,46.39,43.43,41.37,41.37,39.95,40.21,37.63,38.79,36.77,36.86,38.79,34.13,40.21,33.07,23.94
2024-12-04,26.49,34.43,34.95,36.39,36.19,38.25,37.99,49.48,45.67,44.74,44.02,43.71,43.49,43.4,41.44,39.69,40.82,40.63,41.34,36.49,39.79,39.26,32.06,39.18,37.57,44.12,39.26,30.05
2024-12-05,19.14,23.46,28.89,29.75,30.86,33.21,33.92,36.17,39.14,40.49,40.99,40.74,39.87,44.57,42.35,40.62,41.6,41.77,40.62,37.53,41.23,39.87,35.56,40.49,38.61,43.83,38.99,30.13
2024-12-06,16.31,21.04,24.47,27.24,27.57,29.69,29.1,33.77,36.87,38.83,38.83,39.15,37.79,44.21,41.44,40.29,40.29,39.3,39.97,36.87,38.34,37.29,35.4,38.01,34.95,39.8,33.78,27.09
2024-12-09,25.69,31.54,38.05,39.35,39.67,40.33,39.93,45.37,46.67,47.8,46.5,48.13,46.09,53.98,51.54,48.29,48.62,45.42,46.02,41.79,43.9,40.1,36.91,42.44,37.1,44.07,36.77,27.79
2024-12-10,24.85,32.6,35.18,38.75,39.48,39.98,39.67,47.11,46.37,47.36,46.62,47.6,47.23,47.72,49.08,47.85,47.48,45.84,50.06,45.26,45.14,43.32,39.73,41.94,39.04,40.71,38.66,34.26
2024-12-11,14.89,21.7,27.51,30.87,33.14,33.0,33.2,40.83,44.38,45.86,45.46,44.37,44.84,50.69,49.8,48.62,46.25,45.75,47.73,43.39,42.29,40.38,39.84,37.85,37.25,33.3,35.43,36.13
2024-12-12,16.69,22.97,30.35,32.77,34.7,35.19,35.32,41.48,47.16,46.67,46.19,45.87,46.27,54.78,52.24,49.21,48.3,47.39,45.34,41.35,42.11,39.8,38.81,39.32,37.81,36.41,37.06,35.2
2024-12-13,21.96,28.53,34.13,36.22,37.34,38.16,38.12,42.79,47.12,45.67,44.55,45.57,44.88,51.6,48.56,46.96,47.67,45.71,43.59,39.58,42.51,39.44,37.82,40.42,38.45,39.94,37.62,31.19
2024-12-16,26.87,33.59,36.18,39.02,41.34,43.52,42.33,45.74,52.97,51.42,49.61,50.0,48.94,58.66,54.78,51.16,52.59,50.26,51.68,49.1,48.96,44.71,46.25,47.41,42.59,45.08,39.42,28.84
2024-12-17,51.57,53.4,56.28,57.07,56.54,56.81,57.22,53.4,58.12,58.38,58.12,57.33,54.81,64.4,59.16,57.85,56.54,54.55,55.76,57.07,55.5,51.6,54.97,55.24,47.86,47.91,41.44,28.34
2024-12-18,88.56,88.71,88.23,85.83,83.71,82.03,80.59,83.36,85.63,84.88,82.57,80.0,79.41,80.89,81.73,78.83,75.08,74.9,78.58,73.45,69.66,69.41,70.2,59.15,60.39,49.49,53.73,49.61
2024-12-19,95.4,95.1,94.81,93.71,92.85,90.69,89.43,91.25,92.21,91.67,89.27,86.63,86.3,90.69,89.78,88.13,85.62,84.54,87.11,86.99,80.54,80.23,80.98,72.08,75.15,57.36,69.28,75.15
2024-12-20,72.89,69.04,72.41,76.3,76.14,72.64,71.48,66.52,69.66,75.04,74.35,69.43,68.75,67.68,74.41,73.05,66.55,63.09,66.56,68.67,59.97,55.86,69.81,52.2,51.17,32.77,37.11,37.3
2024-12-23,59.91,59.17,60.27,66.3,67.91,63.91,65.3,56.8,56.93,64.89,67.59,62.9,63.55,52.97,63.79,66.29,61.55,58.28,59.72,66.45,58.35,56.53,72.45,53.29,54.39,34.23,40.55,42.11
2024-12-24,40.69,45.17,47.24,49.88,52.35,52.54,52.69,46.9,49.94,50.96,56.3,53.82,52.98,51.7,56.73,58.89,52.16,51.97,50.12,59.51,48.85,49.05,64.69,48.47,50.22,29.9,38.43,42.21
2024-12-26,47.3,50.15,51.2,52.7,55.74,54.08,54.47,54.65,55.56,53.0,57.7,54.68,54.97,57.66,53.15,58.31,52.72,53.97,45.05,58.16,50.6,51.66,67.07,50.6,54.8,34.29,41.72,47.02
2024-12-27,64.08,64.92,63.74,62.73,63.16,61.8,63.04,59.02,61.89,59.53,61.8,58.74,60.79,61.38,59.87,61.97,58.91,60.79,52.28,59.59,54.5,57.79,63.67,52.29,59.47,39.39,53.85,63.04
2024-12-30,71.65,68.93,69.1,68.08,68.08,66.21,67.48,60.61,61.63,61.29,61.29,58.57,60.7,60.1,60.27,61.63,57.72,59.48,59.25,60.78,56.03,57.74,60.78,51.27,54.43,37.86,48.35,59.65
2024-12-31,74.23,72.55,72.94,71.13,69.46,68.3,69.88,63.79,66.75,64.56,64.3,60.82,63.01,66.49,63.4,64.3,58.63,60.77,56.83,60.82,54.12,57.2,62.5,50.9,54.69,35.31,48.48,61.82
2025-01-02,74.69,74.69,75.82,73.68,71.97,69.44,70.63,70.53,71.41,69.52,67.05,64.14,66.36,69.77,67.25,65.4,62.12,63.52,61.59,63.01,56.94,60.28,63.51,51.89,56.02,38.13,51.1,63.65
2025-01-03,59.63,60.13,60.47,59.63,58.99,57.82,60.59,58.29,60.13,57.45,58.49,56.64,58.69,60.3,58.29,60.17,55.63,56.97,53.43,59.5,52.27,56.28,61.01,49.41,54.04,34.12,50.43,66.44
2025-01-06,58.22,61.13,63.01,62.5,62.5,61.13,63.62,62.16,63.01,63.53,62.33,59.93,61.51,63.87,62.84,63.87,60.27,63.27,63.36,64.38,58.56,61.34,64.04,54.11,57.47,39.04,51.14,62.21
2025-01-07,74.1,72.56,73.85,72.95,72.18,70.0,71.71,70.64,72.05,71.28,70.51,67.56,70.0,74.23,72.69,70.26,66.28,68.03,68.97,69.1,62.18,65.79,69.62,55.9,61.18,38.46,53.29,68.42
2025-01-08,73.03,70.87,71.28,70.46,70.05,69.03,69.89,67.59,68.82,67.69,67.28,65.85,66.84,68.51,68.41,66.77,64.62,65.37,67.49,66.56,63.9,64.63,65.95,59.08,60.53,49.85,54.53,54.0
2025-01-09,75.68,73.34,73.71,72.73,72.85,70.52,71.54,69.53,70.02,69.66,69.53,67.44,69.02,69.53,70.39,69.66,66.22,67.63,70.76,70.52,64.99,66.75,69.53,60.07,62.85,46.68,56.42,60.71
2025-01-10,77.92,78.25,78.41,78.57,78.73,76.14,78.04,73.86,76.3,75.49,76.95,73.21,76.54,76.62,77.11,77.44,72.73,76.37,75.81,77.76,71.43,76.37,76.79,67.53,74.71,53.9,72.05,79.53
2025-01-13,76.86,74.92,73.95,74.92,75.24,72.49,75.17,67.96,70.06,71.2,71.2,69.42,72.35,70.06,74.11,72.98,68.12,73.34,75.4,75.89,68.45,73.01,76.05,61.49,70.03,45.15,67.38,81.95
2025-01-14,77.11,74.42,73.44,74.17,74.17,72.34,74.44,66.71,67.81,69.52,70.5,68.42,70.68,66.34,71.73,72.71,67.44,70.55,75.4,77.36,69.77,72.56,77.97,64.5,68.67,45.53,60.9,74.31
2025-01-15,58.78,55.64,55.94,55.35,56.92,56.54,58.51,49.85,51.91,52.5,53.97,52.9,55.49,54.66,53.97,55.84,53.69,56.6,53.68,60.16,53.98,59.82,65.06,53.39,59.32,38.35,52.87,69.79
2025-01-16,61.13,58.36,59.45,59.81,60.65,59.9,61.63,53.43,55.35,55.35,57.52,55.31,57.67,55.72,56.68,57.88,54.59,58.17,57.16,62.21,56.64,60.89,67.99,54.47,59.65,39.01,51.61,66.34
2025-01-17,56.3,58.21,59.49,60.13,59.65,59.62,61.74,57.1,57.74,59.17,59.01,56.73,59.93,56.62,59.81,57.89,54.65,58.95,61.88,61.24,56.25,62.89,59.65,51.28,59.11,40.54,56.32,73.4
2025-01-22,46.29,49.2,50.76,54.72,54.19,59.0,58.7,49.95,51.91,59.2,56.29,61.04,59.16,52.96,63.58,57.98,61.96,57.89,64.26,56.39,61.76,57.89,35.63,56.34,54.18,76.89,60.79,35.85
2025-01-23,51.87,53.51,53.96,56.8,55.94,57.44,56.84,53.81,54.71,57.55,54.44,57.44,56.51,58.45,59.64,55.19,58.8,54.86,57.7,51.58,56.54,53.71,39.25,52.03,51.07,66.47,53.71,36.74
2025-01-24,50.0,50.0,49.83,53.69,54.39,55.24,55.04,51.17,51.34,53.52,53.38,55.74,54.29,54.36,56.71,54.22,57.26,54.29,57.72,55.24,58.28,54.48,44.59,54.39,53.17,65.2,52.8,37.5
2025-01-27,70.56,69.04,70.05,70.56,67.51,68.7,69.15,61.42,63.79,65.14,60.58,62.94,62.56,63.62,66.33,60.07,62.1,61.18,66.5,57.19,61.25,60.49,40.27,54.15,53.73,73.6,61.35,43.67
2025-01-28,66.5,66.5,65.08,64.83,63.54,64.83,63.95,59.05,59.56,59.31,58.41,60.21,59.21,58.02,59.82,57.38,60.98,58.16,60.08,57.12,61.36,56.58,48.4,57.38,53.42,73.56,54.21,29.08
2025-01-29,62.56,63.5,62.15,63.08,60.31,61.55,62.21,59.88,58.84,61.32,57.31,59.07,59.02,54.08,61.12,55.96,58.34,57.01,67.63,58.03,59.79,57.22,39.48,52.02,51.49,64.04,55.63,39.49
2025-01-30,56.52,58.9,58.65,58.02,56.16,57.79,58.17,57.77,58.27,57.39,55.53,57.41,57.14,55.14,58.27,53.39,56.53,56.11,58.15,51.38,56.66,55.47,39.07,53.02,52.9,67.71,59.33,41.83
2025-01-31,64.33,65.83,64.0,64.33,60.87,63.21,64.21,60.83,60.67,61.5,57.53,59.7,60.79,58.0,61.0,55.52,58.86,59.59,64.33,54.85,58.7,60.1,36.96,52.01,54.45,71.4,67.81,53.42
2025-02-03,76.66,73.25,74.11,71.04,68.65,69.34,70.45,66.27,68.14,66.61,61.84,64.91,64.51,69.34,66.27,59.8,63.71,63.29,60.65,55.03,60.48,59.62,44.8,56.56,56.29,78.36,64.16,43.36
2025-02-04,68.49,66.58,66.2,66.33,64.8,64.8,65.18,64.16,63.52,66.07,61.22,61.61,61.91,59.95,64.03,59.44,60.97,60.73,70.41,60.08,61.61,60.6,47.19,54.85,54.06,62.88,57.46,43.19
2025-02-05,63.78,63.16,63.27,62.35,60.2,61.12,61.68,61.63,60.51,59.49,57.14,58.37,58.53,58.98,58.98,54.8,58.06,56.96,56.63,53.88,58.16,55.18,44.69,55.2,54.03,69.9,57.07,37.49
2025-02-06,58.92,58.07,58.8,59.17,56.97,58.19,58.77,55.26,56.85,57.09,53.42,56.97,57.64,59.05,58.07,53.67,57.46,58.02,54.89,52.44,57.7,57.39,42.67,55.38,56.52,74.08,65.41,46.62
2025-02-07,68.66,65.75,66.24,64.46,62.84,64.14,64.74,62.84,62.68,61.39,58.16,59.77,61.42,62.2,60.74,55.9,59.45,59.77,58.97,55.25,59.29,59.11,42.81,54.77,56.46,73.18,64.4,48.34
2025-02-10,62.64,61.84,62.0,63.45,60.87,61.19,61.61,60.87,59.42,60.23,56.36,57.49,57.66,57.33,59.42,54.75,55.56,56.01,61.84,54.43,56.84,54.86,43.48,52.17,52.55,60.87,54.04,41.35
2025-02-11,64.31,63.34,64.43,64.19,61.51,62.24,61.97,61.27,60.54,60.29,56.76,57.49,57.48,60.05,60.05,54.08,55.66,55.61,59.93,51.77,55.79,54.11,40.56,51.77,51.62,65.77,54.74,39.15
2025-02-12,68.16,66.41,66.21,65.43,62.89,63.31,63.23,60.06,59.18,59.38,56.25,56.85,57.41,59.47,59.47,53.61,54.89,55.71,58.79,52.64,55.19,54.51,42.48,52.45,52.0,62.62,54.21,40.68
2025-02-13,53.29,55.81,56.41,56.17,54.85,56.49,56.4,56.17,56.05,56.41,52.81,54.21,53.94,54.25,56.17,51.14,52.64,53.33,57.96,50.54,50.84,50.99,39.76,48.32,46.92,55.89,50.62,39.9
2025-02-14,50.63,54.13,54.76,54.13,51.9,53.75,53.43,53.65,53.97,53.49,48.89,50.24,51.63,53.49,52.7,48.1,50.24,50.16,50.32,39.37,46.57,47.06,28.89,44.18,42.81,55.82,49.67,39.22
2025-02-19,50.59,52.93,51.26,49.92,53.29,51.77,51.58,55.61,53.1,47.91,52.28,50.76,50.65,52.43,45.23,49.75,47.39,48.6,37.69,48.4,45.36,47.49,61.05,49.41,50.84,38.28,40.41,40.97
2025-02-20,56.65,56.3,55.09,53.02,54.61,55.3,54.58,49.74,51.81,46.98,50.78,50.78,51.4,55.96,48.01,51.65,50.43,50.84,38.69,47.65,47.65,48.41,57.04,51.83,53.64,46.26,46.54,40.93
2025-02-21,72.01,70.65,70.82,67.41,67.75,66.21,64.99,61.26,62.63,57.51,60.72,57.98,59.07,60.92,53.58,59.52,57.98,56.55,42.15,57.98,54.72,53.14,70.15,56.6,55.12,42.88,43.99,40.39
2025-02-24,75.88,73.92,73.3,69.28,68.39,67.67,67.83,66.19,66.6,61.44,62.19,59.92,60.42,64.95,56.8,60.02,56.92,56.72,42.47,55.17,53.31,52.59,64.77,54.65,54.29,44.83,46.14,44.34
2025-02-25,76.65,74.66,74.41,70.79,70.21,69.09,69.62,66.92,67.42,62.42,63.58,61.95,61.79,66.29,59.18,62.7,59.45,58.85,45.82,60.08,55.19,55.38,68.96,55.94,56.41,44.93,46.15,45.13
2025-02-26,70.48,70.48,70.15,65.67,66.39,65.06,65.08,66.17,64.68,58.71,61.23,59.07,58.94,62.69,54.73,58.07,55.57,54.34,41.46,55.57,52.08,50.43,65.56,54.91,53.15,44.26,40.72,37.31
2025-02-27,79.33,79.68,77.76,75.83,74.17,72.41,72.97,74.96,73.73,70.05,68.01,66.78,67.57,69.88,62.17,63.97,62.74,62.7,50.79,61.69,59.05,59.1,70.47,60.81,60.18,49.74,52.79,49.91
2025-02-28,75.17,75.69,76.22,71.53,70.38,69.16,70.0,73.78,72.57,66.49,65.85,64.98,66.61,69.44,58.51,61.5,59.76,62.14,43.58,56.1,54.01,56.61,64.46,55.75,60.54,46.86,57.32,63.75
2025-03-03,86.57,87.39,86.16,84.13,83.93,82.1,82.25,83.93,83.42,78.54,78.64,75.58,79.02,78.94,71.41,71.72,70.09,73.59,56.15,66.73,66.23,70.46,77.42,70.19,74.01,56.87,70.15,74.32
2025-03-04,89.04,90.74,89.16,86.97,87.94,86.48,86.77,86.85,87.21,83.43,83.56,81.73,83.77,82.7,76.74,79.29,76.13,80.77,60.41,72.96,70.89,76.78,83.43,77.59,82.65,65.9,77.9,81.65
2025-03-05,86.33,85.85,83.92,81.99,80.87,80.06,80.4,79.58,79.26,73.95,73.47,72.35,74.96,75.08,65.11,66.56,66.56,70.68,51.45,63.5,63.67,68.7,73.63,70.26,73.15,59.97,71.33,75.12
2025-03-06,91.99,91.67,91.67,90.69,89.38,89.38,88.63,90.2,89.71,85.78,85.95,85.62,86.45,85.95,81.7,82.52,81.21,83.28,69.28,75.16,75.33,79.6,80.07,79.58,84.11,75.98,83.61,83.28
2025-03-07,90.88,89.9,90.55,88.27,87.3,85.83,85.5,85.67,87.13,83.88,82.74,80.62,80.83,84.85,80.13,79.97,74.92,76.17,68.57,71.5,67.75,70.67,72.64,65.31,68.0,52.77,62.5,70.0
2025-03-10,95.33,95.81,95.33,94.55,94.16,93.56,93.21,95.23,93.67,93.09,93.09,91.22,90.01,89.97,86.66,86.56,82.54,83.52,77.6,80.33,76.1,76.92,82.57,74.44,75.12,58.93,67.03,70.43
2025-03-11,93.79,92.96,92.6,92.0,92.12,91.5,90.55,90.81,91.77,90.21,90.57,87.07,86.87,87.59,83.89,84.61,81.44,82.45,75.78,79.95,75.57,76.93,82.7,75.57,76.81,59.88,68.34,72.15
2025-03-12,94.79,95.26,94.79,94.15,94.0,93.33,92.68,94.0,92.89,92.58,92.73,91.27,89.43,90.68,88.47,89.57,84.76,85.2,79.94,83.73,79.52,79.35,85.94,78.89,76.91,60.16,65.69,65.37
2025-03-13,91.17,89.83,88.33,88.33,88.17,87.44,85.93,84.33,84.33,82.83,83.33,82.41,81.3,82.0,79.67,80.83,79.23,79.07,71.83,77.33,75.21,75.13,81.33,79.06,76.5,69.35,69.47,65.18
2025-03-17,89.4,89.54,84.55,84.71,83.39,82.38,82.95,81.74,76.97,83.31,81.45,79.53,80.43,60.76,77.69,75.97,75.34,75.97,82.68,79.03,77.35,76.55,72.58,70.81,72.87,67.79,71.9,70.16
2025-03-18,86.06,84.34,80.37,80.88,79.14,78.0,78.76,77.03,69.28,76.46,74.23,73.7,74.71,54.79,70.85,69.94,69.91,72.11,75.75,71.66,71.3,73.84,65.52,65.11,69.94,66.5,72.83,75.0
2025-03-19,83.29,80.39,75.86,78.9,77.18,76.52,76.73,73.76,64.54,72.41,70.24,70.33,72.58,51.33,66.89,66.27,66.57,70.85,75.02,70.14,70.33,73.85,62.3,64.33,70.39,68.19,76.27,76.84
2025-03-20,81.93,82.96,80.3,78.67,76.75,76.15,76.67,79.85,73.04,72.59,69.15,69.3,71.78,60.0,66.81,64.38,64.68,69.33,71.11,65.57,67.21,70.47,56.63,59.31,67.21,64.38,71.62,74.55
2025-03-24,70.02,73.03,69.01,71.02,68.51,69.68,71.36,70.18,62.98,65.83,63.65,63.82,65.52,50.59,60.47,59.13,60.8,62.44,70.18,63.15,63.32,64.32,50.08,55.78,61.41,64.32,68.61,69.47
2025-03-25,76.72,77.1,74.43,73.79,71.63,71.5,72.88,72.9,67.05,67.43,65.65,65.52,68.06,56.11,61.96,61.96,62.72,64.02,67.18,64.12,64.76,66.36,56.74,60.43,64.54,66.92,70.53,68.32
2025-03-26,79.49,79.38,76.21,75.38,73.48,72.76,73.58,73.44,67.08,68.1,65.88,66.19,68.53,56.1,63.08,63.21,62.9,64.84,69.95,65.57,65.26,68.11,55.7,59.71,64.74,65.88,71.89,71.58
2025-03-27,90.2,88.09,86.72,86.23,84.7,84.58,85.35,82.63,79.16,79.16,75.12,76.24,80.38,68.49,73.08,70.65,71.89,76.43,78.54,74.13,74.0,79.87,66.29,70.52,76.56,75.37,80.25,80.38
2025-03-31,89.04,88.2,85.16,85.67,84.15,83.31,83.91,81.96,77.4,77.74,76.05,75.38,79.58,63.91,74.37,70.66,71.84,76.82,80.78,75.38,74.87,79.58,65.26,71.33,76.99,78.75,83.56,79.58
2025-04-01,89.0,88.5,85.46,85.08,83.94,82.43,83.01,82.43,77.75,77.37,75.6,73.7,78.73,65.61,71.93,68.65,69.03,75.1,78.51,73.58,71.93,77.3,64.35,67.26,75.75,69.66,80.54,82.1
2025-04-02,84.82,84.41,81.28,81.38,79.76,77.94,79.02,80.06,75.71,75.0,72.17,71.36,74.04,63.46,68.93,65.49,65.38,69.16,74.19,68.42,66.9,71.34,60.43,59.82,65.94,56.58,70.3,75.18
2025-04-03,97.34,96.37,95.28,95.88,95.88,96.25,96.53,92.98,90.68,92.74,93.34,93.46,93.42,86.56,90.8,91.4,90.68,92.93,92.49,92.13,92.37,93.92,87.29,89.23,92.93,89.95,93.67,92.93
2025-04-04,98.25,98.72,98.41,98.25,98.09,97.93,98.53,98.41,97.29,97.29,97.29,97.13,97.88,95.53,96.65,96.81,97.29,97.88,97.45,97.45,97.29,97.39,93.14,94.58,96.08,95.06,96.57,95.1
2025-04-07,98.09,98.72,98.56,98.41,98.41,98.41,98.37,97.93,97.77,97.13,96.81,97.13,97.39,95.69,97.29,96.97,97.13,97.23,98.41,96.97,97.13,97.55,92.66,92.03,94.45,91.87,94.62,92.82
2025-04-08,99.03,99.15,99.03,99.03,99.03,99.15,99.01,98.91,99.03,99.52,99.15,99.03,99.01,97.58,98.43,98.31,98.67,98.15,98.55,98.55,98.55,97.9,96.5,97.34,96.29,95.29,95.18,91.1
2025-04-09,97.48,97.38,97.0,97.09,97.38,97.57,97.51,96.12,94.96,96.32,96.41,96.5,96.42,93.99,96.71,96.8,96.5,96.32,97.58,96.8,96.7,96.12,93.12,92.82,93.04,92.04,92.25,85.39
2025-04-10,98.1,98.34,98.46,98.46,98.58,98.69,98.66,98.22,97.75,97.86,98.1,98.57,98.41,95.61,97.63,98.1,98.93,98.78,98.7,98.7,99.05,99.15,97.03,98.69,98.9,98.1,97.07,94.15
2025-04-11,97.96,97.96,97.96,98.12,98.12,98.11,98.06,97.02,96.08,96.86,97.17,97.32,97.09,94.66,97.49,97.33,97.32,96.93,98.27,97.02,97.48,97.74,93.72,96.21,95.96,96.21,96.45,94.18
2025-04-14,97.95,97.44,96.92,96.92,97.18,97.69,97.38,91.79,92.82,94.62,95.64,95.89,95.28,91.54,95.64,96.15,96.4,95.54,96.92,96.15,96.66,95.28,91.54,94.09,93.18,93.57,93.18,85.3
2025-04-15,98.18,97.66,97.4,97.14,96.88,97.14,97.07,93.49,94.01,94.27,94.53,94.27,94.41,91.41,94.53,94.79,95.31,94.95,95.05,94.01,94.01,93.62,86.2,89.32,91.22,90.62,91.76,86.7
2025-04-16,96.77,96.63,96.83,97.05,97.27,97.33,96.92,95.31,96.23,96.89,96.95,96.49,96.15,96.98,97.36,97.11,96.99,96.72,92.39,95.18,94.16,95.18,94.7,95.49,96.72,94.99,95.38,95.76
2025-04-17,95.75,95.46,95.78,96.12,96.15,96.17,96.15,93.85,96.08,96.28,95.67,95.67,94.62,96.69,97.21,96.63,96.5,94.81,92.71,94.07,93.67,94.23,93.43,94.33,94.42,95.67,93.85,90.96
2025-04-21,97.22,96.64,96.69,97.06,97.28,97.34,96.93,95.32,96.09,96.75,96.8,96.67,95.97,96.39,96.75,96.8,97.0,96.16,92.88,95.36,95.01,95.78,94.72,97.0,96.93,95.67,95.39,93.47
2025-04-22,94.21,94.44,95.01,95.26,95.25,95.61,95.56,92.05,94.55,95.14,95.13,95.48,94.7,95.59,95.37,95.74,95.61,94.99,92.17,94.4,94.35,94.7,94.28,96.11,95.99,95.48,94.99,93.12
2025-04-23,92.2,92.11,93.48,92.97,93.89,94.14,93.94,86.17,92.44,92.69,93.98,94.24,94.16,94.14,93.46,94.18,94.24,93.94,89.22,92.7,93.13,93.36,94.08,94.34,94.62,94.24,93.59,90.5
2025-04-24,89.97,89.23,91.15,91.0,91.1,92.88,93.18,83.92,89.53,90.86,92.14,92.88,93.83,92.18,92.63,93.92,93.92,93.67,89.23,91.54,92.58,93.51,90.95,92.73,94.48,94.81,94.97,94.32
2025-04-25,87.75,85.26,87.91,88.25,88.67,89.17,89.52,80.79,86.92,86.92,90.33,91.0,92.1,89.57,90.89,93.17,93.17,93.75,86.59,90.5,91.83,93.38,91.83,92.5,94.49,92.33,94.12,93.93
2025-04-28,88.17,85.33,86.83,87.17,87.83,89.83,91.13,80.33,85.17,84.83,88.0,88.67,90.78,88.0,88.33,90.17,92.17,93.52,81.83,87.5,91.83,92.66,91.67,93.33,94.37,92.67,94.2,93.0
2025-04-29,87.22,85.44,86.58,86.2,86.33,87.34,90.01,80.0,84.05,82.53,84.05,86.33,89.23,84.3,85.19,86.58,89.24,91.83,80.0,84.43,89.62,92.09,87.97,91.01,93.64,92.28,94.42,93.39
2025-04-30,89.68,88.36,89.58,88.87,89.05,89.66,90.99,84.68,87.33,86.62,87.1,87.51,90.25,85.9,85.29,86.49,88.84,91.61,79.98,82.7,88.02,91.61,84.65,89.66,93.29,90.69,93.82,93.92
2025-05-01,87.76,87.14,88.13,87.52,86.74,87.36,89.59,84.05,87.02,84.8,85.01,85.01,88.96,85.41,84.55,83.4,85.13,90.36,78.37,79.55,84.26,90.86,78.56,86.0,91.88,88.23,92.64,93.65
2025-05-02,84.75,84.1,84.59,83.77,83.88,83.22,86.36,81.97,83.28,80.49,79.93,79.93,86.2,82.62,79.84,78.12,79.61,87.71,70.98,74.34,76.64,87.88,77.14,80.59,89.73,80.26,91.08,92.93
2025-05-05,88.42,88.26,88.76,88.59,88.26,88.26,88.64,83.56,86.58,86.07,84.23,83.56,86.4,84.56,83.89,82.89,82.89,87.44,76.51,77.68,80.87,88.3,78.19,82.55,89.85,83.39,89.67,91.39
2025-05-06,90.57,91.32,90.31,90.31,90.31,90.06,90.45,86.67,87.67,87.67,87.67,86.29,88.65,87.42,86.42,87.55,86.29,89.16,81.76,85.16,83.77,89.68,84.4,84.91,91.23,81.64,90.32,92.13
2025-05-07,87.51,87.61,87.51,87.31,87.92,87.41,88.33,82.48,85.9,85.3,84.09,83.28,87.4,84.89,83.69,84.09,83.28,87.6,78.25,81.37,80.97,88.22,80.66,82.18,90.08,80.46,90.29,92.15
2025-05-08,83.25,81.57,82.89,83.25,83.37,83.13,83.7,76.14,79.88,78.67,80.0,79.52,83.33,81.33,80.84,81.69,81.81,86.3,75.3,78.92,80.84,87.53,80.72,82.65,89.38,81.33,89.14,90.86
2025-05-09,80.48,80.63,81.43,81.59,81.59,82.06,82.6,76.83,79.52,78.89,79.84,80.48,83.74,80.63,80.79,82.22,82.7,87.15,76.19,81.59,82.54,88.29,80.79,84.92,90.41,85.56,91.06,90.89
2025-05-12,63.65,61.43,63.81,64.92,64.76,66.83,68.83,58.25,60.16,62.38,63.81,66.98,69.97,62.86,66.03,65.08,70.32,73.86,66.03,68.25,73.49,77.44,69.05,78.41,82.95,82.54,85.23,80.68
2025-05-13,64.3,64.54,65.02,64.42,63.82,65.14,67.53,63.7,62.14,61.54,61.78,62.98,68.76,60.22,59.74,59.01,62.62,68.51,57.93,60.46,65.38,72.57,60.1,70.07,80.57,78.97,84.87,85.49
2025-05-14,63.26,66.54,68.47,67.5,67.21,68.02,70.82,68.56,69.72,67.31,67.31,68.5,72.5,68.76,65.28,64.8,66.86,73.79,60.37,64.61,68.02,74.28,67.98,72.66,82.29,75.46,84.57,86.35
2025-05-15,53.6,58.09,61.51,62.69,62.1,63.39,66.87,62.81,64.34,64.23,64.34,65.88,70.15,66.12,65.17,63.4,65.76,72.82,63.64,62.93,67.42,73.06,61.28,68.96,79.85,76.07,84.47,84.47
2025-05-16,44.38,52.34,56.56,56.41,57.5,59.81,62.38,58.75,61.09,60.62,61.72,62.48,67.68,64.38,62.5,60.94,63.74,69.29,58.13,59.53,65.15,71.7,61.72,68.92,78.78,75.82,83.76,84.08
2025-05-19,50.51,56.89,59.95,60.97,60.97,63.68,66.06,63.52,64.29,64.54,65.31,67.26,71.28,67.09,65.31,65.31,65.47,73.11,62.24,66.07,68.03,74.41,69.13,72.63,81.46,73.91,82.77,84.07
2025-05-20,48.19,52.59,56.48,58.29,58.81,60.88,64.55,58.03,61.66,61.4,62.69,65.54,69.31,64.77,63.73,62.69,65.03,70.9,63.73,64.51,67.88,73.28,65.54,70.73,79.89,78.5,82.54,81.75
2025-05-21,64.81,68.15,69.75,74.18,75.12,76.74,75.03,68.61,69.18,74.95,77.29,80.46,77.54,66.92,74.47,78.17,81.77,76.62,74.86,81.91,85.9,77.88,84.17,89.12,79.93,88.82,71.84,31.7
2025-05-22,68.28,71.37,71.81,72.98,72.67,74.74,72.7,70.78,70.34,71.51,73.71,77.1,72.54,69.16,71.37,75.63,78.43,73.02,72.98,81.09,83.31,74.47,83.9,85.38,73.51,83.75,63.17,28.76
2025-05-23,77.76,81.55,81.71,81.55,82.26,82.75,80.26,83.69,82.37,83.53,83.58,84.58,82.63,78.91,82.21,83.58,85.57,82.45,85.01,86.73,89.22,81.9,87.06,89.55,79.52,86.4,69.1,35.83
2025-05-28,58.96,62.93,62.93,63.85,66.43,69.08,68.23,64.26,62.93,64.77,66.84,70.2,68.44,59.47,63.75,67.65,71.63,67.82,67.01,74.39,79.8,71.47,81.33,86.02,72.31,85.71,65.2,28.32
2025-05-29,58.5,61.45,61.08,62.68,65.56,68.4,67.51,62.44,60.96,63.67,65.93,69.38,67.64,57.51,63.18,66.67,70.99,67.76,68.47,73.95,79.14,72.44,79.01,84.94,72.69,86.54,67.89,29.84
2025-05-30,53.83,58.89,59.87,61.17,64.48,66.78,66.16,62.64,61.34,65.74,66.45,69.89,67.84,61.17,65.91,67.43,71.19,68.68,70.64,74.14,77.58,71.52,76.43,82.82,70.52,84.78,64.32,30.99
2025-06-02,50.75,56.76,59.1,60.1,61.77,64.44,64.04,62.6,62.77,64.94,67.28,70.45,69.35,61.94,65.44,69.78,73.79,71.75,69.95,75.46,79.8,73.63,80.3,85.14,74.14,86.14,64.9,29.62
2025-06-03,42.05,51.06,52.82,55.57,57.95,60.7,60.85,58.32,58.45,59.32,62.83,67.58,66.11,57.2,60.58,66.21,70.96,68.55,65.83,73.84,78.47,72.27,80.6,85.11,74.45,85.61,65.73,30.55
2025-06-04,43.89,50.2,51.9,53.61,56.71,59.32,59.3,53.91,55.41,56.31,60.42,65.43,63.62,57.72,58.62,64.43,69.54,66.91,59.32,71.44,76.15,70.91,82.26,85.47,74.2,84.87,65.36,30.63
2025-06-05,47.48,54.2,54.2,57.55,59.11,62.23,62.41,58.87,58.27,60.55,63.19,68.82,66.83,57.79,61.39,65.71,71.58,69.41,68.35,73.38,79.86,73.1,78.18,85.01,73.83,87.41,69.9,32.56
2025-06-06,31.6,39.18,40.6,45.66,49.76,52.92,52.75,50.87,49.13,52.29,55.92,60.03,58.41,48.97,54.19,59.24,64.3,61.49,60.51,66.98,72.51,67.8,75.04,79.62,68.61,82.78,62.94,29.94
2025-06-09,33.81,39.49,43.92,45.97,49.92,54.19,53.15,49.61,51.5,52.92,56.24,60.66,59.29,54.19,56.4,61.3,65.24,62.36,59.87,66.98,73.78,67.21,75.67,83.1,68.66,84.83,63.49,29.08
2025-06-10,31.46,38.4,41.63,44.98,49.16,54.19,53.0,50.36,51.44,53.11,56.7,61.6,60.47,51.56,56.58,61.12,65.67,63.77,63.76,69.26,77.03,69.77,73.68,83.37,69.52,85.65,67.69,30.97
2025-06-11,35.41,41.75,44.43,47.7,51.63,56.44,55.51,51.44,52.3,54.61,58.16,62.21,61.12,52.21,56.91,61.52,66.06,63.58,63.53,70.15,76.44,68.8,77.16,83.46,69.19,84.42,64.57,29.82
2025-06-12,43.48,47.83,51.35,53.47,56.4,60.26,59.66,51.7,54.76,57.58,61.1,64.03,62.44,57.11,60.52,63.81,69.34,65.1,64.39,70.98,77.71,68.0,77.32,83.61,68.0,85.02,62.32,25.97
2025-06-13,74.34,73.72,74.49,75.27,75.12,76.25,75.52,70.45,72.47,73.25,73.09,75.62,73.6,69.98,74.65,75.27,79.38,74.72,76.21,78.69,82.81,76.96,78.69,86.09,75.68,90.16,71.68,28.64
2025-06-16,63.2,62.94,62.94,62.18,62.94,67.18,65.71,59.64,59.14,59.9,63.2,66.41,64.16,60.91,61.68,62.44,66.41,62.86,65.23,67.51,72.52,65.71,69.8,81.17,64.16,84.99,60.0,23.64
2025-06-17,76.29,77.32,75.77,76.55,77.06,78.09,76.84,70.36,71.91,72.68,73.2,75.26,73.95,68.56,70.62,72.42,76.55,73.68,73.97,75.0,81.7,73.95,78.87,86.34,76.32,88.92,67.63,27.11
2025-06-18,62.23,62.88,65.6,71.96,74.12,70.38,70.8,61.4,63.35,73.21,76.76,69.48,71.36,63.44,75.79,80.49,70.98,71.93,80.38,85.98,70.08,71.36,87.45,59.14,64.66,22.59,41.48,65.45
2025-06-23,63.08,66.56,68.21,70.7,72.19,69.04,69.15,66.06,69.21,69.87,72.02,66.56,66.27,69.21,69.87,76.32,65.07,64.07,72.35,82.12,62.75,61.69,88.25,54.8,54.41,17.72,27.8,43.05
2025-06-24,47.99,51.63,51.38,54.02,58.29,54.15,53.54,56.03,55.9,58.92,64.45,55.15,55.6,57.41,62.94,67.46,55.03,54.57,67.34,75.75,53.89,52.9,82.29,43.97,44.02,8.67,19.56,41.44
2025-06-25,46.81,50.15,49.54,52.79,56.75,52.18,52.49,52.79,53.5,55.72,62.03,53.4,54.47,55.42,59.78,65.99,54.31,54.47,63.83,74.01,52.89,53.43,83.65,44.97,47.09,8.12,20.89,47.71
2025-06-26,46.81,49.88,49.75,51.84,56.02,51.47,51.57,52.57,53.55,55.15,60.81,52.95,52.33,55.64,58.95,65.11,53.56,53.33,61.4,72.6,52.21,51.32,83.54,44.72,45.41,8.11,19.5,42.89
2025-06-27,40.26,46.59,46.75,50.49,53.58,49.51,49.83,52.6,53.57,55.36,60.26,51.63,51.17,56.33,59.9,63.36,51.63,52.17,62.5,69.38,48.37,49.5,76.06,39.25,41.83,7.98,21.0,46.83
2025-06-30,38.87,46.01,47.01,50.17,54.32,48.17,49.4,52.16,51.83,53.65,57.48,51.0,50.6,50.0,55.15,61.13,48.34,48.04,59.63,69.93,47.67,47.7,77.91,39.04,42.59,8.14,20.1,46.34
2025-07-01,33.0,42.47,45.08,49.19,53.05,47.2,48.79,53.18,52.43,55.54,58.78,51.06,51.09,51.68,56.79,62.64,48.94,48.66,62.89,70.86,47.7,48.15,79.08,37.11,41.89,6.23,18.39,49.3
2025-07-02,31.51,41.48,44.87,49.05,51.74,46.96,48.36,53.34,53.84,55.93,59.02,51.94,52.25,55.33,58.82,62.91,50.15,50.31,63.71,69.59,46.96,48.47,76.27,36.29,41.51,7.48,19.84,50.61
2025-07-03,26.25,35.92,39.5,44.99,49.28,43.32,44.5,50.72,51.43,54.3,58.11,50.12,50.49,52.63,58.59,62.65,49.28,49.27,66.71,71.12,47.26,49.14,76.85,34.84,40.1,5.85,18.22,50.86
2025-07-08,31.7,37.66,42.07,45.41,50.42,45.65,47.2,48.15,51.73,54.59,59.24,49.82,51.46,55.3,59.83,64.12,51.61,52.93,66.03,72.71,47.91,50.12,79.86,39.69,42.68,7.99,20.24,49.88
2025-07-09,16.73,19.98,26.0,34.03,39.96,34.87,36.08,30.88,39.1,45.89,51.24,44.44,46.67,49.62,57.46,61.76,49.71,50.39,67.97,71.8,47.51,49.71,76.67,35.54,40.78,7.28,19.22,53.53
2025-07-10,15.2,17.43,22.57,30.29,37.78,32.86,34.13,26.9,37.54,44.09,49.71,43.66,45.19,50.53,55.91,60.23,49.65,50.0,63.86,69.71,47.42,48.44,76.02,38.03,40.02,7.98,18.03,44.47
2025-07-11,21.67,23.68,28.95,34.37,40.71,37.01,38.22,28.95,38.39,44.12,49.23,43.86,46.66,47.99,53.1,58.67,48.99,49.68,61.15,69.35,47.43,49.2,78.02,39.35,42.52,7.93,20.7,49.68
2025-07-14,29.29,30.81,34.85,40.4,46.97,44.56,44.96,32.32,42.93,50.25,56.06,48.35,49.61,56.06,61.62,66.16,54.18,55.56,70.45,73.48,53.67,57.11,79.29,44.81,49.1,11.9,27.39,61.5
2025-07-15,21.28,22.56,30.51,33.59,41.79,36.92,39.53,28.46,40.51,46.15,52.82,47.18,48.69,53.85,58.97,65.13,53.59,55.5,70.0,74.62,53.85,56.81,82.05,45.64,50.52,11.28,25.92,62.04
2025-07-16,24.67,33.67,41.04,50.38,44.44,47.69,49.24,43.83,55.22,70.35,55.08,57.76,58.37,65.22,79.11,59.05,57.59,57.6,82.64,47.46,49.17,51.14,9.68,22.94,28.71,57.59,58.17,48.67
2025-07-17,22.46,30.29,37.26,45.86,42.31,44.98,46.68,39.71,50.37,66.56,53.25,55.68,56.74,60.95,77.3,59.59,57.17,56.93,80.98,51.03,50.91,52.37,13.0,24.71,31.31,51.57,54.27,48.96
2025-07-18,16.93,26.05,33.78,41.35,38.29,40.46,42.8,37.63,48.07,65.7,51.9,54.93,55.68,63.24,77.49,60.13,58.22,58.14,80.55,50.47,50.82,51.7,13.13,25.0,31.44,51.64,54.17,48.67
2025-07-21,16.33,23.27,32.99,38.99,36.49,38.26,41.21,33.53,45.77,61.16,49.13,52.55,53.88,65.68,76.15,60.03,58.95,58.03,76.15,49.29,49.59,51.04,14.85,27.26,34.22,52.87,54.06,48.02
2025-07-22,13.02,19.19,30.5,38.1,34.78,36.43,39.27,34.9,46.33,59.91,47.89,51.8,51.55,64.68,74.91,58.72,57.25,56.5,77.14,48.86,49.81,50.99,14.56,28.38,34.18,52.91,53.81,48.02
2025-07-23,9.37,14.05,24.39,31.21,28.27,30.34,33.41,32.14,42.62,50.9,41.72,43.11,46.84,58.13,68.51,49.03,49.7,50.9,69.08,41.33,40.82,46.05,11.7,23.85,30.93,49.3,53.16,51.02
2025-07-24,16.91,21.14,29.15,37.32,33.43,35.04,35.42,34.26,45.92,52.62,45.16,44.72,47.92,62.97,66.62,50.15,49.27,50.96,66.47,41.94,42.67,46.63,15.4,28.59,34.78,48.09,52.4,52.4
2025-07-25,13.09,17.18,26.35,33.39,30.31,31.63,33.39,32.57,43.7,51.06,43.16,43.0,45.55,60.72,64.81,47.94,46.95,49.0,66.61,40.53,40.69,45.74,14.99,25.7,33.03,43.16,51.36,53.36
2025-07-28,12.36,14.66,25.04,32.13,27.68,29.98,32.88,25.04,36.57,42.17,38.55,38.55,41.99,53.05,58.98,42.34,44.81,49.24,62.77,36.24,39.87,44.69,14.33,27.18,35.92,52.06,55.65,56.32
2025-07-29,16.87,20.13,28.12,35.25,31.5,32.38,34.19,27.62,37.38,44.5,39.0,39.75,41.61,55.62,61.88,44.5,45.38,47.5,67.25,36.5,40.25,43.15,12.38,25.75,32.39,50.75,51.6,48.02
2025-07-30,17.14,20.97,28.12,35.48,32.02,33.54,35.78,28.33,37.4,45.36,40.0,41.11,43.74,52.82,62.0,45.96,47.47,50.88,69.56,38.99,43.03,47.57,13.84,27.37,36.61,51.11,57.19,57.91
2025-07-31,16.46,20.85,27.8,35.49,32.03,33.99,37.05,29.27,37.32,44.39,40.46,42.3,44.93,51.34,60.0,45.97,48.66,52.44,67.68,39.0,45.35,51.19,15.89,32.27,40.8,56.48,62.58,62.08
2025-08-01,47.01,48.47,53.31,58.8,54.13,55.75,59.2,49.76,58.48,66.4,57.54,59.48,63.18,68.98,76.09,62.88,64.18,67.16,82.39,59.48,62.56,65.51,22.53,45.71,52.9,71.31,76.62,76.45
2025-08-04,20.17,21.65,29.59,37.19,33.88,37.52,39.15,27.11,39.67,47.44,43.8,45.29,47.46,56.53,62.81,50.25,52.56,54.07,72.07,46.28,50.25,53.56,17.19,36.03,43.73,56.69,62.71,62.2
2025-08-05,23.3,26.39,32.22,40.4,37.42,39.78,43.2,35.94,44.86,51.18,46.1,47.46,50.19,57.99,64.19,50.93,52.54,55.65,72.49,46.84,49.94,54.51,17.35,34.82,44.85,53.28,64.55,69.76
2025-08-06,16.98,18.87,24.73,32.47,28.8,32.87,35.64,25.82,34.56,44.39,39.82,41.41,44.6,47.67,57.6,45.48,46.57,50.2,69.41,42.6,45.78,51.53,15.19,30.78,42.97,52.93,63.85,68.64
2025-08-07,20.1,21.52,27.47,34.48,31.27,33.65,37.03,27.71,35.43,45.9,40.07,41.02,44.95,45.18,58.03,43.28,45.18,48.36,72.53,42.09,43.88,50.67,12.72,25.21,39.46,50.3,62.36,70.52
2025-08-08,7.99,9.25,12.85,18.18,16.61,19.75,22.79,15.36,23.67,35.58,30.09,32.45,36.12,40.6,50.16,38.56,40.28,43.82,62.23,37.93,40.91,44.46,14.42,26.18,35.63,46.55,54.25,59.07
2025-08-11,8.62,12.23,18.18,25.08,23.04,26.33,29.65,24.76,34.17,42.79,36.68,39.18,43.27,50.94,55.17,44.67,45.61,48.4,62.85,38.09,41.85,47.28,14.26,26.8,37.34,43.89,55.93,67.95
2025-08-12,2.85,3.2,7.47,12.34,9.96,13.29,16.99,11.03,20.52,30.84,26.22,29.77,32.77,39.86,46.86,37.37,39.62,42.84,54.8,34.28,38.67,41.63,13.52,27.52,34.95,45.08,52.06,58.01
2025-08-13,1.62,2.38,5.04,9.51,7.04,9.91,13.46,9.61,16.94,29.78,22.65,27.45,31.32,33.4,47.29,34.35,37.56,42.15,62.61,33.4,37.85,42.34,8.85,22.4,32.59,43.76,54.15,64.39
2025-08-14,1.86,2.68,5.82,10.71,8.96,10.75,15.55,8.5,16.65,30.15,24.45,28.62,32.18,37.37,49.24,38.53,40.07,44.62,63.45,36.09,40.07,45.93,11.64,24.07,34.45,41.24,53.83,67.34
2025-08-15,4.62,3.39,6.16,9.86,8.94,10.22,13.95,6.78,12.17,23.88,19.57,23.84,29.0,28.51,43.61,34.67,35.91,40.73,59.48,35.13,37.46,41.36,12.02,23.53,33.44,37.93,49.6,64.34
2025-08-18,10.8,6.03,7.54,13.07,10.55,13.6,16.2,8.29,12.81,20.6,16.33,21.66,25.19,27.14,42.71,30.65,36.52,39.85,58.54,32.66,39.04,40.87,10.8,26.2,33.68,48.87,54.24,60.67
2025-08-19,10.2,7.4,10.2,15.31,13.52,16.07,19.27,12.24,17.86,28.32,22.96,29.59,33.59,35.97,46.68,38.01,42.09,43.75,62.24,35.46,42.86,44.01,11.48,29.34,35.94,52.04,57.81,62.76
2025-08-20,12.55,18.41,27.03,21.25,27.11,30.45,33.75,35.81,43.43,33.49,37.22,40.3,44.32,55.92,32.07,37.03,44.08,47.58,9.49,23.91,36.32,42.18,50.83,57.01,61.08,62.89,66.14,59.39
2025-08-21,19.3,25.98,37.3,30.48,34.16,37.66,39.71,43.11,54.72,42.67,43.8,46.42,50.24,70.83,42.38,44.23,47.74,51.83,12.34,25.84,37.52,44.02,45.26,53.58,59.97,63.94,67.62,64.91
2025-08-22,5.7,9.61,19.06,16.45,17.87,20.66,24.01,23.62,40.23,28.83,32.13,35.57,37.36,58.31,31.92,35.9,40.0,43.14,7.17,20.82,30.16,36.1,42.3,48.2,55.42,55.25,58.48,55.78
2025-08-25,6.89,10.0,21.97,15.08,18.85,22.79,27.68,26.07,38.2,28.36,32.95,35.41,37.92,59.51,30.49,34.92,39.18,42.79,8.03,21.15,30.66,37.42,45.41,51.31,57.05,57.87,63.93,66.44
2025-08-26,5.22,8.83,20.65,12.94,16.42,19.78,23.82,27.74,38.43,27.61,30.97,33.08,35.29,58.08,27.74,31.72,34.58,38.85,6.47,16.92,24.63,30.83,41.29,46.02,51.85,48.01,55.29,59.36
2025-08-27,4.21,7.72,19.16,13.24,14.87,18.99,22.43,26.78,37.71,28.99,30.05,32.96,35.91,56.57,30.19,31.06,35.18,39.51,9.03,16.08,25.93,32.0,33.07,43.32,50.0,50.65,57.51,60.6
2025-08-28,3.16,5.34,15.29,10.19,12.04,16.91,20.8,27.06,37.38,26.21,29.56,33.09,35.37,54.25,27.43,30.54,34.91,38.36,7.16,15.45,26.28,32.13,39.29,47.57,52.18,52.8,57.91,56.91
2025-08-29,5.79,12.06,24.12,19.13,20.32,24.19,26.9,33.12,43.25,32.32,34.03,35.48,37.79,57.23,30.06,31.45,35.16,38.45,7.88,15.32,25.32,31.02,36.45,46.13,49.67,52.1,57.1,54.13
2025-09-03,10.1,15.54,23.76,19.11,21.49,24.55,28.32,34.26,44.65,32.87,34.26,37.23,41.22,59.41,31.68,34.55,38.91,42.94,8.71,18.61,29.11,36.04,42.28,49.01,54.31,52.38,59.9,63.45
2025-09-04,7.94,12.56,17.42,14.93,16.59,19.79,22.69,27.73,36.02,24.64,26.42,31.75,35.8,46.56,23.58,26.42,34.12,38.23,7.46,15.05,26.78,33.98,38.63,48.93,53.88,56.52,61.77,61.29
2025-09-05,10.61,13.26,19.19,15.76,16.69,20.44,23.96,25.12,36.51,24.49,26.05,31.51,36.42,54.29,26.52,29.02,35.88,40.89,7.33,14.66,25.59,34.35,40.09,47.43,54.95,53.98,65.02,67.25
2025-09-08,11.39,15.13,22.62,17.94,19.5,24.18,27.27,27.61,39.16,27.3,27.93,32.76,36.68,55.07,27.61,29.33,35.41,40.19,6.4,14.98,25.27,32.85,32.76,44.77,51.99,54.45,60.29,63.8
2025-09-09,13.81,16.29,23.73,19.24,21.25,25.5,28.74,25.03,38.61,27.74,29.63,34.0,37.2,55.49,30.34,33.06,37.54,42.39,8.15,17.47,27.27,34.54,37.19,45.81,52.9,51.95,58.57,64.61
2025-09-10,12.5,14.02,20.93,17.9,18.37,22.49,26.5,23.01,36.74,25.85,27.84,33.4,37.09,54.26,29.17,31.72,38.33,42.91,7.67,17.14,28.37,36.02,36.36,47.82,54.47,57.69,62.72,64.66
2025-09-11,9.5,10.2,16.22,12.86,13.44,17.91,21.67,18.42,32.56,20.51,23.52,30.0,32.5,50.87,23.52,27.58,35.7,39.4,6.26,15.06,26.05,32.98,34.07,46.16,52.02,56.4,58.69,58.1
2025-09-12,9.66,10.12,15.64,11.96,13.04,17.41,20.82,16.26,30.37,18.56,20.55,29.43,31.86,49.08,20.86,26.23,34.98,37.54,5.06,15.03,26.35,32.49,38.04,47.77,52.37,56.7,56.78,53.63
2025-09-15,19.0,20.75,29.0,19.75,22.0,24.31,27.62,27.5,38.75,24.0,30.0,35.84,38.87,52.0,23.25,30.0,38.1,42.2,7.0,17.5,31.08,36.32,40.75,52.88,56.01,61.9,63.43,64.71
2025-09-16,21.32,22.84,30.2,23.6,24.62,28.93,32.12,31.73,41.12,27.16,33.5,40.1,41.71,49.49,25.13,32.49,42.39,44.56,8.88,21.57,35.03,40.16,44.67,57.11,59.59,68.02,69.17,65.03
2025-09-17,19.54,28.74,18.76,19.91,27.0,31.48,35.08,38.79,19.94,22.8,30.77,36.05,39.4,4.14,12.16,24.49,32.63,38.09,44.07,55.42,59.22,59.66,68.76,69.0,69.23,68.35,68.48,59.1
2025-09-18,16.64,24.25,16.37,18.36,25.39,28.5,33.9,36.3,18.29,22.31,30.88,35.5,39.89,4.87,13.51,26.96,33.22,40.64,44.76,57.37,58.96,61.8,71.16,66.61,70.04,62.21,69.48,68.54
2025-09-19,16.91,24.79,17.53,19.09,26.6,29.76,34.95,36.96,21.06,24.7,32.39,36.59,41.31,6.04,16.06,28.64,34.47,42.62,44.55,57.28,58.21,62.43,71.21,65.69,70.47,60.65,70.09,74.77
2025-09-22,20.31,29.61,21.62,22.54,29.69,33.28,38.81,40.92,23.97,27.38,34.38,38.96,45.15,6.03,15.13,28.91,36.69,44.22,43.72,58.13,60.71,64.74,72.97,71.75,73.69,68.51,73.88,74.81
2025-09-23,27.11,35.11,27.01,27.61,34.88,37.5,42.12,44.11,29.28,29.58,37.74,41.91,47.0,9.08,18.56,31.9,40.44,45.89,40.49,57.98,60.29,64.02,76.19,73.04,75.17,67.16,72.11,74.34
2025-09-24,23.45,32.45,24.61,24.11,32.5,35.34,39.35,45.82,27.75,29.47,36.07,39.78,45.37,7.59,17.89,29.8,37.41,43.59,40.4,53.04,57.35,60.31,69.05,67.62,69.34,66.14,70.35,68.78
2025-09-25,32.76,42.86,33.48,34.63,39.48,41.51,44.37,55.99,36.22,37.23,42.96,45.28,49.76,11.69,24.68,35.7,41.8,46.12,42.14,54.28,56.6,60.06,64.44,64.59,66.88,64.15,68.3,68.15
2025-09-26,23.82,30.96,21.88,23.34,30.34,32.14,34.29,48.3,26.09,29.17,36.22,38.34,40.93,7.94,17.99,30.51,36.05,40.75,36.79,48.94,50.24,54.94,62.64,57.91,63.02,52.85,62.48,63.55
2025-09-29,30.51,38.66,31.65,32.95,38.34,38.99,40.9,52.04,33.77,35.24,41.11,43.07,46.74,12.23,21.86,34.58,37.19,41.74,33.28,48.45,52.53,56.09,66.56,59.71,64.11,51.55,60.27,68.45
2025-09-30,24.88,35.4,29.58,30.94,37.13,37.38,39.54,51.98,33.04,35.77,41.34,42.95,46.39,12.25,23.51,34.41,37.25,42.21,37.87,51.86,52.1,56.4,63.74,55.82,61.47,48.51,59.06,70.09
2025-10-01,25.75,34.73,29.14,30.34,36.0,37.0,39.82,49.6,32.63,35.03,40.6,42.4,46.57,13.07,24.15,34.2,38.2,43.5,37.43,50.0,53.0,57.73,62.8,57.7,64.07,53.4,64.59,74.62
2025-10-02,33.09,41.55,34.18,36.11,40.19,40.31,43.25,52.78,35.02,36.96,42.13,44.67,47.71,14.73,25.48,36.32,39.95,45.11,37.68,50.48,53.39,58.49,62.23,58.72,65.06,56.17,67.91,72.49
2025-10-03,32.32,39.68,32.0,34.4,38.84,38.04,41.54,49.76,33.6,35.36,40.61,42.38,45.98,14.56,24.32,34.51,38.2,43.68,35.36,49.12,50.24,57.31,63.4,56.66,64.86,50.4,65.68,76.85
2025-10-06,31.2,39.24,30.71,31.53,36.78,38.42,42.26,48.44,31.69,32.84,39.41,40.89,44.95,12.64,23.48,33.0,37.77,42.59,38.1,49.75,51.4,56.73,59.28,58.13,64.81,53.86,66.33,71.55
2025-10-07,38.13,46.13,38.87,39.48,43.54,46.37,49.68,54.49,38.62,39.73,45.63,47.11,50.44,18.08,27.55,37.76,42.44,45.78,40.1,53.63,55.47,60.53,63.59,63.1,67.34,56.7,68.35,71.63
2025-10-08,31.92,38.03,30.94,31.33,35.76,38.72,41.21,48.67,30.54,33.2,40.0,41.77,45.15,12.41,22.76,33.4,37.93,43.13,36.85,49.36,51.92,56.16,60.2,59.01,64.44,54.09,65.96,70.4
2025-10-09,31.84,40.09,32.43,33.49,37.85,39.62,42.27,51.3,33.61,34.08,41.51,42.1,45.89,13.33,22.76,34.32,37.5,43.24,35.26,49.76,50.12,55.43,60.97,56.84,63.77,49.65,63.16,73.31
2025-10-10,79.19,80.75,75.62,73.6,72.05,71.58,73.29,80.28,68.94,66.46,65.06,65.37,67.57,43.01,49.38,53.73,55.9,59.14,54.66,60.25,63.04,65.66,61.65,64.29,67.09,66.3,70.27,66.77
2025-10-13,69.57,67.7,60.09,59.16,60.56,59.63,62.22,64.44,49.69,48.76,52.33,52.95,55.08,24.07,35.56,47.05,48.6,51.27,46.58,58.23,57.3,60.63,65.84,60.4,62.54,51.86,59.52,65.71
2025-10-14,79.44,78.61,72.62,71.56,70.27,70.62,71.27,72.97,59.93,58.99,61.34,61.1,64.42,37.25,45.36,51.23,53.82,58.05,52.17,61.93,62.75,66.83,68.98,68.74,70.07,65.57,71.15,72.24
2025-10-15,82.85,81.34,76.25,75.49,74.84,73.84,75.75,74.18,63.15,62.68,64.84,63.93,67.05,42.51,51.37,55.04,56.85,61.26,60.79,66.64,65.82,69.08,71.07,68.56,70.34,63.17,70.34,72.66
2025-10-16,94.23,92.96,89.73,89.39,89.5,88.89,87.68,87.89,79.12,78.66,80.05,78.59,79.15,56.86,64.94,70.01,70.14,73.34,75.78,79.7,78.59,78.79,82.12,79.51,80.92,70.6,74.88,72.39
2025-10-17,84.58,82.14,77.1,75.88,76.64,75.31,75.98,74.96,63.82,63.82,65.34,64.88,67.82,39.39,50.69,54.05,56.6,59.65,64.58,67.94,66.72,68.45,69.92,67.94,68.92,63.8,68.45,68.45
2025-10-20,71.14,68.41,61.19,60.45,59.45,58.6,59.8,62.69,47.51,46.52,48.01,50.37,52.93,20.65,35.07,43.03,45.14,47.84,51.49,53.98,52.62,58.27,55.97,55.36,59.54,47.38,59.03,69.47
2025-10-21,63.64,60.35,51.01,51.01,52.27,53.79,56.19,55.3,37.37,40.4,43.69,45.71,48.45,13.13,23.23,36.87,42.42,44.59,44.7,51.77,53.03,57.99,57.32,58.84,61.34,58.08,61.08,64.43
2025-10-22,64.73,44.33,43.63,47.89,50.58,55.12,57.67,14.78,24.45,33.8,38.17,43.5,47.78,38.28,52.58,54.33,60.33,60.44,60.66,62.31,66.73,67.33,55.38,65.85,67.22,76.57,72.44,59.33
2025-10-23,63.65,44.97,43.68,46.41,47.98,51.16,53.79,16.52,25.0,33.91,37.57,41.47,45.58,41.95,48.13,49.13,53.47,57.26,53.88,56.07,59.1,63.25,48.7,57.66,64.04,69.08,71.92,68.77
2025-10-24,62.42,43.87,41.94,43.55,44.97,47.24,50.0,15.32,21.29,31.61,35.06,38.31,41.43,35.81,44.68,47.24,48.86,53.75,52.26,54.38,56.01,59.46,48.7,54.22,60.54,60.88,66.79,67.68
2025-10-27,59.09,47.24,42.86,43.51,44.97,46.75,49.34,23.05,27.44,33.12,37.18,38.8,43.02,35.88,40.1,42.69,47.73,52.82,46.1,47.24,53.57,57.14,45.13,52.92,57.81,64.45,66.45,63.95
2025-10-28,61.58,50.62,45.81,46.8,48.65,50.12,52.08,27.22,32.39,37.32,40.27,43.23,46.41,43.1,47.17,47.54,50.25,54.48,49.75,48.52,53.57,57.5,45.2,52.22,56.75,60.22,65.07,64.31
2025-10-29,60.48,50.05,46.57,48.46,50.15,51.54,53.36,28.2,34.16,39.62,42.49,45.57,48.37,45.78,50.74,50.85,53.33,56.21,53.62,53.83,56.72,60.18,48.46,53.73,59.06,60.3,66.5,67.01
2025-10-30,59.74,47.96,44.47,47.36,48.67,50.72,51.91,24.64,31.01,37.74,40.96,43.73,46.12,42.91,50.36,50.0,53.01,55.36,55.89,54.58,56.99,59.56,47.47,53.73,57.83,61.33,63.5,58.94
2025-11-03,56.7,42.32,41.34,45.26,46.41,47.55,49.75,19.44,26.96,35.13,39.22,40.03,43.22,41.83,46.57,49.35,49.18,52.09,50.33,53.76,52.61,56.45,50.65,52.12,56.95,50.0,58.96,65.33
2025-11-04,66.71,54.35,53.0,54.71,54.22,55.2,57.09,29.99,36.6,42.47,45.53,47.49,50.06,45.9,51.29,51.9,54.47,57.09,55.32,55.2,58.38,62.11,49.33,55.69,60.6,62.79,66.88,65.5
2025-11-05,62.75,48.53,45.98,49.02,49.12,50.0,52.16,22.16,27.25,36.76,41.08,42.45,44.82,38.43,46.47,49.71,50.1,52.26,54.22,55.49,55.98,58.79,50.98,53.14,57.59,51.27,58.09,62.31
2025-11-06,76.06,63.26,61.5,61.15,59.62,59.04,60.82,34.15,41.31,45.89,47.18,48.47,49.4,51.29,53.87,52.23,53.76,55.05,53.52,54.23,54.93,56.37,45.77,51.88,55.05,53.64,57.69,55.05
2025-11-07,75.89,62.13,60.12,60.59,59.04,58.73,60.28,33.23,38.49,46.06,48.07,49.46,50.32,46.21,52.86,53.63,54.4,56.65,59.81,57.81,58.73,59.65,50.23,53.48,57.59,54.25,57.75,58.54
2025-11-10,65.69,50.08,46.83,46.99,46.99,49.3,49.92,18.7,24.73,31.22,35.24,39.88,41.71,34.0,42.66,44.67,48.84,48.82,49.3,50.08,52.24,53.87,45.6,53.32,55.13,59.97,57.66,49.29
2025-11-11,63.04,46.08,43.74,43.98,44.56,47.02,49.4,16.61,22.69,30.99,33.68,38.48,41.15,34.39,41.75,44.33,47.02,49.28,47.49,47.13,49.01,54.07,43.27,50.06,55.38,56.02,60.53,62.56
2025-11-12,59.47,44.37,43.15,44.56,45.03,46.62,49.23,18.57,27.11,34.05,36.96,40.6,42.79,39.96,45.5,45.97,47.74,50.19,50.47,48.59,48.59,53.75,42.68,47.65,54.23,49.91,57.4,64.9
2025-11-13,79.79,69.8,66.82,66.59,64.98,64.4,65.68,38.46,41.68,47.65,48.34,49.77,52.48,46.27,55.45,52.24,53.11,56.25,66.93,58.9,58.76,62.26,49.02,52.42,57.67,53.11,61.44,67.81
2025-11-14,80.09,69.91,66.72,65.81,63.22,63.82,64.84,34.65,41.49,45.9,44.98,48.09,50.47,47.57,52.74,49.39,52.37,53.28,59.27,52.74,56.03,58.13,40.88,52.67,55.94,65.19,61.56,51.72
2025-11-17,89.11,81.68,78.96,80.94,79.95,78.91,78.99,53.47,58.17,62.87,62.38,63.52,65.57,64.85,68.81,64.36,63.77,66.08,75.5,67.33,67.49,68.86,54.7,60.05,64.05,65.51,68.61,68.61
2025-11-18,95.48,90.7,89.2,88.94,87.19,86.93,86.92,64.57,64.32,69.35,69.1,69.6,72.05,66.33,72.11,71.11,70.35,73.08,79.9,73.87,73.62,74.87,65.58,68.59,69.74,70.85,71.28,68.21
2025-11-19,51.81,55.15,59.8,64.61,67.11,68.11,68.11,56.24,62.37,66.76,68.36,69.77,70.87,70.1,69.66,72.0,73.21,73.31,59.55,68.26,72.42,71.32,76.8,79.0,73.86,77.63,70.65,51.94
2025-11-20,75.97,76.82,79.97,78.11,77.99,78.56,77.86,75.97,80.11,77.54,77.99,79.14,79.12,83.4,76.68,79.28,78.99,77.71,66.09,76.26,75.83,75.04,81.15,81.73,77.86,78.13,71.43,55.26
2025-11-21,60.67,64.37,66.13,66.77,67.37,68.5,67.85,61.64,65.65,65.81,65.11,67.04,69.27,69.5,69.34,69.95,71.24,71.23,67.74,69.31,72.86,71.94,69.47,74.47,70.34,77.54,71.4,55.06
2025-11-24,49.43,49.6,48.14,49.76,52.83,56.38,57.02,46.04,49.27,49.76,53.96,57.19,59.01,55.09,54.12,58.64,62.84,61.65,51.7,60.42,64.62,63.14,65.43,72.54,66.12,78.35,66.78,44.46
2025-11-25,46.81,44.98,43.75,44.0,48.53,50.25,51.82,37.87,43.14,43.26,49.14,51.72,53.45,50.86,50.0,54.53,57.97,59.1,44.73,57.72,60.54,61.48,65.2,65.81,64.49,67.28,62.86,52.07
2025-11-26,38.77,36.5,38.97,38.87,42.12,43.01,44.02,33.53,39.17,38.87,43.01,45.59,46.86,48.07,41.94,48.07,50.45,52.13,35.21,46.78,50.15,51.52,58.08,56.59,57.3,55.7,55.38,48.28
2025-12-01,33.5,33.66,35.93,38.05,41.63,43.09,44.83,33.66,39.02,40.81,45.53,46.5,47.5,47.15,44.55,50.08,51.38,52.0,40.98,50.24,52.2,53.33,57.07,57.07,59.17,53.5,57.33,52.0
2025-12-02,28.62,28.62,32.03,32.4,37.27,40.07,39.83,32.89,36.18,38.25,42.87,44.82,44.82,42.87,40.32,47.02,49.45,47.82,40.07,50.67,52.98,51.44,56.76,59.2,56.8,57.25,53.81,40.95
2025-12-03,24.2,26.34,31.02,32.2,35.41,39.12,39.0,33.27,39.51,40.1,43.9,46.05,46.1,47.41,44.0,48.68,51.8,49.4,39.22,48.0,52.1,50.2,54.93,58.73,56.1,62.63,53.5,39.0
2025-12-04,20.79,23.71,28.62,29.09,33.41,36.1,36.0,34.35,36.8,38.79,42.17,43.69,43.54,42.87,40.65,45.68,46.96,46.05,39.14,46.5,49.77,47.25,51.87,54.32,52.63,53.97,48.33,34.45
2025-12-05,17.23,21.85,26.0,26.62,29.69,32.92,34.8,35.69,37.38,36.77,42.0,42.46,43.15,42.46,36.92,42.77,44.31,44.57,31.85,42.31,44.0,43.78,50.77,51.38,51.18,48.62,48.19,41.73
2025-12-08,25.08,32.15,38.62,38.15,39.54,42.0,42.45,46.62,49.23,46.15,47.23,49.23,49.53,54.77,47.38,48.62,50.46,48.58,35.54,42.15,46.46,46.07,47.38,52.0,50.63,54.15,47.8,35.22
2025-12-09,26.54,33.53,39.81,40.4,41.09,43.31,43.69,47.5,51.11,48.54,48.2,49.94,50.83,55.76,50.41,49.94,51.69,50.0,40.4,42.96,47.15,47.14,45.98,50.64,49.29,53.55,47.86,36.43
2025-12-10,16.81,21.2,27.17,28.57,31.37,34.61,34.45,35.01,41.92,40.9,42.39,44.62,44.88,51.26,45.66,46.41,48.74,47.27,36.41,39.68,45.56,44.11,44.07,49.95,46.41,53.23,45.45,33.49
2025-12-11,12.0,14.29,18.97,21.83,24.46,28.33,29.46,25.83,34.4,36.8,39.09,41.86,41.67,47.31,42.97,45.37,47.71,46.48,35.31,40.11,45.07,44.6,44.23,49.08,46.71,51.49,45.77,35.8
2025-12-12,22.84,23.3,28.14,28.14,31.01,34.04,34.21,26.02,34.8,35.4,38.88,41.79,41.06,47.35,41.45,44.18,46.2,46.35,32.98,36.91,43.77,42.92,42.36,47.87,47.43,51.98,48.06,39.5
2025-12-15,30.54,29.31,33.0,32.27,33.5,36.79,37.28,25.12,35.47,36.21,39.66,42.22,42.57,49.26,44.58,46.55,48.89,47.61,35.96,40.39,45.43,44.58,45.81,51.6,48.36,53.33,48.61,36.78
2025-12-16,25.75,27.25,31.25,31.25,32.5,36.0,36.22,26.75,36.75,38.5,42.0,44.5,44.64,48.5,45.75,48.0,50.0,49.23,38.25,43.75,47.75,46.94,48.5,53.0,50.77,53.5,48.98,38.27
2025-12-17,30.11,36.08,36.5,39.49,43.88,44.77,46.58,42.61,40.15,43.84,47.91,48.15,49.72,34.01,44.14,49.77,47.83,48.24,53.75,60.0,52.98,52.68,56.43,50.4,51.94,40.1,45.29,46.58
2025-12-18,21.13,28.94,30.17,31.48,36.22,36.01,39.11,38.3,37.32,38.98,43.19,42.93,45.2,34.26,40.03,46.44,44.53,46.31,48.73,54.33,47.43,48.15,54.95,48.23,50.55,35.53,41.88,46.49
2025-12-19,11.61,20.96,22.27,25.3,29.52,28.25,31.68,37.96,35.37,36.23,39.88,37.4,39.41,28.24,34.28,39.1,36.92,38.67,48.2,52.55,41.09,43.46,51.31,42.22,42.54,27.13,34.99,39.23
2025-12-22,7.92,10.89,13.95,16.44,21.14,20.19,25.74,23.48,25.87,28.7,31.94,30.13,34.93,25.87,30.34,35.19,30.61,38.6,45.14,48.77,37.34,44.85,48.77,34.46,48.35,21.47,39.89,68.75
2025-12-23,8.23,13.39,15.25,17.75,22.33,22.97,27.75,29.86,29.6,31.96,34.2,33.13,36.95,26.79,31.84,35.25,34.34,39.56,44.44,46.89,39.3,45.74,46.18,41.23,48.63,28.66,42.45,58.38
2025-12-24,5.92,10.95,14.7,16.54,21.79,22.59,27.77,30.52,31.42,33.64,36.82,36.03,40.07,30.14,35.32,39.58,38.95,44.68,45.91,50.33,43.14,49.29,51.28,44.4,53.57,31.55,48.85,69.37
2025-12-26,5.92,12.8,16.32,17.76,22.54,21.58,23.36,34.72,29.76,34.08,39.13,36.39,35.93,27.2,33.44,40.74,37.36,38.94,43.52,50.72,41.06,43.01,57.0,41.06,42.65,23.03,31.33,40.18
2025-12-29,11.09,10.93,13.18,16.56,20.9,21.54,25.82,21.54,21.54,24.92,32.48,30.55,32.57,22.67,30.55,37.14,34.57,38.16,36.98,46.62,40.19,44.57,56.11,43.25,48.19,27.01,39.64,55.59
2025-12-30,8.18,7.33,8.67,12.09,17.34,17.7,21.0,18.07,17.34,22.71,28.69,27.59,31.37,18.32,28.82,36.39,32.97,37.25,39.93,47.62,39.32,45.63,52.99,40.29,48.5,24.42,40.87,64.25
2025-12-31,9.66,7.59,10.26,14.2,19.57,19.96,24.97,15.19,17.85,23.47,30.34,29.74,33.87,23.37,32.25,39.53,36.56,41.86,41.12,49.8,42.69,49.95,56.72,44.86,52.58,27.96,46.21,72.09
2026-01-02,4.13,3.81,4.76,9.21,12.9,14.65,18.24,14.92,13.81,19.37,26.75,25.16,30.29,15.08,28.25,34.87,32.01,35.34,41.27,48.57,38.85,45.11,54.14,39.81,47.07,21.97,38.11,65.31
2026-01-05,11.33,10.36,11.65,16.18,19.42,19.42,22.55,16.67,16.5,21.52,29.29,29.77,32.17,17.48,28.48,36.73,33.98,38.97,43.04,51.29,41.91,46.93,55.66,43.85,50.91,26.54,42.95,66.67
2026-01-06,13.45,11.15,11.64,14.91,18.18,18.67,21.74,14.55,15.15,18.91,25.09,26.42,30.93,16.0,26.06,33.33,31.52,36.65,39.03,46.18,38.42,44.35,51.76,40.85,49.19,27.52,43.11,65.34
2026-01-07,25.24,20.1,17.57,20.39,24.08,24.08,27.56,15.92,16.02,19.22,25.83,26.41,31.04,16.99,25.83,33.5,31.36,36.32,35.53,45.34,37.48,42.99,53.88,39.81,47.96,23.01,39.9,65.57
2026-01-08,25.12,22.33,18.84,21.51,24.19,24.19,26.43,20.93,17.79,20.93,25.93,26.51,30.6,14.77,24.53,30.0,28.95,33.69,35.58,41.63,34.3,39.76,46.16,35.93,42.5,22.33,37.14,57.62
2026-01-09,22.05,20.21,15.93,17.15,20.98,20.67,23.35,20.67,14.4,17.76,23.12,23.74,27.59,9.65,17.61,26.8,26.03,31.5,29.86,41.96,34.3,39.5,52.22,37.06,43.89,20.37,36.05,58.15
2026-01-12,21.59,26.19,21.44,23.74,28.79,28.64,29.26,36.29,25.73,28.33,33.54,30.47,32.39,15.01,22.66,32.31,30.17,32.55,34.3,42.42,36.91,37.87,50.54,37.52,39.44,22.66,32.86,46.01
2026-01-13,26.54,33.84,30.36,34.18,36.73,35.81,37.09,48.44,37.54,39.75,43.34,40.56,42.54,21.9,33.95,40.9,36.27,38.98,43.92,51.45,42.18,45.62,53.42,39.63,43.13,22.94,34.6,52.84
2026-01-14,40.71,46.19,42.47,43.87,46.1,44.88,46.1,53.35,44.33,45.54,47.68,46.28,47.81,29.28,38.94,45.72,42.55,44.1,47.96,54.55,45.9,48.0,56.04,44.04,46.38,26.63,36.67,49.24
2026-01-15,28.44,35.15,30.94,33.33,37.09,35.39,36.57,45.39,34.7,38.0,41.64,39.16,40.77,20.48,33.79,40.5,34.93,37.27,43.0,49.94,40.07,40.77,51.54,36.19,40.19,19.41,32.24,50.58
2026-01-16,33.73,39.76,35.69,37.8,40.51,38.88,39.94,50.15,40.51,41.11,43.98,42.36,41.8,21.69,34.64,42.92,36.91,36.53,42.47,51.66,40.85,39.63,56.63,38.58,39.47,19.36,28.48,40.87
2026-01-21,48.48,44.53,44.76,48.79,46.72,48.49,47.43,37.1,39.93,44.34,41.88,43.83,42.5,43.85,55.01,43.3,46.74,44.36,60.02,45.39,47.52,44.03,23.17,38.68,32.86,54.03,40.74,27.6
2026-01-22,48.65,44.26,43.69,45.53,42.94,42.37,41.52,37.87,40.99,43.83,39.23,39.94,38.41,44.4,47.09,40.8,43.37,40.59,49.36,39.51,40.09,38.26,25.25,35.09,32.04,44.08,36.7,28.77
2026-01-23,54.94,49.36,49.52,51.11,48.4,48.56,47.71,41.88,43.95,46.18,44.07,43.91,41.73,50.0,52.39,45.19,45.19,43.49,51.27,42.95,43.11,41.55,27.4,36.38,34.15,47.12,37.5,30.28
2026-01-26,54.72,50.4,46.72,48.8,47.04,47.68,46.48,36.96,40.8,43.84,42.08,43.84,42.88,48.16,51.52,43.36,44.96,42.72,54.4,39.2,42.56,40.75,24.64,36.48,35.52,49.44,42.06,29.62
2026-01-27,55.47,54.14,52.55,52.55,50.49,50.85,50.68,45.99,46.96,47.93,46.47,48.05,47.45,52.19,52.68,46.72,47.45,45.83,50.85,39.9,44.04,42.59,27.62,40.63,39.1,54.01,44.71,32.75
2026-01-28,55.8,53.83,53.44,53.34,50.89,51.57,50.96,44.11,48.13,48.72,46.65,47.54,47.03,56.88,55.7,47.44,49.31,46.83,52.06,37.99,43.7,41.99,24.31,38.98,38.07,54.13,44.61,31.62
2026-01-29,57.26,54.52,52.98,52.74,51.19,52.15,51.53,44.05,46.19,47.38,46.3,47.73,46.64,52.62,54.52,47.37,49.76,46.76,53.1,40.45,45.94,43.35,27.8,41.89,39.19,55.01,43.96,29.91
2026-01-30,59.56,55.77,56.87,55.61,52.93,54.52,53.16,48.97,50.24,51.66,48.65,50.71,48.62,57.19,58.14,48.49,51.51,49.27,56.4,40.25,46.75,44.25,23.45,41.05,38.57,59.9,47.49,31.44
2026-02-02,48.31,42.19,41.38,44.93,42.67,43.8,42.74,33.17,37.2,41.55,38.33,39.45,37.95,42.83,47.02,40.26,42.51,40.59,47.83,37.36,40.9,38.61,22.71,37.36,33.0,51.05,38.12,24.59
2026-02-03,66.71,59.35,60.07,59.23,55.13,55.73,55.25,46.44,48.73,49.58,47.41,48.73,47.47,52.96,53.08,46.08,47.65,45.74,50.9,40.89,44.87,42.77,24.73,40.89,39.8,53.68,47.1,34.12
2026-02-04,70.14,63.09,62.51,61.35,57.49,57.39,57.82,49.18,52.17,52.27,49.18,49.76,48.81,56.52,54.98,48.41,48.21,46.73,51.5,41.84,43.19,43.27,24.73,37.68,39.41,48.99,46.53,39.21
2026-02-05,83.33,77.89,78.01,76.5,71.53,70.02,70.38,65.51,68.63,67.48,60.76,60.42,59.83,73.03,70.14,59.03,59.49,57.58,64.35,51.16,52.31,49.64,28.7,43.17,41.71,53.7,47.16,33.29
2026-02-06,70.27,62.2,61.89,62.35,57.93,58.08,57.25,47.87,51.52,53.81,50.15,52.44,49.92,56.71,59.6,51.68,53.35,48.52,61.28,46.65,49.85,46.33,22.56,38.72,36.51,53.51,45.24,28.86
2026-02-09,64.33,57.47,56.1,56.86,52.44,53.05,52.18,44.51,45.88,48.93,45.43,48.02,46.57,51.68,53.51,45.73,48.93,46.11,55.03,38.26,44.97,42.83,21.8,39.33,35.36,56.55,45.17,30.84
2026-02-10,68.86,62.63,61.94,61.94,57.67,58.36,58.14,51.56,53.4,53.4,48.67,50.29,50.94,54.56,55.13,48.67,50.52,48.94,55.94,41.52,45.91,46.11,25.84,40.6,38.44,51.67,46.58,35.85
2026-02-11,67.53,61.52,60.78,61.24,56.61,57.37,57.63,49.12,51.43,53.75,47.92,49.77,50.05,55.13,56.8,48.84,50.79,49.57,59.85,41.54,46.43,46.45,22.85,38.28,37.25,52.83,46.92,36.21
2026-02-12,82.45,79.05,78.37,77.69,74.18,72.95,71.98,69.54,71.8,70.33,64.44,62.5,61.74,71.12,69.88,57.64,57.5,55.93,66.02,50.4,50.91,48.37,28.09,42.16,38.02,53.64,43.49,30.12
2026-02-13,84.56,81.41,80.06,79.61,77.36,75.6,74.73,70.46,73.76,72.56,66.72,64.91,64.56,73.76,73.31,61.47,60.39,58.09,69.27,54.27,53.77,50.23,31.93,44.13,39.75,52.71,43.14,29.58
2026-02-18,68.6,71.0,70.44,64.78,64.01,62.73,62.02,69.45,67.61,58.13,60.17,57.61,58.14,60.54,46.39,52.63,49.36,48.84,29.99,44.24,41.82,43.88,62.02,48.51,51.32,36.42,40.78,42.02
2026-02-19,71.75,74.44,74.6,70.63,69.97,66.93,66.14,75.87,73.65,64.44,64.06,61.5,62.63,68.89,54.44,58.15,53.04,54.04,34.76,47.12,44.25,47.54,62.14,48.56,53.33,36.26,43.33,48.6
2026-02-20,67.43,71.52,71.69,65.96,64.74,61.61,61.2,71.03,69.07,59.74,61.12,56.34,57.14,62.85,47.63,52.72,46.29,46.56,29.79,43.99,37.4,40.21,57.83,45.8,44.62,28.67,34.04,38.45
2026-02-23,78.3,79.76,79.39,74.42,72.73,70.91,71.22,76.97,76.0,67.64,66.42,63.64,62.66,71.88,57.94,60.12,56.0,54.84,34.3,47.27,44.0,43.3,60.97,50.79,48.51,37.58,35.86,34.49
2026-02-24,67.12,69.18,70.06,63.31,64.71,61.27,61.79,69.96,68.59,58.02,60.2,56.67,56.67,65.17,48.63,54.41,48.82,48.55,28.57,44.9,38.14,40.12,65.69,48.33,47.14,27.55,33.2,39.02
2026-02-25,59.36,58.89,57.35,52.13,53.8,53.33,52.73,55.09,52.49,46.21,50.59,49.29,48.36,50.12,40.28,47.62,44.77,44.23,29.86,43.47,40.26,41.43,58.91,49.05,48.24,33.49,36.21,39.61
2026-02-26,62.26,62.89,61.01,54.4,55.21,54.73,54.19,59.91,57.55,46.7,50.16,49.53,49.03,50.63,36.48,43.69,42.11,42.42,23.58,37.07,36.91,38.71,56.31,48.42,48.23,34.86,37.9,42.1
2026-02-27,71.26,71.1,70.43,65.45,65.33,62.5,63.65,68.27,66.94,56.64,58.0,56.5,57.0,63.95,49.5,54.83,50.5,51.37,30.73,45.5,40.33,44.37,62.17,51.17,52.22,34.33,41.3,49.83
2026-03-02,75.6,75.6,74.88,68.27,68.15,66.11,67.0,73.2,71.27,61.66,60.7,58.05,59.48,67.19,49.64,53.0,50.24,50.0,27.64,42.79,39.66,41.5,55.77,49.52,51.11,37.62,42.98,49.38
2026-03-03,83.45,84.5,83.35,79.98,78.73,75.65,76.33,83.16,82.39,74.59,72.76,69.87,70.81,76.52,62.66,63.04,61.02,62.03,43.5,55.92,51.97,53.25,65.83,54.96,57.4,40.13,47.73,54.14
2026-03-04,79.26,80.18,78.8,73.27,72.35,69.47,69.81,75.69,74.31,66.71,64.52,61.64,61.79,68.89,54.61,56.91,54.15,53.42,37.56,50.58,45.05,46.11,60.48,51.04,50.47,36.29,39.5,42.57
2026-03-05,88.77,90.44,87.56,84.22,84.37,81.34,80.59,86.65,84.22,76.93,77.09,72.38,73.6,77.39,62.97,63.88,61.15,62.58,41.73,55.99,52.5,54.5,69.35,57.06,59.94,40.21,50.31,59.78
2026-03-06,95.67,95.98,95.05,94.28,94.28,93.97,93.52,95.05,94.44,92.89,92.12,89.18,89.26,88.56,84.85,86.4,82.53,83.73,73.42,78.67,73.26,77.41,83.46,73.72,78.52,55.18,72.51,80.09
2026-03-09,92.3,90.57,90.23,88.97,88.62,87.7,86.72,87.01,87.93,83.79,83.68,81.72,82.73,84.14,78.28,80.46,76.67,79.2,62.3,72.53,70.23,73.91,82.07,74.25,79.55,59.43,73.8,80.14
2026-03-10,88.94,86.91,86.82,84.33,83.87,82.36,81.3,80.46,81.47,78.16,77.14,74.24,75.45,80.65,73.92,73.09,68.61,69.69,56.5,64.52,61.77,63.55,71.15,63.8,63.83,53.28,56.94,60.06
2026-03-11,93.01,92.22,90.87,90.98,90.87,89.82,89.12,89.18,89.85,87.15,86.92,84.28,83.91,85.23,81.17,82.19,78.62,79.86,69.67,76.78,71.83,73.03,82.64,72.17,74.19,54.3,65.51,72.92
2026-03-12,93.28,93.28,91.79,90.9,90.6,90.1,90.18,91.49,90.45,88.96,88.36,85.61,86.04,84.03,80.9,81.34,79.31,80.98,72.54,77.16,73.16,76.38,81.49,74.66,78.83,61.47,72.85,76.99
2026-03-16,77.06,79.3,79.3,78.3,79.05,77.81,77.1,83.29,80.8,77.06,76.81,72.82,74.55,73.57,68.33,70.07,65.59,64.89,53.87,64.09,62.34,61.83,74.56,66.33,62.34,53.12,51.91,47.58
2026-03-17,92.47,92.36,90.86,89.75,87.85,85.82,86.49,87.34,84.06,85.54,83.53,81.85,83.63,66.89,80.18,77.92,76.32,79.26,85.99,81.19,77.88,81.17,70.33,68.39,77.49,65.62,80.08,81.45
2026-03-18,91.35,89.39,85.4,84.5,82.15,81.35,81.72,77.81,72.26,77.21,74.98,73.91,75.52,57.21,72.32,70.92,70.14,73.12,77.95,73.18,71.59,75.3,65.25,62.32,69.86,60.87,73.12,77.69
2026-03-19,93.4,93.96,92.42,91.85,89.83,89.55,89.08,90.45,86.66,87.22,82.91,83.19,84.92,74.72,80.76,77.26,76.69,80.77,86.94,80.65,77.82,82.62,66.1,70.06,78.62,75.0,82.31,82.31
2026-03-23,92.55,91.92,90.02,90.33,88.43,87.16,88.01,87.48,85.26,85.58,81.93,80.51,83.63,74.8,80.35,76.07,73.69,79.9,84.47,79.56,73.53,81.69,65.93,63.07,73.42,59.59,77.63,84.28
2026-03-24,89.87,89.38,87.58,86.85,85.16,82.99,84.57,86.01,81.79,81.54,76.84,75.15,79.14,68.76,73.7,70.21,68.15,72.35,80.82,71.65,67.55,71.85,57.78,55.85,65.43,52.71,70.25,80.12
2026-03-25,95.52,94.45,93.28,93.28,93.46,92.78,93.01,90.75,89.68,91.14,90.54,87.02,89.32,83.54,88.7,85.95,82.73,88.32,88.8,85.37,80.88,88.22,73.07,67.71,85.23,60.78,85.73,91.72
2026-03-26,97.06,96.23,95.76,96.0,95.63,94.81,95.41,93.17,92.46,93.64,93.27,91.85,93.48,89.63,92.46,92.8,89.85,92.75,92.34,91.5,87.13,91.91,85.12,78.04,90.7,63.99,90.7,94.81
2026-03-30,96.01,95.22,94.26,94.42,94.58,93.78,93.63,92.34,90.59,91.87,92.34,90.91,92.48,87.88,89.95,90.91,88.36,91.01,91.55,91.07,88.2,91.18,85.65,80.06,91.01,67.15,88.89,94.77
2026-03-31,90.91,89.95,87.56,87.92,87.08,85.53,86.76,83.01,80.38,80.62,80.14,77.03,82.97,71.41,78.71,76.67,73.09,82.48,83.61,80.38,74.16,85.78,71.53,66.63,84.07,55.86,86.64,92.52
2026-04-01,89.75,88.79,86.88,86.69,86.11,83.91,84.69,83.05,80.36,80.27,79.89,74.9,80.08,70.88,76.63,74.81,69.92,77.63,80.94,76.92,69.64,79.39,70.5,61.21,76.35,46.26,77.33,89.6
2026-04-02,89.35,89.35,87.29,87.51,86.83,85.45,85.7,85.11,82.25,83.73,82.25,79.15,82.42,72.62,79.61,77.89,73.65,80.3,84.99,82.82,74.91,83.47,70.22,63.8,77.49,52.92,81.24,89.68
2026-04-03,88.69,86.73,83.86,83.41,83.11,80.84,82.1,78.58,75.72,75.26,73.76,71.64,75.62,64.71,71.64,68.48,65.61,72.22,76.77,71.79,67.12,75.0,62.9,57.77,71.14,49.47,75.15,85.49
2026-04-07,90.84,89.69,88.55,87.97,87.17,85.11,85.48,87.17,83.85,84.19,82.36,79.95,81.62,74.68,79.04,76.75,73.2,77.75,83.05,77.89,72.62,78.22,64.49,60.48,71.78,53.95,75.88,85.71
2026-04-08,78.7,78.97,76.12,76.4,74.38,72.95,74.98,75.39,70.34,71.17,68.14,66.88,70.08,57.21,64.37,59.96,58.79,63.31,74.29,64.37,61.73,66.79,49.86,53.27,61.15,53.27,67.07,76.39
2026-04-09,65.21,68.13,65.88,65.88,64.2,62.5,64.63,68.69,61.84,63.41,61.17,58.45,61.87,50.73,58.25,53.65,52.48,55.88,67.0,57.8,53.6,60.02,43.66,45.38,55.3,40.77,58.06,73.39
2026-04-10,60.92,67.46,64.78,66.12,64.64,63.13,65.34,71.32,64.78,66.86,64.49,62.09,65.65,52.15,62.11,55.87,54.18,59.24,73.4,61.37,58.51,63.66,44.28,45.52,57.25,42.99,63.21,78.32
2026-04-13,53.3,62.35,58.92,61.12,58.19,57.11,59.0,68.46,61.61,62.1,60.15,57.84,61.0,43.03,54.28,50.37,50.49,53.25,67.24,56.48,50.74,58.0,43.77,40.69,51.75,37.01,54.25,74.0
2026-04-14,39.21,51.86,50.37,52.85,51.86,50.87,54.68,69.23,59.8,59.8,58.06,55.33,56.2,38.71,48.64,47.89,47.39,50.38,62.78,53.1,48.14,52.66,39.95,38.21,45.57,35.24,49.87,70.63
2026-04-15,67.6,56.1,55.19,57.93,57.03,61.27,63.64,38.57,44.09,45.04,43.73,52.7,57.09,51.59,55.11,47.25,54.13,58.91,45.63,41.59,52.22,56.73,29.97,54.13,62.73,79.37,79.45,74.91
2026-04-16,66.11,55.6,54.68,56.51,56.03,60.54,63.52,38.66,44.6,44.38,43.66,52.3,58.26,51.65,54.14,47.18,53.72,60.44,44.08,41.37,51.35,57.17,31.3,54.36,65.7,77.97,81.13,78.22
2026-04-17,59.58,49.37,51.29,53.77,51.68,58.86,61.59,36.92,44.25,44.9,43.14,51.9,57.25,54.45,56.87,48.17,54.91,60.69,45.05,40.7,51.58,56.88,29.73,53.64,63.59,79.11,79.53,75.72
2026-04-20,60.09,52.17,54.26,56.79,55.45,60.14,64.14,40.56,50.28,49.66,48.14,56.09,60.76,62.02,59.84,54.41,60.26,65.22,45.59,43.39,52.98,60.49,32.37,55.73,67.52,78.28,82.14,79.84
2026-04-21,66.13,58.69,61.14,63.39,61.41,64.07,66.38,43.62,53.29,53.12,52.77,59.94,63.89,63.75,61.65,58.5,63.59,67.78,47.52,46.95,58.79,64.54,39.53,61.58,69.19,80.69,81.73,77.51
2026-04-22,66.71,62.66,61.4,61.4,59.63,62.59,64.17,49.79,55.24,54.27,53.31,58.51,61.72,61.26,58.88,54.99,60.9,65.08,50.35,47.68,58.51,64.17,37.83,58.51,66.77,80.87,81.62,76.42
2026-04-23,66.35,62.89,61.16,60.38,59.02,61.23,63.72,49.84,53.93,52.99,52.69,56.8,61.63,60.06,56.76,54.43,59.97,64.93,48.11,48.26,56.8,64.58,41.46,58.54,68.4,76.58,81.6,79.86
2026-04-24,67.05,63.47,64.61,64.61,61.76,63.4,66.61,50.81,59.09,58.77,57.03,60.13,64.51,67.21,63.64,59.97,63.07,68.36,54.38,52.78,59.8,67.31,43.14,59.31,69.41,76.96,83.74,83.39
2026-04-27,53.85,50.0,50.6,50.48,49.64,53.25,57.2,38.22,47.24,46.63,46.51,51.32,57.2,62.74,55.77,50.12,56.61,62.12,44.71,40.02,53.12,62.12,33.41,53.97,66.54,79.33,85.36,85.24
2026-04-28,53.2,47.48,47.96,47.09,46.98,50.29,54.13,33.01,43.5,41.94,42.61,47.28,51.94,60.87,51.46,47.67,54.09,59.9,38.35,36.48,49.42,58.91,35.31,53.99,64.58,77.33,81.89,82.89
2026-04-29,58.33,54.81,56.1,54.81,53.18,56.35,59.69,44.01,50.47,50.82,49.41,53.76,58.0,63.03,58.1,52.82,58.35,62.33,49.18,44.0,55.18,62.7,37.18,54.35,64.98,75.06,81.23,82.79
2026-04-30,48.29,43.46,45.17,46.26,45.0,48.44,51.76,33.96,43.61,43.93,43.28,48.28,51.6,58.1,54.52,47.97,54.84,59.74,46.42,37.97,50.47,60.06,29.22,51.09,61.98,75.78,82.27,83.55
2026-05-01,50.74,48.27,51.4,51.57,49.09,52.73,56.35,39.7,47.78,47.78,47.77,51.57,55.33,62.27,56.84,51.9,56.2,62.1,47.78,42.48,52.56,61.42,32.89,52.23,63.28,74.71,82.23,84.09
2026-05-04,54.71,52.68,55.07,55.54,53.4,56.14,58.97,44.7,52.56,52.21,50.06,55.07,58.49,62.69,59.0,54.11,58.28,63.98,52.09,47.56,56.38,64.47,38.38,54.59,65.69,77.59,83.27,80.95
2026-05-05,49.62,45.32,50.29,51.43,50.76,52.48,56.3,40.27,50.86,50.95,50.38,54.01,57.77,66.13,59.73,55.44,59.73,64.71,50.0,49.43,56.39,64.13,43.13,55.63,65.79,74.33,81.62,80.55
2026-05-06,44.47,42.76,46.98,48.46,46.29,49.71,53.09,39.11,47.78,48.23,46.64,51.2,55.89,62.37,55.3,50.86,55.07,61.03,47.66,43.1,52.22,60.91,34.32,52.22,64.18,74.57,82.5,81.21
2026-05-07,36.64,36.49,42.64,44.59,43.99,48.5,51.61,36.34,47.3,48.8,47.3,51.8,55.91,62.31,56.31,51.8,55.56,61.9,49.1,44.44,54.35,62.37,35.14,52.7,64.52,76.13,83.56,82.49
2026-05-08,42.18,40.18,46.17,46.93,45.71,49.08,52.35,36.66,48.93,49.54,47.55,51.99,57.05,63.5,57.52,53.22,56.44,63.64,49.39,46.01,54.14,64.11,38.96,54.14,68.34,72.85,86.05,88.71
2026-05-11,44.41,46.0,51.48,52.17,50.8,52.63,57.99,45.89,54.68,55.59,52.17,54.91,60.21,64.16,63.13,55.71,58.22,65.34,58.45,51.6,56.85,66.28,40.87,54.34,65.69,69.98,83.55,86.93
2026-05-12,44.37,41.99,48.03,48.86,47.3,50.14,54.08,39.89,50.14,50.32,47.39,50.78,55.58,63.31,59.01,51.51,54.26,61.86,49.13,41.9,49.86,61.2,33.58,50.6,63.07,67.92,82.38,84.91
2026-05-13,35.53,36.76,45.14,46.15,45.25,48.77,53.1,41.56,53.18,53.74,49.72,53.25,57.22,65.59,62.46,53.74,56.5,63.65,54.97,44.47,51.57,62.73,30.95,49.66,62.61,69.51,83.26,85.89
2026-05-14,23.22,25.74,33.58,38.46,36.98,41.31,45.74,31.21,44.38,47.19,44.08,47.99,53.19,59.17,58.28,49.26,53.49,61.4,56.51,43.34,52.9,63.07,27.22,49.33,62.77,72.36,83.89,86.78
2026-05-15,48.2,43.82,47.57,48.98,48.2,52.2,57.56,37.56,48.83,49.77,46.32,51.1,56.75,60.25,56.81,49.61,55.5,63.67,54.93,44.6,56.6,66.08,31.77,56.29,69.13,79.4,87.46,90.19
2026-05-18,19.06,21.53,29.7,31.19,30.69,36.63,43.69,32.18,42.33,43.81,43.56,48.27,54.55,55.94,53.22,48.02,54.7,63.13,51.98,43.07,52.97,65.91,33.91,55.69,71.72,75.5,87.88,91.67
2026-05-19,34.27,41.62,44.04,43.74,51.68,60.52,58.63,51.14,51.66,48.82,61.16,68.25,65.77,50.33,47.91,61.16,72.18,65.63,40.92,62.66,76.81,67.65,82.08,89.77,78.44,93.1,71.16,19.27
2026-05-20,28.18,38.69,40.97,39.85,47.24,56.27,54.36,53.71,51.12,46.25,57.16,65.26,63.29,48.25,40.68,56.97,67.27,62.33,36.75,60.24,73.11,65.02,80.45,88.71,77.72,91.58,72.23,26.05
2026-05-21,21.25,32.36,35.83,35.69,42.04,48.88,46.2,54.58,51.11,46.25,54.33,61.17,58.05,48.89,42.08,53.63,63.27,56.38,35.83,58.1,68.44,58.51,77.65,85.06,68.09,87.29,62.31,19.3
2026-05-22,24.53,33.75,37.81,37.34,43.24,50.0,48.1,52.19,50.0,45.31,53.62,60.53,57.93,50.62,42.19,55.19,63.99,59.14,33.75,58.02,68.55,60.52,78.77,85.53,72.76,87.58,66.03,24.83
2026-05-27,14.33,25.17,28.17,27.98,35.11,39.67,37.8,43.85,41.34,38.33,46.94,53.54,49.6,41.92,33.69,47.82,57.52,52.08,27.3,50.82,63.24,53.87,76.53,84.38,64.58,86.13,55.16,15.18
2026-05-28,7.71,16.0,22.31,21.03,28.22,34.66,33.65,37.97,38.32,34.46,42.51,50.82,46.11,39.72,31.19,44.5,55.74,49.94,21.73,47.54,61.83,52.34,75.53,84.31,66.23,86.89,57.37,16.41
2026-05-29,4.18,10.68,17.65,16.1,23.91,30.59,29.84,32.51,34.21,30.96,38.66,45.65,42.38,36.69,29.41,41.3,52.95,45.4,18.73,43.17,59.78,48.73,72.83,83.85,63.81,87.73,55.4,14.6
2026-06-01,8.53,16.75,21.17,20.7,29.38,36.65,34.95,42.34,43.44,39.34,47.39,54.5,50.65,43.29,35.39,48.34,58.61,52.91,26.7,50.39,64.93,55.83,72.99,84.36,68.45,90.21,62.62,20.06
2026-06-02,4.98,11.86,15.78,17.32,23.01,31.91,30.98,41.28,39.74,36.3,45.43,53.26,48.36,40.33,32.5,46.74,56.94,50.18,24.56,52.08,65.01,55.41,77.82,86.36,68.29,89.8,58.93,16.16
2026-06-03,3.61,9.21,14.91,16.24,22.32,30.01,29.77,38.65,40.08,36.85,45.3,52.71,48.83,44.16,35.04,49.19,57.74,52.43,26.31,51.95,63.82,55.93,76.73,83.76,68.68,87.56,60.51,20.91
2026-06-04,3.17,4.99,9.18,10.54,15.31,22.11,20.77,24.04,25.85,24.6,33.45,42.86,40.26,30.95,28.0,38.66,51.93,45.01,21.66,43.99,60.88,51.62,67.01,82.31,64.62,90.14,60.56,17.05
2026-06-05,46.72,48.81,46.87,43.73,48.51,53.88,51.76,52.09,46.72,42.84,49.4,56.42,51.76,40.45,35.37,47.61,58.96,51.15,29.4,53.28,67.16,56.34,72.69,86.87,66.72,92.09,59.85,13.44
2026-06-08,45.73,48.58,48.43,45.13,48.58,53.67,50.84,50.82,48.43,44.08,50.07,55.32,52.22,47.23,40.18,50.22,57.27,53.29,31.18,51.42,63.57,53.91,68.22,82.91,62.33,88.76,55.9,15.16
2026-06-09,43.64,51.82,51.48,49.09,51.82,56.48,54.12,59.43,56.25,50.8,53.64,58.64,56.45,48.86,44.09,51.25,57.95,54.47,34.43,54.09,64.77,58.19,68.52,81.93,64.0,86.14,59.23,20.79
2026-06-10,69.49,70.67,70.13,68.49,69.22,70.89,69.22,69.58,68.4,63.39,66.12,69.98,67.54,62.39,56.56,61.93,67.61,64.74,47.09,62.11,72.81,65.11,77.23,85.58,70.43,87.68,66.79,26.68
2026-06-11,55.44,56.89,56.67,54.33,57.67,60.98,60.09,56.22,55.22,52.0,55.56,60.76,57.47,52.0,47.11,54.33,62.43,56.78,39.56,58.44,68.67,61.0,74.0,84.17,65.56,86.29,59.86,20.18
2026-06-12,38.24,38.97,39.26,39.56,42.65,47.12,45.32,40.74,40.88,39.41,43.09,49.19,47.89,39.56,38.09,46.03,52.14,49.09,34.56,50.44,60.27,52.57,62.06,73.86,58.46,81.98,53.17,20.39
2026-06-15,22.03,20.82,21.79,19.37,23.0,27.91,24.75,20.34,20.58,20.1,27.12,36.65,32.43,24.94,20.82,33.9,43.69,36.63,21.79,36.56,48.79,39.11,52.3,66.75,49.26,79.13,43.07,12.62
2026-06-16,21.67,20.2,21.18,17.49,22.41,26.11,23.62,19.46,20.69,18.72,25.37,34.98,30.15,24.88,19.21,31.03,42.36,34.67,18.72,34.48,46.06,37.44,52.22,65.02,45.98,74.88,40.95,11.81
2026-06-17,37.5,36.11,33.52,37.1,44.93,40.5,42.37,31.11,26.11,33.72,43.42,36.73,38.78,19.4,34.75,54.31,39.72,42.01,60.85,72.77,53.38,52.24,81.39,45.84,48.83,11.77,24.42,44.52
2026-06-18,23.72,27.74,23.93,27.53,35.2,30.25,33.87,29.68,25.5,31.92,39.88,32.29,35.48,19.23,31.19,47.73,32.29,36.2,55.05,68.28,42.79,45.88,79.61,36.36,43.37,7.84,22.04,47.67
2026-06-23,53.76,51.4,45.77,50.11,57.01,49.65,50.2,44.41,37.98,42.6,54.83,41.13,42.97,27.33,41.26,58.62,39.72,40.56,60.54,72.87,45.74,46.05,82.53,34.75,38.29,6.62,17.94,41.23
2026-06-24,57.47,54.48,48.79,52.36,59.07,51.57,52.19,45.69,39.23,45.0,54.7,42.34,44.39,29.76,44.36,59.16,40.82,42.25,62.18,72.09,45.77,46.95,80.0,33.59,38.72,6.66,18.29,45.35
2026-06-25,61.6,59.53,52.49,56.08,59.03,51.53,51.81,49.72,41.99,46.27,55.42,42.36,42.45,34.25,45.03,58.89,40.42,41.54,58.29,70.69,43.19,44.56,80.69,34.03,37.31,5.69,14.95,41.09
2026-06-26,60.03,58.32,50.23,54.43,58.06,50.08,51.46,48.06,40.9,45.57,54.3,41.78,43.74,33.75,45.41,59.0,40.85,42.02,60.5,70.89,43.82,47.0,79.66,33.65,39.11,5.79,16.64,48.54
2026-06-29,57.84,53.45,44.2,46.08,51.88,42.32,42.63,38.09,31.97,38.09,46.55,34.48,35.1,23.82,37.93,50.16,32.13,33.65,54.7,65.05,35.11,36.86,73.51,26.49,31.25,4.39,11.38,41.19
2026-06-30,51.79,48.93,41.29,42.72,47.85,40.21,40.17,38.42,30.55,37.59,45.23,33.89,34.31,21.24,36.28,48.81,31.98,31.87,56.32,65.27,35.92,36.14,72.55,27.33,29.18,4.65,10.5,34.8
2026-07-01,52.89,52.02,43.83,44.99,51.16,41.99,42.05,45.47,35.65,40.08,49.13,35.91,36.72,24.76,36.61,50.68,32.53,32.87,51.54,65.25,34.94,35.64,77.03,27.22,30.11,4.05,9.67,37.31
2026-07-02,49.3,46.4,41.74,42.67,46.85,38.46,38.5,37.91,33.14,38.02,44.87,33.33,33.61,27.21,38.14,48.83,30.77,31.47,50.81,62.24,31.82,33.25,70.05,21.33,24.31,3.85,8.34,35.04
2026-07-07,48.46,42.79,36.52,40.31,45.15,35.93,36.32,33.81,26.12,34.16,42.91,30.38,31.72,21.39,34.4,46.1,30.14,30.51,51.65,62.88,32.62,33.9,71.16,21.87,24.46,3.66,8.35,32.45
2026-07-08,57.71,53.45,46.55,49.2,52.13,44.75,44.28,43.14,33.87,40.68,49.01,35.0,34.88,24.41,38.41,51.66,33.4,33.53,52.41,65.66,36.23,36.05,78.33,25.54,27.23,3.6,7.66,29.55
2026-07-09,44.47,38.83,33.97,37.58,43.57,35.89,35.68,29.8,25.4,33.07,43.0,30.81,32.68,21.33,35.1,49.55,31.94,32.68,50.68,65.12,35.67,36.26,78.67,25.73,28.29,3.72,8.31,32.56
2026-07-10,37.89,29.72,26.0,29.57,35.51,27.93,27.81,17.68,15.6,23.33,34.47,23.18,22.95,14.26,29.72,43.39,27.04,26.29,46.36,60.92,32.39,31.31,76.23,21.55,24.16,3.42,6.53,29.03
2026-07-13,59.55,53.28,47.31,48.96,51.34,45.97,44.66,40.6,32.99,39.85,46.12,38.51,35.52,25.07,40.3,50.6,36.42,33.69,57.16,64.33,40.75,35.37,68.81,29.7,26.37,6.72,9.45,20.73
2026-07-14,50.23,44.57,40.61,42.65,47.17,40.5,38.96,35.97,30.09,36.99,44.23,35.52,32.25,25.79,38.69,49.89,35.29,32.37,52.15,63.8,39.14,34.45,73.08,29.52,26.13,6.0,7.51,20.92
2026-07-15,38.8,32.82,28.65,32.28,37.72,30.43,28.88,25.48,19.76,28.92,37.99,27.61,26.93,16.05,33.45,44.51,29.7,27.48,50.86,61.11,34.42,32.03,68.99,24.89,23.49,4.45,7.34,23.58
2026-07-16,51.11,48.34,41.92,43.25,47.9,40.95,39.84,42.04,31.86,36.84,44.47,35.63,32.58,19.91,34.85,46.9,32.3,30.19,47.9,60.73,36.63,33.48,72.79,28.3,26.22,4.99,7.83,23.61
2026-07-17,73.94,69.99,64.57,63.4,64.42,58.53,58.35,57.98,49.78,50.51,53.15,45.44,45.56,36.02,43.48,50.37,38.97,37.14,52.27,62.08,38.09,36.39,71.6,29.26,28.87,5.74,10.38,30.98
2026-07-20,74.22,69.4,65.54,63.37,65.06,58.45,57.39,53.25,50.12,52.05,55.18,44.69,44.09,39.04,46.75,55.42,41.3,37.44,58.07,65.06,39.86,34.73,71.57,28.5,26.35,4.59,7.64,22.66
2026-07-21,50.25,46.08,41.42,44.85,49.26,42.89,41.25,37.99,33.58,40.2,44.12,35.78,34.0,24.51,39.71,47.79,32.35,31.25,52.94,61.76,35.78,32.75,68.38,24.51,25.25,4.66,8.5,25.75
2026-07-22,40.58,35.41,39.22,44.51,34.97,34.16,36.03,26.82,37.97,45.78,30.43,29.51,32.09,49.55,64.01,31.45,29.98,33.58,68.81,21.15,21.06,26.76,3.34,6.93,14.07,27.99,37.74,49.25
2026-07-23,63.69,58.46,59.01,63.14,52.84,50.9,51.88,44.84,52.13,60.11,43.15,40.66,41.65,60.66,69.6,40.94,40.66,42.11,74.28,27.8,30.43,33.38,4.01,10.79,17.44,34.72,41.8,46.77
2026-07-24,60.68,53.56,53.25,58.36,46.11,43.46,45.05,36.53,43.5,53.25,36.45,35.05,36.18,56.35,65.63,37.38,35.36,38.57,73.84,26.17,25.23,30.72,3.58,7.79,14.85,26.79,36.86,53.75
2026-07-27,63.65,57.41,57.57,59.28,49.45,47.43,48.33,38.85,44.93,53.2,39.0,36.35,37.16,56.63,66.3,36.19,34.95,36.04,71.45,26.83,25.27,28.71,4.21,9.36,15.15,28.24,35.25,44.02
2026-07-28,63.66,56.53,55.34,58.31,47.98,45.49,47.02,37.53,43.71,51.78,37.65,35.39,36.82,52.97,63.06,36.7,33.85,35.84,70.67,27.2,25.42,29.4,4.87,9.62,15.8,26.25,35.36,47.87
2026-07-29,78.6,72.55,72.94,73.7,63.56,61.35,63.03,58.25,61.8,66.7,51.44,50.19,50.93,67.08,70.35,46.83,43.65,45.82,75.24,32.4,32.88,36.28,5.96,12.12,18.98,34.33,43.36,51.23
2026-07-30,56.78,48.9,48.09,52.26,44.72,43.44,44.18,31.17,40.67,47.39,37.51,35.54,37.05,53.88,61.65,39.49,37.4,39.43,67.44,29.62,28.8,33.25,6.85,12.08,18.05,29.15,36.58,46.32
2026-07-31,46.7,37.33,38.4,42.4,36.83,34.67,35.91,23.96,31.95,40.4,31.43,29.12,31.18,45.31,55.45,33.28,32.36,33.54,64.06,26.66,25.89,29.13,6.63,11.25,16.69,24.5,33.86,44.72
2026-08-03,44.04,35.89,38.71,45.3,36.05,33.23,35.47,24.76,34.8,43.89,30.09,29.78,31.46,48.12,55.96,34.17,31.03,34.67,66.46,24.76,24.45,30.02,5.33,9.56,15.73,23.67,33.39,48.31
2026-08-04,46.94,40.24,41.76,49.41,39.41,37.06,39.28,27.88,38.24,48.0,33.65,31.88,35.06,50.0,60.12,36.59,34.35,38.31,72.82,28.12,27.29,33.01,5.06,10.24,17.71,26.59,38.67,57.23
2026-08-05,42.56,31.54,34.84,41.05,33.15,31.73,33.37,17.7,28.72,40.58,26.74,27.4,29.22,46.7,55.56,33.43,31.36,33.65,67.23,24.39,23.82,27.97,4.61,9.42,13.69,23.26,31.63,41.76
2026-08-06,33.6,25.39,29.66,34.38,26.29,24.72,26.9,14.38,24.38,34.83,22.58,21.8,25.29,42.7,50.34,30.11,27.19,31.15,61.01,21.69,20.67,26.21,4.16,6.85,12.18,18.54,30.34,49.89
2026-08-07,25.44,18.34,23.67,31.51,22.34,21.3,23.9,11.09,24.26,36.83,21.89,23.08,26.02,47.34,55.33,33.14,31.07,34.04,67.16,22.63,22.63,27.84,3.7,7.25,12.25,21.75,33.74,50.08
2026-08-10,31.65,23.77,28.53,37.3,28.38,28.68,29.59,16.2,28.38,40.71,26.75,27.34,28.98,48.44,59.44,33.73,31.8,35.2,72.36,23.33,24.37,27.62,2.67,5.5,12.59,25.85,34.6,47.95
2026-08-11,33.11,25.0,28.6,36.37,27.36,27.36,28.65,14.98,26.58,38.63,24.66,25.9,28.19,44.93,55.07,31.87,30.74,34.64,69.14,22.86,23.65,29.0,2.93,6.76,14.84,26.24,37.86,55.7
2026-08-12,19.58,13.72,16.79,23.92,16.88,16.09,18.67,9.03,18.05,31.5,18.14,18.81,20.98,40.88,51.71,27.71,26.22,28.65,63.81,20.67,20.16,24.21,2.71,4.07,10.44,20.98,30.41,45.29
2026-08-13,15.75,12.22,15.75,23.9,15.64,15.58,18.53,10.9,21.15,35.13,19.16,20.0,23.73,43.17,53.19,28.41,27.62,31.41,67.84,20.48,21.33,25.65,2.2,3.76,10.85,23.98,35.25,52.2
2026-08-14,9.18,5.54,9.48,17.78,9.77,9.37,12.57,6.41,15.16,28.72,14.87,17.13,19.91,40.96,51.9,26.24,25.77,29.19,67.2,19.1,19.77,25.0,2.04,3.22,10.48,23.87,35.48,52.54
2026-08-17,17.03,12.47,15.83,23.02,14.63,15.14,17.4,10.55,18.94,31.89,18.47,19.47,22.3,44.12,55.4,32.37,30.05,32.6,67.87,25.42,23.32,27.45,2.88,7.45,12.75,22.6,33.09,50.49
2026-08-18,20.98,16.34,21.71,29.02,19.76,20.0,20.9,14.63,23.66,38.29,23.41,24.15,26.87,43.41,56.34,34.88,32.44,34.83,71.46,27.32,26.83,29.35,2.93,8.78,13.93,27.56,36.32,46.02
2026-08-19,12.15,18.09,27.29,15.73,16.84,19.49,21.36,35.84,45.16,23.6,24.61,27.25,28.27,58.58,17.54,19.61,22.71,26.04,2.26,4.63,11.16,16.15,23.77,34.44,33.48,46.17,41.45,34.22
2026-08-20,20.27,27.12,35.21,22.6,23.42,26.03,26.95,42.19,51.37,29.86,29.34,31.82,30.54,63.84,23.97,24.1,27.0,28.14,2.6,6.61,14.05,17.07,25.9,35.4,33.08,44.49,37.13,30.84
2026-08-21,19.57,23.42,32.2,20.65,21.4,22.79,22.75,39.75,48.07,27.43,27.13,28.37,28.35,61.17,22.8,21.55,23.88,25.81,2.47,5.74,11.63,14.77,24.03,30.7,29.03,37.36,34.63,31.07
2026-08-24,29.97,32.61,40.22,29.5,29.35,29.35,30.48,41.15,51.55,31.99,29.81,31.37,30.95,66.3,24.53,22.36,26.55,27.94,3.73,7.76,13.66,16.19,23.76,31.37,32.06,40.53,36.35,30.63
2026-08-25,21.39,26.71,35.93,25.89,24.94,25.77,26.84,37.47,50.47,31.09,27.9,30.14,29.99,67.61,23.64,21.75,27.3,27.45,3.31,7.33,13.24,15.11,22.93,33.33,32.16,44.8,37.61,26.6
2026-08-26,22.35,28.18,37.34,27.6,26.22,27.08,28.77,39.92,51.67,32.66,30.05,31.29,32.0,68.0,25.98,22.97,27.18,28.86,3.92,7.94,13.11,16.24,22.11,31.58,33.46,42.11,38.94,34.15
2026-08-27,14.19,22.15,31.26,21.91,20.35,22.43,22.7,35.41,47.98,29.64,27.17,28.79,29.31,65.51,23.88,21.04,24.39,26.12,3.81,7.51,12.14,15.25,21.04,29.71,30.5,38.73,34.87,32.15
2026-08-28,19.57,28.29,37.0,27.06,26.69,26.53,28.06,45.87,54.59,33.33,31.9,32.98,32.45,67.58,24.62,21.47,26.69,27.59,3.36,6.29,12.88,15.67,23.01,32.67,32.76,42.48,36.99,32.45
2026-08-31,14.51,26.05,34.17,22.0,20.9,23.24,23.32,50.7,57.1,32.29,29.95,31.98,31.47,64.74,22.62,21.37,26.21,24.76,3.12,4.84,11.23,12.62,20.9,30.89,28.43,41.97,32.91,23.32
2026-09-01,28.22,40.98,50.47,37.24,36.18,36.53,37.05,57.85,66.04,44.61,41.8,41.22,40.77,75.88,32.08,29.98,33.37,34.17,5.5,8.55,15.34,18.47,22.83,33.14,34.17,41.57,39.69,35.25
2026-09-02,17.9,28.02,36.46,27.27,26.43,29.15,30.04,49.39,56.23,37.86,34.86,34.86,35.8,66.54,29.15,26.34,30.46,31.77,5.81,9.0,16.03,19.1,22.49,31.77,33.49,40.21,39.25,37.91
2026-09-03,13.65,20.81,30.31,20.81,20.25,22.6,23.23,43.18,51.12,31.66,30.2,32.21,33.3,63.2,25.28,23.04,29.19,29.75,5.59,7.72,16.22,17.73,21.59,35.46,33.3,45.86,39.13,29.06
2026-09-04,16.64,27.98,36.38,27.25,25.77,28.57,28.16,51.99,56.85,38.29,35.94,36.67,35.99,65.24,28.72,25.77,30.49,30.57,6.04,8.54,16.35,17.17,25.33,34.17,32.23,40.21,35.39,27.86
2026-09-09,38.16,46.44,53.29,44.73,44.19,45.18,45.16,57.7,62.92,49.32,46.89,47.88,47.93,69.67,42.39,42.03,42.92,42.21,10.98,19.08,25.88,26.54,35.91,40.85,38.34,40.58,39.63,34.65
2026-09-10,61.36,64.22,68.28,61.58,58.95,59.47,59.57,66.85,71.24,59.06,54.01,54.96,54.73,75.19,50.49,47.31,49.45,48.65,16.47,24.04,32.93,34.23,36.0,45.48,43.47,53.3,47.07,36.49
2026-09-11,31.35,40.06,47.46,41.07,40.2,41.84,42.03,53.27,59.36,46.44,45.14,46.06,47.09,67.2,40.35,41.51,43.29,42.03,10.6,20.03,27.7,28.32,36.43,41.84,40.24,44.17,41.43,35.32
2026-09-14,40.81,49.16,55.13,48.93,49.88,50.96,51.46,63.01,66.11,54.65,50.12,52.63,51.22,69.93,44.87,45.35,48.8,46.34,16.47,27.21,34.45,33.66,38.9,46.41,42.44,50.48,45.12,34.63
2026-09-15,45.39,56.07,58.74,53.16,52.91,53.88,54.7,68.2,67.96,56.31,53.64,54.85,53.96,66.75,43.2,44.9,48.3,46.78,14.81,28.64,35.68,36.39,46.12,50.0,47.28,49.76,48.02,39.6
2026-09-16,68.04,67.77,51.77,55.52,60.87,60.19,61.28,65.01,39.75,40.26,48.28,48.06,49.91,11.88,22.67,33.28,35.3,38.72,46.66,61.02,54.12,53.11,71.66,55.68,56.31,38.41,44.76,46.18
2026-09-17,53.37,53.92,42.8,42.09,47.31,48.14,48.76,51.44,33.62,32.66,37.28,37.89,39.54,11.3,19.45,28.14,29.19,32.09,39.77,49.1,44.72,45.04,63.77,51.86,51.6,40.68,41.84,37.41
2026-09-18,54.26,52.88,42.74,42.9,47.38,47.91,48.5,47.8,33.29,32.75,37.07,37.05,38.58,13.26,21.01,29.6,29.61,32.92,41.74,49.48,43.57,44.96,58.89,50.08,50.44,37.36,40.18,39.12
2026-09-21,56.79,55.69,43.94,44.57,48.36,47.99,,50.34,33.38,33.57,37.31,36.69,,12.11,20.98,28.81,28.02,,43.42,49.7,40.87,,54.93,46.13,,32.97,,
